1 , 39.78
2 , 31.3
3 , 30.65
4 , 30.21
5 , 30.53
6 , 30.09
7 , 30.26
8 , 29.88
9 , 32.79
10 , 37.9
11 , 31.56
12 , 30.07
13 , 30.33
14 , 29.9
15 , 30.17
16 , 32.27
17 , 32.75
18 , 30.71
19 , 30.29
20 , 29.87
21 , 30.19
22 , 29.96
23 , 30.12
24 , 29.74
25 , 30.03
26 , 29.83
27 , 30.16
28 , 29.78
29 , 30.06
30 , 29.82
31 , 30.0
32 , 29.81
33 , 30.18
34 , 29.82
35 , 29.93
36 , 29.93
37 , 29.87
38 , 29.92
39 , 30.14
40 , 29.84
41 , 30.0
42 , 29.93
43 , 30.0
44 , 29.76
45 , 29.99
46 , 29.91
47 , 30.23
48 , 29.83
49 , 30.12
50 , 29.89
51 , 29.99
52 , 29.97
53 , 29.88
54 , 29.87
55 , 29.95
56 , 29.89
57 , 29.97
58 , 29.79
59 , 29.99
60 , 29.91
61 , 29.91
62 , 29.89
63 , 29.95
64 , 29.91
65 , 30.07
66 , 30.2
67 , 31.41
68 , 30.18
69 , 27.67
70 , 26.12
71 , 19.67
72 , 18.77
73 , 17.76
74 , 17.35
75 , 16.39
76 , 15.71
77 , 15.05
78 , 14.71
79 , 17.24
80 , 17.99
81 , 13.73
82 , 12.27
83 , 11.67
84 , 11.53
85 , 10.97
86 , 10.82
87 , 10.27
88 , 9.89
89 , 9.57
90 , 9.18
91 , 8.9
92 , 8.74
93 , 8.18
94 , 8.02
95 , 7.72
96 , 7.55
97 , 7.25
98 , 7.09
99 , 6.55
100 , 6.38
101 , 6.32
102 , 6.14
103 , 5.86
104 , 5.74
105 , 5.4
106 , 5.22
107 , 4.94
108 , 4.98
109 , 4.71
110 , 4.52
111 , 4.25
112 , 4.29
113 , 4.02
114 , 4.05
115 , 3.79
116 , 3.58
117 , 3.56
118 , 3.35
119 , 3.32
120 , 3.12
121 , 3.09
122 , 2.88
123 , 2.86
124 , 2.88
125 , 2.63
126 , 2.66
127 , 2.4
128 , 2.41
129 , 2.39
130 , 2.19
131 , 2.16
132 , 2.19
133 , 1.93
134 , 1.96
135 , 1.93
136 , 1.72
137 , 1.7
138 , 1.72
139 , 1.71
140 , 1.49
141 , 1.48
142 , 1.49
143 , 1.47
144 , 1.26
145 , 1.24
146 , 1.25
147 , 1.24
148 , 1.25
149 , 1.01
150 , 1.02
151 , 1.01
152 , 1.02
153 , 1.01
154 , 1.03
155 , 0.78
156 , 0.79
157 , 0.78
158 , 0.79
159 , 0.78
160 , 0.79
161 , 0.78
162 , 0.56
163 , 0.55
164 , 0.56
165 , 0.55
166 , 0.56
167 , 0.55
168 , 0.56
169 , 0.55
170 , 0.55
171 , 0.55
172 , 0.56
173 , 0.55
174 , 0.32
175 , 0.32
176 , 0.32
177 , 0.31
178 , 0.32
179 , 0.31
180 , 0.32
181 , 0.32
182 , 0.32
183 , 0.31
184 , 0.32
185 , 0.31
186 , 0.32
187 , 0.31
188 , 0.32
189 , 0.32
190 , 0.32
191 , 0.32
192 , 0.08
193 , 0.08
194 , 0.08
195 , 0.08
196 , 0.08
197 , 0.08
198 , 0.08
199 , 0.08
200 , 0.08
201 , 0.08
202 , 0.08
203 , 0.08
204 , 0.08
205 , 0.08
206 , 0.08
207 , 0.08
208 , 0.08
209 , 0.08
210 , 0.08
211 , 0.08
212 , 0.08
213 , 0.08
214 , 0.08
215 , 0.08
216 , 0.08
217 , 0.08
218 , 0.08
219 , 0.08
220 , 0.08
221 , 0.08
222 , 0.08
223 , 0.08
224 , 0.08
225 , 0.08
226 , 0.08
227 , 0.08
228 , 0.08
229 , 0.09
230 , 0.08
231 , 0.08
232 , 0.08
233 , 0.08
234 , 0.08
235 , 0.08
236 , 0.08
237 , 0.08
238 , 0.08
239 , 0.08
240 , 0.08
241 , 0.08
242 , 0.08
243 , 0.08
244 , 0.08
245 , 0.08
246 , 0.08
247 , 0.08
248 , 0.12
249 , 0.08
250 , 28.66
251 , 27.56
252 , 26.61
253 , 26.63
254 , 26.48
255 , 26.68
256 , 26.09
257 , 26.25
258 , 26.23
259 , 26.55
260 , 26.16
261 , 26.18
262 , 26.03
263 , 26.17
264 , 26.01
265 , 26.23
266 , 26.03
267 , 26.2
268 , 25.96
269 , 26.23
270 , 25.95
271 , 26.13
272 , 26.0
273 , 26.26
274 , 26.17
275 , 26.15
276 , 25.96
277 , 26.15
278 , 25.96
279 , 26.06
280 , 25.95
281 , 26.18
282 , 25.93
283 , 26.13
284 , 26.05
285 , 26.16
286 , 25.95
287 , 26.11
288 , 25.96
289 , 26.23
290 , 25.94
291 , 26.12
292 , 26.04
293 , 26.29
294 , 25.9
295 , 26.12
296 , 25.91
297 , 26.17
298 , 25.94
299 , 26.13
300 , 25.94
301 , 26.11
302 , 25.93
303 , 26.09
304 , 26.06
305 , 26.09
306 , 25.91
307 , 29.46
308 , 26.55
309 , 26.32
310 , 26.02
311 , 26.26
312 , 26.23
313 , 26.13
314 , 25.9
315 , 26.15
316 , 25.96
317 , 26.07
318 , 26.02
319 , 26.22
320 , 25.94
321 , 26.15
322 , 25.93
323 , 26.08
324 , 25.91
325 , 26.12
326 , 25.85
327 , 24.88
328 , 24.19
329 , 22.3
330 , 21.4
331 , 19.98
332 , 19.11
333 , 18.03
334 , 17.29
335 , 16.62
336 , 15.95
337 , 15.37
338 , 14.66
339 , 14.26
340 , 13.69
341 , 13.1
342 , 12.73
343 , 12.15
344 , 11.76
345 , 11.26
346 , 11.12
347 , 10.53
348 , 10.18
349 , 9.82
350 , 9.46
351 , 8.88
352 , 8.77
353 , 8.42
354 , 8.06
355 , 7.72
356 , 7.62
357 , 7.25
358 , 7.08
359 , 6.55
360 , 6.38
361 , 6.1
362 , 5.92
363 , 5.86
364 , 5.69
365 , 5.4
366 , 5.22
367 , 4.95
368 , 4.75
369 , 4.71
370 , 4.52
371 , 4.25
372 , 4.28
373 , 4.02
374 , 3.82
375 , 3.79
376 , 3.59
377 , 3.56
378 , 3.36
379 , 3.33
380 , 3.12
381 , 3.09
382 , 2.89
383 , 2.87
384 , 2.65
385 , 2.62
386 , 2.42
387 , 2.39
388 , 2.42
389 , 2.17
390 , 2.18
391 , 2.17
392 , 1.95
393 , 1.94
394 , 1.95
395 , 1.71
396 , 1.72
397 , 1.71
398 , 1.49
399 , 1.48
400 , 1.5
401 , 1.47
402 , 1.49
403 , 1.26
404 , 1.25
405 , 1.24
406 , 1.26
407 , 1.24
408 , 1.02
409 , 1.02
410 , 1.02
411 , 1.02
412 , 1.02
413 , 1.03
414 , 0.79
415 , 0.78
416 , 0.79
417 , 0.79
418 , 0.8
419 , 0.78
420 , 0.79
421 , 0.78
422 , 0.56
423 , 0.55
424 , 0.56
425 , 0.55
426 , 0.56
427 , 0.55
428 , 0.56
429 , 0.55
430 , 0.57
431 , 0.55
432 , 0.32
433 , 0.32
434 , 0.33
435 , 0.32
436 , 0.32
437 , 0.31
438 , 0.32
439 , 0.39
440 , 0.32
441 , 0.32
442 , 0.32
443 , 0.32
444 , 0.32
445 , 0.32
446 , 0.32
447 , 0.32
448 , 0.32
449 , 0.09
450 , 0.09
451 , 0.09
452 , 0.08
453 , 0.08
454 , 0.09
455 , 0.08
456 , 0.08
457 , 30.71
458 , 27.4
459 , 26.45
460 , 26.7
461 , 27.86
462 , 26.25
463 , 26.26
464 , 26.12
465 , 26.14
466 , 25.97
467 , 26.07
468 , 25.9
469 , 26.03
470 , 25.92
471 , 26.18
472 , 25.93
473 , 26.1
474 , 25.91
475 , 26.23
476 , 26.05
477 , 26.02
478 , 25.89
479 , 26.03
480 , 25.93
481 , 25.9
482 , 25.9
483 , 25.84
484 , 25.8
485 , 25.84
486 , 25.85
487 , 26.01
488 , 25.86
489 , 25.89
490 , 25.89
491 , 26.05
492 , 25.9
493 , 26.05
494 , 26.09
495 , 26.2
496 , 25.89
497 , 26.04
498 , 25.87
499 , 26.05
500 , 25.87
501 , 25.95
502 , 25.98
503 , 25.87
504 , 25.86
505 , 25.98
506 , 25.92
507 , 25.93
508 , 25.89
509 , 25.85
510 , 25.97
511 , 25.98
512 , 25.9
513 , 25.96
514 , 26.09
515 , 25.9
516 , 25.87
517 , 25.98
518 , 26.16
519 , 25.99
520 , 25.91
521 , 25.95
522 , 25.92
523 , 25.9
524 , 25.85
525 , 25.97
526 , 25.91
527 , 25.95
528 , 25.98
529 , 25.97
530 , 25.92
531 , 26.05
532 , 30.13
533 , 30.25
534 , 25.97
535 , 25.76
536 , 25.47
537 , 25.56
538 , 24.5
539 , 23.51
540 , 23.64
541 , 22.64
542 , 21.35
543 , 20.17
544 , 19.39
545 , 19.23
546 , 19.35
547 , 19.18
548 , 18.69
549 , 17.7
550 , 17.02
551 , 16.41
552 , 16.49
553 , 16.35
554 , 16.45
555 , 16.08
556 , 15.71
557 , 15.11
558 , 14.4
559 , 13.81
560 , 13.91
561 , 13.81
562 , 13.9
563 , 13.82
564 , 13.74
565 , 13.11
566 , 12.72
567 , 12.14
568 , 11.78
569 , 11.46
570 , 11.55
571 , 11.43
572 , 11.53
573 , 11.43
574 , 11.53
575 , 11.2
576 , 10.81
577 , 10.49
578 , 10.11
579 , 9.8
580 , 9.66
581 , 9.11
582 , 9.25
583 , 9.12
584 , 9.18
585 , 9.12
586 , 9.18
587 , 9.11
588 , 9.18
589 , 8.87
590 , 8.71
591 , 8.18
592 , 8.01
593 , 7.71
594 , 7.55
595 , 7.03
596 , 6.85
597 , 6.81
598 , 6.86
599 , 6.8
600 , 6.85
601 , 6.79
602 , 6.85
603 , 6.79
604 , 6.85
605 , 6.78
606 , 6.85
607 , 6.62
608 , 6.37
609 , 6.09
610 , 5.91
611 , 5.64
612 , 5.45
613 , 5.17
614 , 4.99
615 , 4.95
616 , 4.75
617 , 4.48
618 , 4.52
619 , 4.48
620 , 4.51
621 , 4.48
622 , 4.51
623 , 4.48
624 , 4.51
625 , 4.47
626 , 4.51
627 , 4.48
628 , 4.51
629 , 4.48
630 , 4.51
631 , 4.48
632 , 4.52
633 , 4.49
634 , 4.29
635 , 4.02
636 , 4.06
637 , 3.79
638 , 3.58
639 , 3.55
640 , 3.35
641 , 3.32
642 , 3.12
643 , 3.09
644 , 2.88
645 , 2.86
646 , 2.66
647 , 2.63
648 , 2.65
649 , 2.4
650 , 2.41
651 , 2.17
652 , 2.18
653 , 2.17
654 , 2.19
655 , 2.16
656 , 2.19
657 , 2.16
658 , 2.24
659 , 2.16
660 , 2.19
661 , 2.16
662 , 2.19
663 , 2.17
664 , 2.19
665 , 2.17
666 , 2.19
667 , 0.1
668 , 0.08
669 , 0.08
670 , 0.08
671 , 0.09
672 , 0.08
673 , 0.08
674 , 0.08
675 , 0.08
676 , 0.08
677 , 0.08
678 , 0.08
679 , 0.08
680 , 0.08
681 , 0.08
682 , 0.08
683 , 0.08
684 , 0.08
685 , 0.08
686 , 0.08
687 , 0.08
688 , 0.08
689 , 0.08
690 , 0.08
691 , 0.08
692 , 0.08
693 , 0.08
694 , 0.08
695 , 0.08
696 , 0.08
697 , 0.08
698 , 0.08
699 , 0.08
700 , 0.08
701 , 0.08
702 , 0.08
703 , 0.08
704 , 0.08
705 , 0.08
706 , 0.08
707 , 0.08
708 , 0.08
709 , 0.08
710 , 0.08
711 , 0.09
712 , 0.08
713 , 0.08
714 , 0.08
715 , 0.08
716 , 0.08
717 , 0.08
718 , 0.08
719 , 0.08
720 , 0.08
721 , 0.08
722 , 0.08
723 , 0.08
724 , 0.08
725 , 0.08
726 , 0.08
727 , 0.08
728 , 0.08
729 , 0.08
730 , 0.08
731 , 0.08
732 , 0.08
733 , 0.08
734 , 0.08
735 , 0.08
736 , 0.08
737 , 0.08
738 , 0.08
739 , 0.08
740 , 0.08
741 , 0.08
742 , 0.08
743 , 0.08
744 , 0.08
745 , 0.08
746 , 0.08
747 , 0.08
748 , 0.08
749 , 0.08
750 , 0.08
751 , 0.08
752 , 0.08
753 , 0.08
754 , 0.08
755 , 0.08
756 , 0.08
757 , 0.08
758 , 0.08
759 , 0.08
760 , 0.08
761 , 0.08
762 , 0.08
763 , 0.08
764 , 0.08
765 , 0.08
766 , 0.08
767 , 0.08
768 , 0.08
769 , 0.08
770 , 0.08
771 , 0.08
772 , 0.08
773 , 0.08
774 , 0.08
775 , 0.08
776 , 0.08
777 , 0.08
778 , 0.08
779 , 0.08
780 , 0.08
781 , 0.08
782 , 0.08
783 , 0.08
784 , 0.08
785 , 0.08
786 , 0.08
787 , 0.08
788 , 0.08
789 , 0.08
790 , 0.08
791 , 0.08
792 , 0.08
793 , 0.08
794 , 0.08
795 , 0.08
796 , 0.08
797 , 0.08
798 , 0.08
799 , 0.08
800 , 0.08
801 , 0.08
802 , 0.08
803 , 0.08
804 , 0.08
805 , 0.08
806 , 0.08
807 , 0.08
808 , 0.08
809 , 0.08
810 , 0.08
811 , 0.08
812 , 0.08
813 , 0.08
814 , 0.08
815 , 0.09
816 , 0.08
817 , 0.08
818 , 0.08
819 , 0.08
820 , 0.08
821 , 0.08
822 , 0.08
823 , 0.08
824 , 0.08
825 , 0.08
826 , 0.08
827 , 0.08
828 , 0.08
829 , 0.08
830 , 0.08
831 , 0.08
832 , 0.08
833 , 0.08
834 , 0.08
835 , 0.08
836 , 0.08
837 , 0.08
838 , 0.08
839 , 0.08
840 , 0.08
841 , 0.08
842 , 0.08
843 , 0.08
844 , 0.08
845 , 0.08
846 , 0.08
847 , 0.08
848 , 0.08
849 , 0.08
850 , 0.09
851 , 0.08
852 , 0.08
853 , 0.08
854 , 0.08
855 , 0.08
856 , 0.08
857 , 0.08
858 , 0.08
859 , 0.08
860 , 0.08
861 , 0.08
862 , 0.08
863 , 0.08
864 , 0.08
865 , 0.08
866 , 0.08
867 , 0.08
868 , 0.08
869 , 0.08
870 , 0.08
871 , 0.08
872 , 0.08
873 , 0.08
874 , 0.08
875 , 0.08
876 , 0.08
877 , 0.08
878 , 0.08
879 , 0.08
880 , 0.08
881 , 0.08
882 , 0.08
883 , 0.08
884 , 0.08
885 , 0.09
886 , 0.08
887 , 0.08
888 , 0.08
889 , 0.08
890 , 0.08
891 , 0.08
892 , 0.08
893 , 0.08
894 , 0.08
895 , 0.08
896 , 0.08
897 , 0.08
898 , 0.08
899 , 0.08
900 , 0.08
901 , 0.08
902 , 0.08
903 , 0.08
904 , 0.08
905 , 0.08
906 , 0.08
907 , 0.08
908 , 0.08
909 , 0.08
910 , 0.08
911 , 0.08
912 , 0.08
913 , 0.08
914 , 0.08
915 , 0.08
916 , 0.08
917 , 0.08
918 , 0.08
919 , 0.08
920 , 0.08
921 , 0.08
922 , 0.08
923 , 0.08
924 , 0.08
925 , 0.08
926 , 0.08
927 , 0.08
928 , 0.08
929 , 0.08
930 , 0.08
931 , 0.08
932 , 0.08
933 , 0.08
934 , 0.08
935 , 0.08
936 , 0.08
937 , 0.08
938 , 0.08
939 , 0.08
940 , 0.08
941 , 0.08
942 , 0.08
943 , 0.08
944 , 0.08
945 , 0.08
946 , 0.08
947 , 0.08
948 , 0.08
949 , 0.08
950 , 0.08
951 , 0.08
952 , 0.08
953 , 0.08
954 , 0.08
955 , 0.08
956 , 0.08
957 , 0.08
958 , 0.08
959 , 0.08
960 , 0.08
961 , 0.08
962 , 0.08
963 , 0.08
964 , 0.08
965 , 0.08
966 , 0.08
967 , 0.08
968 , 0.08
969 , 0.08
970 , 0.08
971 , 0.08
972 , 0.08
973 , 0.08
974 , 0.08
975 , 0.08
976 , 0.08
977 , 0.08
978 , 0.08
979 , 0.08
980 , 0.08
981 , 0.08
982 , 0.08
983 , 0.08
984 , 0.08
985 , 0.08
986 , 0.08
987 , 0.08
988 , 0.08
989 , 0.08
990 , 0.09
991 , 0.08
992 , 0.08
993 , 0.08
994 , 0.08
995 , 0.08
996 , 0.08
997 , 0.08
998 , 0.08
999 , 0.08
1000 , 0.08
1001 , 0.08
1002 , 0.08
1003 , 0.08
1004 , 0.08
1005 , 0.08
1006 , 0.08
1007 , 0.08
1008 , 0.08
1009 , 0.08
1010 , 0.08
1011 , 0.08
1012 , 0.08
1013 , 0.08
1014 , 0.08
1015 , 0.08
1016 , 0.08
1017 , 0.08
1018 , 0.08
1019 , 0.08
1020 , 0.08
1021 , 0.08
1022 , 0.08
1023 , 0.08
1024 , 0.08
1025 , 0.08
1026 , 0.08
1027 , 0.08
1028 , 0.08
1029 , 0.08
1030 , 0.08
1031 , 0.08
1032 , 0.08
1033 , 0.08
1034 , 0.08
1035 , 0.08
1036 , 0.08
1037 , 0.08
1038 , 0.08
1039 , 0.08
1040 , 0.08
1041 , 0.08
1042 , 0.08
1043 , 0.08
1044 , 0.08
1045 , 0.08
1046 , 0.08
1047 , 0.08
1048 , 0.08
1049 , 0.08
1050 , 0.08
1051 , 0.08
1052 , 0.08
1053 , 0.08
1054 , 0.08
1055 , 0.08
1056 , 0.08
1057 , 0.08
1058 , 0.08
1059 , 0.08
1060 , 0.09
1061 , 0.08
1062 , 0.08
1063 , 0.08
1064 , 0.08
1065 , 0.08
1066 , 0.08
1067 , 0.08
1068 , 0.08
1069 , 0.08
1070 , 0.08
1071 , 0.08
1072 , 0.08
1073 , 0.08
1074 , 0.08
1075 , 0.08
1076 , 0.08
1077 , 0.08
1078 , 0.08
1079 , 0.08
1080 , 0.08
1081 , 0.08
1082 , 0.08
1083 , 0.08
1084 , 0.08
1085 , 0.08
1086 , 0.08
1087 , 0.08
1088 , 0.08
1089 , 0.08
1090 , 0.08
1091 , 0.08
1092 , 0.08
1093 , 0.08
1094 , 0.08
1095 , 0.09
1096 , 0.08
1097 , 0.08
1098 , 1.71
1099 , 1.46
1100 , 1.49
1101 , 1.47
1102 , 1.48
1103 , 1.46
1104 , 1.25
1105 , 1.24
1106 , 1.25
1107 , 1.23
1108 , 1.26
1109 , 1.01
1110 , 1.02
1111 , 1.0
1112 , 1.02
1113 , 1.0
1114 , 1.02
1115 , 0.78
1116 , 0.79
1117 , 0.77
1118 , 0.78
1119 , 0.77
1120 , 0.79
1121 , 0.78
1122 , 0.79
1123 , 0.78
1124 , 0.55
1125 , 0.54
1126 , 0.55
1127 , 0.55
1128 , 0.55
1129 , 0.54
1130 , 0.55
1131 , 0.54
1132 , 0.55
1133 , 0.54
1134 , 0.32
1135 , 0.31
1136 , 0.32
1137 , 0.31
1138 , 0.32
1139 , 0.31
1140 , 0.31
1141 , 0.31
1142 , 0.32
1143 , 0.31
1144 , 0.32
1145 , 0.31
1146 , 0.32
1147 , 0.31
1148 , 0.32
1149 , 0.31
1150 , 0.32
1151 , 0.31
1152 , 0.08
1153 , 0.08
1154 , 0.08
1155 , 0.08
1156 , 0.08
1157 , 0.08
1158 , 0.08
1159 , 0.08
1160 , 0.08
1161 , 0.08
1162 , 0.08
1163 , 0.08
1164 , 0.08
1165 , 0.08
1166 , 0.08
1167 , 0.08
1168 , 0.08
1169 , 0.08
1170 , 0.08
1171 , 0.08
1172 , 0.08
1173 , 0.08
1174 , 0.08
1175 , 0.08
1176 , 0.08
1177 , 0.08
1178 , 0.08
1179 , 0.08
1180 , 0.08
1181 , 0.08
1182 , 0.08
1183 , 0.08
1184 , 0.08
1185 , 0.08
1186 , 0.08
1187 , 0.08
1188 , 0.08
1189 , 0.08
1190 , 0.08
1191 , 0.08
1192 , 0.08
1193 , 0.08
1194 , 0.08
1195 , 0.08
1196 , 0.08
1197 , 0.08
1198 , 0.08
1199 , 0.08
1200 , 0.08
1201 , 0.08
1202 , 0.08
1203 , 0.08
1204 , 0.08
1205 , 0.08
1206 , 0.08
1207 , 0.08
1208 , 0.15
1209 , 0.08
1210 , 0.08
1211 , 0.08
1212 , 0.07
1213 , 0.07
1214 , 0.08
1215 , 0.08
1216 , 0.07
1217 , 0.07
1218 , 0.07
1219 , 0.07
1220 , 0.07
1221 , 0.07
1222 , 0.07
1223 , 0.08
1224 , 0.08
1225 , 0.07
1226 , 0.08
1227 , 0.07
1228 , 0.07
1229 , 0.08
1230 , 0.08
1231 , 0.07
1232 , 0.07
1233 , 0.07
1234 , 0.07
1235 , 0.07
1236 , 0.07
1237 , 0.08
1238 , 0.08
1239 , 0.08
1240 , 28.4
1241 , 27.13
1242 , 26.51
1243 , 26.51
1244 , 26.17
1245 , 26.33
1246 , 26.19
1247 , 26.38
1248 , 25.97
1249 , 26.17
1250 , 26.07
1251 , 26.41
1252 , 25.99
1253 , 26.05
1254 , 25.9
1255 , 26.06
1256 , 25.88
1257 , 26.04
1258 , 25.98
1259 , 26.09
1260 , 29.24
1261 , 29.65
1262 , 26.22
1263 , 26.32
1264 , 26.11
1265 , 26.33
1266 , 26.03
1267 , 26.09
1268 , 25.98
1269 , 25.94
1270 , 25.93
1271 , 25.93
1272 , 25.87
1273 , 25.98
1274 , 25.9
1275 , 25.91
1276 , 26.0
1277 , 25.89
1278 , 25.91
1279 , 25.88
1280 , 25.87
1281 , 25.87
1282 , 25.9
1283 , 25.83
1284 , 25.99
1285 , 26.03
1286 , 25.86
1287 , 25.98
1288 , 26.03
1289 , 26.05
1290 , 25.86
1291 , 25.91
1292 , 25.92
1293 , 25.9
1294 , 25.87
1295 , 25.91
1296 , 25.97
1297 , 25.9
1298 , 25.87
1299 , 25.92
1300 , 25.89
1301 , 25.86
1302 , 26.65
1303 , 30.37
1304 , 29.82
1305 , 26.51
1306 , 26.3
1307 , 26.23
1308 , 27.86
1309 , 26.52
1310 , 26.1
1311 , 26.05
1312 , 25.97
1313 , 25.91
1314 , 25.99
1315 , 25.87
1316 , 25.28
1317 , 24.63
1318 , 23.95
1319 , 21.63
1320 , 20.7
1321 , 19.53
1322 , 18.75
1323 , 17.8
1324 , 17.09
1325 , 16.1
1326 , 15.68
1327 , 14.8
1328 , 14.4
1329 , 13.82
1330 , 13.28
1331 , 12.84
1332 , 12.24
1333 , 11.67
1334 , 11.29
1335 , 10.96
1336 , 10.58
1337 , 10.04
1338 , 9.88
1339 , 9.34
1340 , 8.94
1341 , 8.64
1342 , 8.48
1343 , 7.95
1344 , 7.77
1345 , 7.49
1346 , 7.31
1347 , 7.02
1348 , 6.85
1349 , 6.32
1350 , 6.15
1351 , 5.87
1352 , 5.91
1353 , 5.69
1354 , 5.44
1355 , 5.17
1356 , 4.98
1357 , 4.7
1358 , 4.74
1359 , 4.47
1360 , 4.28
1361 , 4.01
1362 , 4.04
1363 , 3.78
1364 , 3.82
1365 , 3.55
1366 , 3.58
1367 , 3.32
1368 , 3.11
1369 , 3.08
1370 , 2.88
1371 , 2.86
1372 , 2.65
1373 , 2.62
1374 , 2.65
1375 , 2.4
1376 , 2.41
1377 , 2.17
1378 , 2.18
1379 , 2.16
1380 , 1.95
1381 , 1.93
1382 , 1.95
1383 , 1.7
1384 , 1.72
1385 , 1.7
1386 , 1.72
1387 , 1.47
1388 , 1.49
1389 , 1.47
1390 , 1.49
1391 , 1.24
1392 , 1.25
1393 , 1.24
1394 , 1.25
1395 , 1.01
1396 , 1.02
1397 , 1.01
1398 , 1.02
1399 , 1.01
1400 , 1.02
1401 , 1.01
1402 , 0.79
1403 , 0.77
1404 , 0.79
1405 , 0.78
1406 , 0.78
1407 , 0.78
1408 , 0.79
1409 , 0.54
1410 , 0.55
1411 , 0.55
1412 , 0.55
1413 , 0.54
1414 , 0.55
1415 , 0.54
1416 , 0.55
1417 , 0.55
1418 , 0.55
1419 , 0.54
1420 , 0.32
1421 , 0.31
1422 , 0.32
1423 , 0.31
1424 , 0.32
1425 , 0.31
1426 , 0.32
1427 , 0.33
1428 , 0.32
1429 , 0.31
1430 , 0.32
1431 , 0.31
1432 , 0.32
1433 , 0.31
1434 , 0.32
1435 , 0.31
1436 , 0.31
1437 , 0.31
1438 , 0.08
1439 , 0.08
1440 , 0.08
1441 , 0.08
1442 , 0.08
1443 , 0.08
1444 , 0.08
1445 , 0.08
1446 , 0.08
1447 , 0.08
1448 , 0.08
1449 , 0.08
1450 , 0.08
1451 , 0.08
1452 , 0.08
1453 , 0.08
1454 , 0.08
1455 , 0.08
1456 , 0.08
1457 , 0.08
1458 , 0.08
1459 , 0.08
1460 , 0.08
1461 , 0.08
1462 , 0.08
1463 , 27.8
1464 , 27.14
1465 , 26.94
1466 , 26.27
1467 , 26.33
1468 , 26.06
1469 , 26.22
1470 , 25.97
1471 , 26.2
1472 , 26.11
1473 , 26.16
1474 , 25.92
1475 , 26.17
1476 , 25.97
1477 , 26.01
1478 , 25.91
1479 , 26.11
1480 , 25.99
1481 , 26.07
1482 , 25.87
1483 , 26.07
1484 , 26.08
1485 , 26.02
1486 , 25.9
1487 , 26.12
1488 , 25.91
1489 , 26.08
1490 , 25.85
1491 , 25.99
1492 , 25.89
1493 , 26.03
1494 , 25.88
1495 , 26.1
1496 , 25.88
1497 , 26.05
1498 , 25.96
1499 , 26.04
1500 , 25.83
1501 , 26.14
1502 , 30.31
1503 , 29.47
1504 , 26.14
1505 , 26.45
1506 , 26.05
1507 , 27.2
1508 , 26.7
1509 , 26.26
1510 , 26.15
1511 , 26.12
1512 , 25.89
1513 , 26.14
1514 , 25.82
1515 , 26.05
1516 , 25.88
1517 , 26.07
1518 , 25.99
1519 , 26.04
1520 , 25.81
1521 , 26.09
1522 , 26.14
1523 , 26.07
1524 , 25.84
1525 , 26.09
1526 , 26.2
1527 , 26.08
1528 , 25.83
1529 , 26.09
1530 , 25.9
1531 , 25.89
1532 , 25.8
1533 , 25.89
1534 , 25.91
1535 , 25.93
1536 , 25.89
1537 , 25.88
1538 , 25.84
1539 , 25.86
1540 , 25.07
1541 , 24.66
1542 , 22.74
1543 , 21.26
1544 , 20.33
1545 , 19.25
1546 , 18.49
1547 , 17.49
1548 , 16.73
1549 , 16.08
1550 , 15.41
1551 , 14.87
1552 , 14.4
1553 , 13.57
1554 , 13.19
1555 , 12.62
1556 , 12.24
1557 , 11.91
1558 , 11.54
1559 , 10.98
1560 , 10.59
1561 , 10.26
1562 , 9.89
1563 , 9.34
1564 , 9.18
1565 , 8.89
1566 , 8.48
1567 , 8.18
1568 , 8.02
1569 , 7.49
1570 , 7.38
1571 , 7.02
1572 , 6.85
1573 , 6.56
1574 , 6.38
1575 , 6.1
1576 , 5.91
1577 , 5.64
1578 , 5.46
1579 , 5.17
1580 , 5.22
1581 , 4.94
1582 , 4.75
1583 , 4.49
1584 , 4.53
1585 , 4.25
1586 , 4.05
1587 , 4.01
1588 , 3.81
1589 , 3.78
1590 , 3.59
1591 , 3.32
1592 , 3.36
1593 , 3.09
1594 , 3.12
1595 , 2.86
1596 , 2.88
1597 , 2.63
1598 , 2.65
1599 , 2.63
1600 , 2.42
1601 , 2.39
1602 , 2.2
1603 , 2.16
1604 , 2.19
1605 , 2.16
1606 , 1.95
1607 , 1.93
1608 , 1.96
1609 , 1.7
1610 , 1.72
1611 , 1.7
1612 , 1.72
1613 , 1.47
1614 , 1.48
1615 , 1.47
1616 , 1.48
1617 , 1.24
1618 , 1.25
1619 , 1.24
1620 , 1.26
1621 , 1.24
1622 , 1.02
1623 , 1.01
1624 , 1.02
1625 , 1.01
1626 , 1.02
1627 , 1.01
1628 , 0.8
1629 , 0.78
1630 , 0.79
1631 , 0.78
1632 , 0.79
1633 , 0.78
1634 , 0.79
1635 , 0.78
1636 , 0.55
1637 , 0.54
1638 , 0.56
1639 , 0.55
1640 , 0.55
1641 , 0.55
1642 , 0.55
1643 , 0.54
1644 , 0.55
1645 , 0.55
1646 , 0.56
1647 , 0.32
1648 , 0.32
1649 , 0.32
1650 , 0.32
1651 , 0.32
1652 , 0.32
1653 , 0.31
1654 , 0.32
1655 , 0.32
1656 , 0.32
1657 , 0.31
1658 , 0.32
1659 , 0.31
1660 , 0.32
1661 , 0.31
1662 , 0.32
1663 , 0.31
1664 , 27.72
1665 , 27.06
1666 , 26.33
1667 , 26.44
1668 , 26.14
1669 , 26.16
1670 , 26.02
1671 , 26.29
1672 , 26.05
1673 , 29.24
1674 , 31.46
1675 , 26.48
1676 , 26.0
1677 , 26.25
1678 , 26.34
1679 , 26.34
1680 , 25.96
1681 , 26.1
1682 , 25.82
1683 , 26.04
1684 , 25.85
1685 , 26.07
1686 , 25.96
1687 , 26.09
1688 , 25.85
1689 , 26.06
1690 , 25.91
1691 , 26.08
1692 , 25.9
1693 , 26.08
1694 , 25.87
1695 , 26.01
1696 , 25.9
1697 , 26.02
1698 , 26.1
1699 , 26.08
1700 , 25.88
1701 , 26.14
1702 , 26.17
1703 , 26.09
1704 , 25.88
1705 , 26.03
1706 , 25.87
1707 , 26.01
1708 , 25.84
1709 , 26.1
1710 , 25.89
1711 , 26.02
1712 , 25.84
1713 , 25.92
1714 , 25.9
1715 , 26.04
1716 , 29.72
1717 , 30.77
1718 , 27.11
1719 , 26.46
1720 , 26.03
1721 , 27.43
1722 , 27.09
1723 , 26.17
1724 , 26.13
1725 , 26.16
1726 , 25.93
1727 , 26.17
1728 , 25.9
1729 , 26.02
1730 , 25.91
1731 , 26.13
1732 , 25.94
1733 , 26.1
1734 , 25.88
1735 , 25.94
1736 , 26.09
1737 , 26.07
1738 , 25.9
1739 , 26.11
1740 , 25.56
1741 , 24.77
1742 , 24.16
1743 , 21.98
1744 , 20.65
1745 , 19.54
1746 , 18.73
1747 , 17.78
1748 , 17.37
1749 , 16.37
1750 , 15.96
1751 , 15.06
1752 , 14.64
1753 , 14.03
1754 , 13.67
1755 , 13.08
1756 , 12.72
1757 , 12.14
1758 , 12.0
1759 , 11.44
1760 , 11.05
1761 , 10.5
1762 , 10.13
1763 , 9.81
1764 , 9.47
1765 , 9.11
1766 , 8.71
1767 , 8.41
1768 , 8.25
1769 , 7.72
1770 , 7.54
1771 , 7.25
1772 , 7.08
1773 , 6.79
1774 , 6.63
1775 , 6.32
1776 , 6.15
1777 , 5.86
1778 , 5.68
1779 , 5.4
1780 , 5.21
1781 , 4.94
1782 , 4.76
1783 , 4.48
1784 , 4.52
1785 , 4.26
1786 , 4.05
1787 , 4.02
1788 , 3.81
1789 , 3.55
1790 , 3.58
1791 , 3.33
1792 , 3.35
1793 , 3.09
1794 , 3.12
1795 , 2.86
1796 , 2.89
1797 , 2.62
1798 , 0.16
1799 , 0.08
1800 , 0.08
1801 , 0.08
1802 , 0.08
1803 , 0.08
1804 , 0.08
1805 , 0.08
1806 , 0.08
1807 , 0.09
1808 , 0.08
1809 , 0.08
1810 , 0.08
1811 , 0.08
1812 , 0.08
1813 , 0.08
1814 , 0.08
1815 , 0.08
1816 , 0.08
1817 , 0.08
1818 , 0.08
1819 , 0.08
1820 , 0.08
1821 , 0.08
1822 , 0.08
1823 , 0.08
1824 , 0.08
1825 , 0.08
1826 , 0.08
1827 , 0.08
1828 , 0.08
1829 , 0.08
1830 , 0.08
1831 , 0.08
1832 , 0.08
1833 , 0.08
1834 , 0.08
1835 , 0.08
1836 , 0.08
1837 , 0.08
1838 , 0.08
1839 , 0.08
1840 , 0.08
1841 , 0.08
1842 , 0.08
1843 , 0.08
1844 , 0.08
1845 , 0.08
1846 , 0.08
1847 , 0.08
1848 , 0.08
1849 , 0.08
1850 , 0.08
1851 , 0.08
1852 , 0.08
1853 , 0.08
1854 , 0.08
1855 , 0.08
1856 , 0.08
1857 , 0.08
1858 , 0.08
1859 , 0.08
1860 , 0.08
1861 , 0.08
1862 , 0.08
1863 , 0.08
1864 , 0.08
1865 , 0.08
1866 , 0.08
1867 , 0.08
1868 , 0.08
1869 , 0.08
1870 , 0.08
1871 , 0.08
1872 , 0.08
1873 , 0.08
1874 , 0.08
1875 , 0.08
1876 , 0.08
1877 , 0.08
1878 , 0.08
1879 , 0.08
1880 , 0.09
1881 , 0.1
1882 , 0.08
1883 , 0.08
1884 , 0.08
1885 , 0.08
1886 , 0.08
1887 , 0.08
1888 , 0.08
1889 , 0.08
1890 , 0.08
1891 , 0.08
1892 , 0.08
1893 , 0.08
1894 , 0.08
1895 , 0.08
1896 , 0.08
1897 , 0.08
1898 , 0.08
1899 , 0.08
1900 , 0.08
1901 , 0.08
1902 , 0.08
1903 , 0.08
1904 , 0.08
1905 , 0.08
1906 , 0.08
1907 , 0.08
1908 , 0.08
1909 , 0.08
1910 , 0.08
1911 , 0.08
1912 , 27.79
1913 , 26.71
1914 , 25.87
1915 , 24.92
1916 , 24.61
1917 , 22.64
1918 , 21.32
1919 , 20.18
1920 , 19.41
1921 , 18.32
1922 , 17.59
1923 , 16.61
1924 , 15.94
1925 , 15.3
1926 , 14.65
1927 , 14.06
1928 , 13.67
1929 , 13.09
1930 , 12.73
1931 , 12.15
1932 , 11.76
1933 , 11.2
1934 , 10.88
1935 , 10.48
1936 , 10.13
1937 , 9.57
1938 , 9.42
1939 , 8.87
1940 , 8.71
1941 , 8.18
1942 , 8.02
1943 , 7.72
1944 , 7.55
1945 , 7.26
1946 , 6.86
1947 , 6.56
1948 , 6.38
1949 , 6.1
1950 , 5.92
1951 , 5.63
1952 , 5.46
1953 , 5.4
1954 , 5.22
1955 , 4.95
1956 , 4.75
1957 , 4.47
1958 , 4.5
1959 , 4.47
1960 , 4.51
1961 , 4.46
1962 , 4.5
1963 , 4.53
1964 , 4.51
1965 , 4.46
1966 , 4.49
1967 , 4.46
1968 , 4.5
1969 , 4.45
1970 , 4.5
1971 , 4.46
1972 , 4.49
1973 , 4.45
1974 , 4.5
1975 , 4.46
1976 , 4.5
1977 , 4.45
1978 , 4.49
1979 , 4.46
1980 , 4.5
1981 , 4.45
1982 , 4.49
1983 , 4.45
1984 , 4.5
1985 , 4.46
1986 , 4.5
1987 , 4.45
1988 , 4.49
1989 , 4.45
1990 , 4.5
1991 , 4.46
1992 , 4.51
1993 , 4.47
1994 , 4.49
1995 , 4.46
1996 , 4.51
1997 , 4.46
1998 , 4.5
1999 , 4.46
2000 , 4.51
2001 , 4.46
2002 , 4.51
2003 , 4.54
2004 , 4.64
2005 , 4.55
2006 , 4.53
2007 , 4.55
2008 , 4.5
2009 , 4.46
2010 , 4.51
2011 , 4.46
2012 , 4.5
2013 , 4.47
2014 , 4.49
2015 , 4.47
2016 , 4.5
2017 , 4.47
2018 , 4.5
2019 , 4.45
2020 , 4.5
2021 , 4.45
2022 , 4.5
2023 , 4.45
2024 , 4.49
2025 , 4.45
2026 , 4.5
2027 , 4.46
2028 , 4.5
2029 , 4.46
2030 , 4.51
2031 , 4.46
2032 , 4.49
2033 , 4.46
2034 , 4.5
2035 , 4.47
2036 , 4.51
2037 , 4.47
2038 , 4.52
2039 , 4.46
2040 , 4.5
2041 , 4.47
2042 , 4.5
2043 , 4.46
2044 , 4.51
2045 , 4.46
2046 , 4.5
2047 , 4.46
2048 , 4.49
2049 , 4.46
2050 , 4.49
2051 , 4.46
2052 , 4.55
2053 , 4.47
2054 , 4.49
2055 , 4.45
2056 , 4.5
2057 , 4.46
2058 , 4.49
2059 , 4.45
2060 , 4.5
2061 , 4.45
2062 , 4.49
2063 , 4.46
2064 , 4.49
2065 , 4.46
2066 , 4.49
2067 , 4.46
2068 , 4.51
2069 , 4.46
2070 , 4.49
2071 , 4.45
2072 , 4.5
2073 , 4.47
2074 , 4.51
2075 , 4.46
2076 , 4.5
2077 , 4.45
2078 , 4.5
2079 , 4.47
2080 , 4.51
2081 , 4.47
2082 , 4.51
2083 , 4.48
2084 , 4.5
2085 , 4.46
2086 , 4.49
2087 , 4.45
2088 , 4.49
2089 , 4.46
2090 , 4.48
2091 , 4.47
2092 , 4.49
2093 , 4.45
2094 , 4.5
2095 , 4.46
2096 , 4.55
2097 , 4.45
2098 , 4.49
2099 , 4.47
2100 , 4.49
2101 , 4.46
2102 , 4.49
2103 , 4.45
2104 , 4.5
2105 , 4.45
2106 , 4.51
2107 , 4.45
2108 , 4.49
2109 , 4.45
2110 , 4.5
2111 , 4.46
2112 , 4.49
2113 , 4.46
2114 , 4.5
2115 , 4.46
2116 , 4.5
2117 , 4.47
2118 , 4.49
2119 , 4.47
2120 , 4.5
2121 , 4.48
2122 , 4.51
2123 , 4.46
2124 , 4.5
2125 , 4.47
2126 , 4.51
2127 , 4.46
2128 , 4.51
2129 , 4.47
2130 , 4.49
2131 , 4.46
2132 , 4.49
2133 , 4.47
2134 , 4.49
2135 , 4.46
2136 , 4.5
2137 , 4.45
2138 , 4.49
2139 , 29.85
2140 , 26.95
2141 , 26.45
2142 , 26.28
2143 , 26.29
2144 , 26.04
2145 , 26.22
2146 , 26.09
2147 , 26.14
2148 , 25.94
2149 , 26.13
2150 , 25.99
2151 , 26.34
2152 , 26.59
2153 , 26.27
2154 , 26.13
2155 , 26.29
2156 , 25.82
2157 , 26.05
2158 , 25.86
2159 , 26.08
2160 , 25.88
2161 , 26.21
2162 , 25.95
2163 , 26.04
2164 , 25.86
2165 , 26.17
2166 , 25.91
2167 , 26.05
2168 , 25.88
2169 , 26.14
2170 , 25.89
2171 , 26.01
2172 , 25.8
2173 , 26.1
2174 , 26.07
2175 , 26.08
2176 , 25.89
2177 , 26.39
2178 , 25.96
2179 , 26.11
2180 , 25.87
2181 , 26.09
2182 , 25.88
2183 , 26.05
2184 , 25.41
2185 , 25.53
2186 , 25.54
2187 , 29.22
2188 , 29.68
2189 , 23.64
2190 , 23.66
2191 , 23.47
2192 , 22.24
2193 , 21.12
2194 , 20.14
2195 , 18.98
2196 , 18.19
2197 , 17.19
2198 , 16.49
2199 , 15.84
2200 , 15.16
2201 , 14.54
2202 , 13.9
2203 , 13.34
2204 , 13.04
2205 , 12.39
2206 , 12.0
2207 , 11.43
2208 , 11.3
2209 , 10.72
2210 , 10.58
2211 , 10.03
2212 , 9.88
2213 , 9.33
2214 , 9.17
2215 , 8.87
2216 , 8.47
2217 , 8.18
2218 , 8.01
2219 , 7.71
2220 , 7.31
2221 , 7.01
2222 , 7.08
2223 , 6.79
2224 , 6.61
2225 , 6.32
2226 , 6.2
2227 , 5.86
2228 , 5.67
2229 , 5.4
2230 , 5.22
2231 , 5.17
2232 , 4.99
2233 , 4.71
2234 , 4.52
2235 , 4.47
2236 , 4.28
2237 , 4.02
2238 , 4.05
2239 , 3.79
2240 , 3.82
2241 , 3.56
2242 , 3.59
2243 , 3.33
2244 , 3.11
2245 , 3.09
2246 , 2.89
2247 , 2.86
2248 , 2.89
2249 , 2.64
2250 , 2.65
2251 , 2.39
2252 , 2.42
2253 , 2.17
2254 , 2.18
2255 , 2.17
2256 , 2.18
2257 , 1.94
2258 , 1.95
2259 , 1.94
2260 , 1.72
2261 , 1.71
2262 , 1.72
2263 , 1.47
2264 , 1.5
2265 , 1.47
2266 , 1.49
2267 , 1.47
2268 , 1.25
2269 , 1.24
2270 , 1.25
2271 , 1.24
2272 , 1.26
2273 , 1.01
2274 , 1.02
2275 , 1.01
2276 , 1.03
2277 , 1.01
2278 , 1.02
2279 , 0.78
2280 , 0.8
2281 , 0.78
2282 , 0.79
2283 , 0.79
2284 , 0.8
2285 , 0.79
2286 , 0.79
2287 , 0.55
2288 , 0.56
2289 , 0.56
2290 , 0.56
2291 , 0.55
2292 , 0.56
2293 , 0.55
2294 , 0.56
2295 , 0.55
2296 , 0.55
2297 , 0.55
2298 , 0.32
2299 , 0.32
2300 , 0.32
2301 , 0.31
2302 , 0.32
2303 , 0.31
2304 , 0.32
2305 , 0.31
2306 , 0.32
2307 , 0.31
2308 , 0.32
2309 , 0.31
2310 , 0.32
2311 , 0.31
2312 , 0.32
2313 , 0.32
2314 , 0.32
2315 , 0.32
2316 , 0.32
2317 , 0.09
2318 , 0.08
2319 , 0.08
2320 , 0.08
2321 , 0.08
2322 , 0.08
2323 , 0.08
2324 , 0.09
2325 , 0.09
2326 , 0.09
2327 , 0.08
2328 , 0.09
2329 , 0.09
2330 , 0.08
2331 , 0.08
2332 , 0.08
2333 , 0.08
2334 , 0.08
2335 , 0.08
2336 , 0.08
2337 , 0.08
2338 , 0.08
2339 , 0.08
2340 , 0.08
2341 , 0.08
2342 , 0.08
2343 , 0.08
2344 , 0.08
2345 , 0.08
2346 , 0.08
2347 , 0.08
2348 , 0.08
2349 , 0.08
2350 , 0.08
2351 , 0.08
2352 , 0.08
2353 , 0.08
2354 , 0.08
2355 , 0.08
2356 , 0.08
2357 , 0.08
2358 , 0.08
2359 , 0.08
2360 , 0.09
2361 , 0.08
2362 , 0.08
2363 , 0.08
2364 , 28.27
2365 , 27.2
2366 , 26.39
2367 , 26.45
2368 , 26.17
2369 , 26.3
2370 , 26.1
2371 , 26.24
2372 , 26.07
2373 , 26.18
2374 , 25.97
2375 , 26.12
2376 , 25.97
2377 , 26.09
2378 , 25.87
2379 , 28.05
2380 , 30.82
2381 , 28.52
2382 , 26.12
2383 , 26.43
2384 , 26.51
2385 , 27.85
2386 , 26.2
2387 , 26.36
2388 , 25.99
2389 , 26.12
2390 , 25.9
2391 , 26.08
2392 , 25.88
2393 , 26.03
2394 , 25.93
2395 , 26.18
2396 , 25.86
2397 , 26.02
2398 , 25.81
2399 , 26.16
2400 , 25.94
2401 , 25.98
2402 , 25.96
2403 , 26.34
2404 , 25.94
2405 , 25.99
2406 , 25.88
2407 , 25.99
2408 , 25.83
2409 , 26.04
2410 , 25.94
2411 , 26.06
2412 , 25.85
2413 , 26.06
2414 , 25.89
2415 , 26.04
2416 , 25.86
2417 , 26.06
2418 , 26.08
2419 , 26.14
2420 , 25.85
2421 , 26.04
2422 , 25.87
2423 , 26.01
2424 , 25.88
2425 , 26.12
2426 , 25.89
2427 , 26.03
2428 , 25.87
2429 , 26.04
2430 , 25.85
2431 , 26.07
2432 , 25.84
2433 , 26.14
2434 , 25.94
2435 , 26.01
2436 , 25.85
2437 , 26.05
2438 , 26.0
2439 , 26.03
2440 , 25.82
2441 , 24.89
2442 , 24.31
2443 , 22.32
2444 , 21.41
2445 , 19.86
2446 , 19.05
2447 , 18.04
2448 , 17.3
2449 , 16.62
2450 , 15.94
2451 , 15.39
2452 , 14.65
2453 , 14.04
2454 , 13.69
2455 , 13.09
2456 , 12.73
2457 , 12.15
2458 , 11.78
2459 , 11.19
2460 , 10.82
2461 , 10.5
2462 , 10.12
2463 , 9.8
2464 , 9.41
2465 , 9.1
2466 , 9.04
2467 , 9.28
2468 , 9.27
2469 , 8.75
2470 , 7.58
2471 , 7.25
2472 , 7.08
2473 , 6.8
2474 , 6.62
2475 , 6.33
2476 , 6.15
2477 , 5.86
2478 , 5.68
2479 , 5.4
2480 , 5.45
2481 , 5.17
2482 , 4.99
2483 , 4.71
2484 , 4.75
2485 , 4.48
2486 , 4.52
2487 , 4.25
2488 , 4.05
2489 , 4.02
2490 , 3.82
2491 , 3.79
2492 , 3.59
2493 , 3.56
2494 , 3.36
2495 , 3.33
2496 , 3.12
2497 , 3.1
2498 , 2.88
2499 , 2.86
2500 , 2.65
2501 , 2.63
2502 , 2.42
2503 , 2.4
2504 , 2.41
2505 , 2.17
2506 , 2.18
2507 , 2.17
2508 , 1.95
2509 , 1.93
2510 , 1.95
2511 , 1.71
2512 , 1.72
2513 , 1.7
2514 , 1.72
2515 , 1.48
2516 , 1.48
2517 , 1.47
2518 , 1.49
2519 , 1.24
2520 , 1.25
2521 , 1.31
2522 , 1.25
2523 , 1.24
2524 , 1.03
2525 , 1.01
2526 , 1.02
2527 , 1.01
2528 , 0.1
2529 , 0.09
2530 , 0.09
2531 , 0.09
2532 , 0.09
2533 , 0.09
2534 , 0.09
2535 , 0.09
2536 , 0.09
2537 , 0.08
2538 , 0.08
2539 , 0.08
2540 , 0.08
2541 , 0.08
2542 , 0.08
2543 , 0.08
2544 , 0.08
2545 , 0.08
2546 , 0.08
2547 , 0.08
2548 , 0.08
2549 , 0.08
2550 , 0.08
2551 , 0.08
2552 , 0.08
2553 , 0.08
2554 , 0.08
2555 , 0.08
2556 , 0.08
2557 , 0.08
2558 , 0.08
2559 , 0.09
2560 , 0.08
2561 , 0.08
2562 , 0.09
2563 , 0.08
2564 , 0.08
2565 , 0.08
2566 , 0.08
2567 , 0.08
2568 , 0.08
2569 , 0.08
2570 , 0.09
2571 , 0.09
2572 , 0.08
2573 , 0.09
2574 , 0.09
2575 , 0.09
2576 , 0.09
2577 , 0.09
2578 , 0.08
2579 , 0.08
2580 , 0.08
2581 , 0.08
2582 , 0.08
2583 , 0.08
2584 , 0.08
2585 , 0.08
2586 , 0.08
2587 , 0.08
2588 , 0.08
2589 , 0.08
2590 , 0.08
2591 , 0.08
2592 , 0.08
2593 , 0.08
2594 , 0.08
2595 , 0.08
2596 , 0.08
2597 , 0.08
2598 , 0.08
2599 , 0.08
2600 , 0.08
2601 , 0.08
2602 , 0.08
2603 , 0.08
2604 , 0.08
2605 , 0.08
2606 , 0.08
2607 , 0.09
2608 , 0.08
2609 , 0.08
2610 , 0.09
2611 , 0.08
2612 , 0.09
2613 , 0.09
2614 , 0.09
2615 , 0.08
2616 , 0.08
2617 , 0.08
2618 , 0.08
2619 , 0.08
2620 , 0.08
2621 , 0.08
2622 , 0.08
2623 , 0.08
2624 , 0.08
2625 , 0.08
2626 , 0.08
2627 , 0.08
2628 , 0.08
2629 , 0.08
2630 , 0.08
2631 , 0.08
2632 , 0.08
2633 , 0.08
2634 , 0.08
2635 , 0.08
2636 , 0.08
2637 , 0.08
2638 , 0.08
2639 , 0.08
2640 , 0.08
2641 , 0.08
2642 , 0.08
2643 , 0.08
2644 , 0.08
2645 , 0.08
2646 , 0.08
2647 , 0.08
2648 , 0.08
2649 , 0.08
2650 , 0.08
2651 , 0.08
2652 , 0.08
2653 , 0.08
2654 , 0.08
2655 , 0.08
2656 , 0.09
2657 , 0.09
2658 , 0.08
2659 , 0.08
2660 , 0.08
2661 , 0.08
2662 , 0.08
2663 , 0.08
2664 , 0.08
2665 , 0.08
2666 , 0.08
2667 , 0.08
2668 , 0.08
2669 , 0.08
2670 , 0.08
2671 , 0.08
2672 , 0.08
2673 , 0.08
2674 , 0.08
2675 , 0.08
2676 , 0.08
2677 , 0.08
2678 , 0.08
2679 , 0.08
2680 , 0.08
2681 , 0.08
2682 , 0.08
2683 , 0.08
2684 , 0.08
2685 , 0.08
2686 , 0.08
2687 , 0.08
2688 , 0.08
2689 , 0.08
2690 , 0.08
2691 , 0.08
2692 , 0.08
2693 , 0.08
2694 , 0.08
2695 , 0.08
2696 , 0.08
2697 , 0.08
2698 , 0.09
2699 , 0.08
2700 , 0.08
2701 , 0.08
2702 , 0.08
2703 , 0.08
2704 , 0.08
2705 , 0.08
2706 , 0.08
2707 , 0.08
2708 , 0.08
2709 , 0.08
2710 , 0.08
2711 , 0.08
2712 , 0.08
2713 , 0.08
2714 , 0.08
2715 , 0.08
2716 , 0.08
2717 , 0.08
2718 , 0.08
2719 , 0.08
2720 , 0.08
2721 , 0.08
2722 , 0.08
2723 , 0.08
2724 , 0.08
2725 , 0.08
2726 , 0.08
2727 , 0.08
2728 , 0.08
2729 , 0.08
2730 , 0.08
2731 , 0.08
2732 , 0.09
2733 , 0.08
2734 , 0.08
2735 , 0.08
2736 , 0.08
2737 , 0.08
2738 , 0.08
2739 , 0.08
2740 , 0.08
2741 , 29.41
2742 , 26.95
2743 , 26.65
2744 , 26.28
2745 , 26.31
2746 , 26.16
2747 , 26.3
2748 , 26.01
2749 , 26.19
2750 , 25.95
2751 , 26.29
2752 , 26.19
2753 , 26.03
2754 , 25.97
2755 , 26.34
2756 , 25.95
2757 , 26.08
2758 , 25.87
2759 , 25.99
2760 , 25.88
2761 , 26.04
2762 , 25.93
2763 , 26.06
2764 , 25.9
2765 , 26.05
2766 , 25.89
2767 , 26.05
2768 , 25.86
2769 , 26.08
2770 , 26.08
2771 , 26.2
2772 , 25.89
2773 , 26.04
2774 , 25.91
2775 , 26.05
2776 , 25.84
2777 , 26.07
2778 , 25.89
2779 , 26.0
2780 , 25.83
2781 , 26.04
2782 , 25.87
2783 , 26.02
2784 , 25.84
2785 , 26.01
2786 , 25.86
2787 , 26.01
2788 , 25.87
2789 , 25.93
2790 , 26.12
2791 , 25.97
2792 , 25.91
2793 , 26.02
2794 , 26.01
2795 , 25.93
2796 , 25.89
2797 , 25.86
2798 , 25.96
2799 , 25.9
2800 , 25.96
2801 , 25.92
2802 , 25.87
2803 , 30.91
2804 , 27.18
2805 , 26.21
2806 , 25.91
2807 , 26.14
2808 , 26.1
2809 , 26.29
2810 , 26.07
2811 , 26.14
2812 , 25.86
2813 , 26.04
2814 , 25.93
2815 , 26.14
2816 , 25.93
2817 , 26.08
2818 , 25.01
2819 , 24.45
2820 , 22.8
2821 , 21.61
2822 , 20.34
2823 , 19.28
2824 , 18.56
2825 , 17.49
2826 , 16.75
2827 , 16.07
2828 , 15.42
2829 , 14.78
2830 , 14.4
2831 , 13.78
2832 , 13.9
2833 , 13.52
2834 , 12.95
2835 , 12.35
2836 , 12.19
2837 , 11.66
2838 , 11.31
2839 , 10.7
2840 , 10.75
2841 , 10.0
2842 , 9.62
2843 , 9.31
2844 , 9.15
2845 , 8.61
2846 , 8.45
2847 , 7.93
2848 , 7.75
2849 , 7.46
2850 , 7.29
2851 , 7.0
2852 , 6.81
2853 , 6.54
2854 , 6.35
2855 , 6.08
2856 , 5.9
2857 , 5.62
2858 , 5.43
2859 , 5.39
2860 , 5.2
2861 , 4.92
2862 , 4.73
2863 , 4.7
2864 , 4.51
2865 , 4.23
2866 , 4.26
2867 , 4.06
2868 , 3.81
2869 , 3.77
2870 , 3.57
2871 , 3.54
2872 , 3.34
2873 , 3.3
2874 , 3.1
2875 , 3.07
2876 , 2.88
2877 , 2.85
2878 , 2.64
2879 , 2.62
2880 , 2.63
2881 , 2.39
2882 , 2.41
2883 , 2.15
2884 , 2.18
2885 , 2.15
2886 , 1.95
2887 , 1.92
2888 , 1.95
2889 , 1.7
2890 , 1.71
2891 , 1.7
2892 , 1.72
2893 , 1.46
2894 , 1.48
2895 , 1.47
2896 , 1.48
2897 , 1.24
2898 , 1.26
2899 , 1.24
2900 , 1.25
2901 , 1.24
2902 , 1.02
2903 , 1.01
2904 , 1.02
2905 , 1.01
2906 , 1.01
2907 , 1.0
2908 , 0.79
2909 , 0.77
2910 , 0.78
2911 , 0.77
2912 , 0.78
2913 , 0.78
2914 , 0.78
2915 , 0.54
2916 , 0.55
2917 , 0.54
2918 , 0.55
2919 , 0.54
2920 , 0.56
2921 , 0.54
2922 , 0.55
2923 , 0.54
2924 , 0.55
2925 , 0.54
2926 , 0.32
2927 , 0.32
2928 , 0.32
2929 , 0.31
2930 , 0.32
2931 , 0.32
2932 , 0.32
2933 , 0.32
2934 , 0.32
2935 , 0.32
2936 , 0.32
2937 , 0.32
2938 , 0.33
2939 , 0.32
2940 , 0.32
2941 , 0.32
2942 , 0.32
2943 , 0.32
2944 , 0.09
2945 , 0.09
2946 , 0.08
2947 , 0.08
2948 , 0.08
2949 , 0.08
2950 , 0.08
2951 , 0.08
2952 , 0.08
2953 , 0.08
2954 , 0.08
2955 , 0.08
2956 , 0.08
2957 , 0.08
2958 , 0.08
2959 , 0.08
2960 , 0.08
2961 , 0.08
2962 , 0.08
2963 , 0.08
2964 , 0.08
2965 , 0.08
2966 , 27.78
2967 , 27.04
2968 , 26.72
2969 , 30.74
2970 , 29.89
2971 , 26.78
2972 , 26.24
2973 , 26.29
2974 , 27.84
2975 , 26.93
2976 , 26.12
2977 , 26.24
2978 , 25.85
2979 , 26.11
2980 , 26.01
2981 , 26.02
2982 , 25.87
2983 , 26.01
2984 , 25.95
2985 , 26.07
2986 , 25.89
2987 , 26.04
2988 , 26.03
2989 , 26.19
2990 , 25.85
2991 , 26.09
2992 , 25.93
2993 , 26.03
2994 , 25.82
2995 , 25.99
2996 , 25.86
2997 , 26.02
2998 , 25.85
2999 , 26.1
3000 , 25.87
