1 , 89.82
2 , 87.66
3 , 82.43
4 , 83.32
5 , 82.4
6 , 84.69
7 , 82.3
8 , 84.45
9 , 82.55
10 , 84.02
11 , 82.47
12 , 84.0
13 , 86.34
14 , 84.34
15 , 82.32
16 , 84.02
17 , 82.04
18 , 84.14
19 , 82.17
20 , 84.08
21 , 79.73
22 , 83.27
23 , 79.68
24 , 83.5
25 , 79.91
26 , 83.63
27 , 79.94
28 , 83.43
29 , 80.22
30 , 83.58
31 , 80.4
32 , 83.42
33 , 82.02
34 , 83.27
35 , 82.82
36 , 84.16
37 , 82.51
38 , 84.74
39 , 82.02
40 , 84.11
41 , 82.35
42 , 84.1
43 , 82.21
44 , 84.34
45 , 82.33
46 , 84.05
47 , 82.14
48 , 84.3
49 , 82.02
50 , 83.53
51 , 79.73
52 , 84.77
53 , 82.41
54 , 84.74
55 , 82.5
56 , 84.61
57 , 83.8
58 , 85.59
59 , 82.19
60 , 85.33
61 , 82.29
62 , 84.32
63 , 82.41
64 , 84.06
65 , 82.35
66 , 84.21
67 , 82.34
68 , 83.27
69 , 79.66
70 , 84.69
71 , 82.43
72 , 84.21
73 , 82.27
74 , 85.41
75 , 82.29
76 , 85.52
77 , 82.15
78 , 84.73
79 , 82.53
80 , 84.48
81 , 82.62
82 , 84.71
83 , 81.92
84 , 83.6
85 , 80.03
86 , 83.74
87 , 80.07
88 , 83.67
89 , 80.02
90 , 83.78
91 , 79.88
92 , 83.79
93 , 79.82
94 , 83.82
95 , 80.24
96 , 83.79
97 , 79.76
98 , 83.72
99 , 79.9
100 , 83.82
101 , 80.08
102 , 83.87
103 , 80.11
104 , 83.84
105 , 79.73
106 , 83.74
107 , 79.86
108 , 84.92
109 , 82.49
110 , 84.75
111 , 82.38
112 , 84.6
113 , 82.26
114 , 84.73
115 , 82.5
116 , 84.24
117 , 82.53
118 , 84.55
119 , 82.39
120 , 84.83
121 , 81.97
122 , 84.95
123 , 83.34
124 , 84.78
125 , 82.48
126 , 84.77
127 , 82.51
128 , 84.8
129 , 82.62
130 , 84.66
131 , 82.24
132 , 84.92
133 , 82.34
134 , 84.88
135 , 82.02
136 , 85.14
137 , 82.4
138 , 83.72
139 , 80.04
140 , 84.02
141 , 79.45
142 , 83.4
143 , 79.85
144 , 84.0
145 , 82.02
146 , 83.87
147 , 82.1
148 , 84.75
149 , 82.05
150 , 84.13
151 , 83.79
152 , 84.23
153 , 82.15
154 , 84.56
155 , 82.05
156 , 84.23
157 , 81.82
158 , 83.84
159 , 79.54
160 , 81.24
161 , 82.08
162 , 83.93
163 , 81.92
164 , 84.67
165 , 82.11
166 , 83.89
167 , 82.2
168 , 84.92
169 , 82.19
170 , 83.89
171 , 82.3
172 , 84.08
173 , 82.15
174 , 84.53
175 , 82.13
176 , 84.6
177 , 82.29
178 , 84.63
179 , 82.1
180 , 84.06
181 , 82.09
182 , 84.05
183 , 81.9
184 , 84.85
185 , 82.45
186 , 84.98
187 , 82.25
188 , 84.01
189 , 83.84
190 , 84.81
191 , 82.05
192 , 84.1
193 , 82.01
194 , 84.24
195 , 82.2
196 , 84.29
197 , 82.04
198 , 84.59
199 , 82.09
200 , 84.59
201 , 81.87
202 , 84.79
203 , 82.11
204 , 85.55
205 , 82.15
206 , 84.67
207 , 82.25
208 , 84.65
209 , 83.69
210 , 84.67
211 , 82.0
212 , 84.71
213 , 82.04
214 , 85.84
215 , 85.29
216 , 85.64
217 , 83.99
218 , 86.21
219 , 84.59
220 , 86.51
221 , 83.22
222 , 86.56
223 , 83.6
224 , 87.01
225 , 85.49
226 , 86.0
227 , 85.28
228 , 85.69
229 , 82.17
230 , 83.24
231 , 79.86
232 , 83.1
233 , 80.13
234 , 83.36
235 , 80.4
236 , 83.25
237 , 79.82
238 , 83.4
239 , 80.13
240 , 83.78
241 , 79.77
242 , 83.35
243 , 80.25
244 , 83.27
245 , 80.87
246 , 84.34
247 , 82.39
248 , 84.75
249 , 82.24
250 , 84.64
251 , 82.15
252 , 84.68
253 , 83.23
254 , 83.96
255 , 83.85
256 , 84.21
257 , 82.15
258 , 84.54
259 , 82.12
260 , 84.58
261 , 81.97
262 , 84.04
263 , 79.86
264 , 82.55
265 , 79.81
266 , 83.62
267 , 82.17
268 , 83.25
269 , 82.1
270 , 84.09
271 , 82.14
272 , 84.05
273 , 82.16
274 , 83.44
275 , 82.17
276 , 83.47
277 , 83.68
278 , 83.17
279 , 82.1
280 , 83.23
281 , 83.18
282 , 83.9
283 , 82.18
284 , 83.26
285 , 82.12
286 , 83.49
287 , 83.62
288 , 83.39
289 , 81.95
290 , 83.27
291 , 82.17
292 , 84.04
293 , 82.02
294 , 83.83
295 , 82.24
296 , 83.96
297 , 83.33
298 , 84.71
299 , 82.22
300 , 83.98
301 , 80.61
302 , 83.45
303 , 79.7
304 , 82.91
305 , 79.71
306 , 83.7
307 , 79.41
308 , 84.6
309 , 84.88
310 , 86.87
311 , 83.84
312 , 85.49
313 , 84.15
314 , 85.44
315 , 86.84
316 , 86.25
317 , 84.34
318 , 84.78
319 , 86.72
320 , 84.81
321 , 85.81
322 , 86.68
323 , 84.52
324 , 84.19
325 , 82.17
326 , 84.01
327 , 83.3
328 , 84.02
329 , 82.41
330 , 84.1
331 , 82.53
332 , 84.6
333 , 82.02
334 , 84.22
335 , 81.93
336 , 84.15
337 , 82.29
338 , 84.64
339 , 82.0
340 , 83.47
341 , 83.96
342 , 83.89
343 , 79.93
344 , 83.46
345 , 79.36
346 , 82.78
347 , 79.62
348 , 83.49
349 , 79.82
350 , 83.6
351 , 80.88
352 , 83.8
353 , 79.71
354 , 84.81
355 , 85.21
356 , 85.65
357 , 84.83
358 , 84.09
359 , 83.74
360 , 84.57
361 , 82.05
362 , 83.92
363 , 82.34
364 , 84.08
365 , 83.18
366 , 83.97
367 , 83.24
368 , 84.58
369 , 82.13
370 , 84.57
371 , 82.11
372 , 83.89
373 , 82.04
374 , 83.98
375 , 82.99
376 , 84.0
377 , 82.12
378 , 84.09
379 , 82.16
380 , 84.65
381 , 81.91
382 , 83.55
383 , 79.88
384 , 83.58
385 , 79.68
386 , 83.37
387 , 79.45
388 , 83.83
389 , 79.49
390 , 83.53
391 , 79.3
392 , 83.5
393 , 79.4
394 , 83.38
395 , 79.93
396 , 83.32
397 , 80.77
398 , 83.95
399 , 79.29
400 , 83.29
401 , 79.44
402 , 82.99
403 , 80.25
404 , 76.24
405 , 78.86
406 , 71.37
407 , 70.37
408 , 64.36
409 , 64.14
410 , 60.43
411 , 58.94
412 , 54.61
413 , 54.84
414 , 49.68
415 , 50.98
416 , 49.49
417 , 51.41
418 , 49.39
419 , 50.6
420 , 49.76
421 , 51.82
422 , 49.48
423 , 51.53
424 , 50.15
425 , 51.49
426 , 50.75
427 , 51.63
428 , 49.42
429 , 51.56
430 , 49.21
431 , 51.07
432 , 49.29
433 , 51.55
434 , 50.67
435 , 51.36
436 , 49.31
437 , 51.72
438 , 50.2
439 , 51.35
440 , 48.86
441 , 51.4
442 , 49.42
443 , 51.43
444 , 49.4
445 , 51.26
446 , 49.39
447 , 51.66
448 , 50.49
449 , 51.58
450 , 49.09
451 , 51.49
452 , 50.59
453 , 51.01
454 , 46.72
455 , 46.51
456 , 44.84
457 , 43.6
458 , 39.13
459 , 38.9
460 , 35.89
461 , 35.5
462 , 33.55
463 , 33.05
464 , 30.09
465 , 30.25
466 , 27.68
467 , 27.49
468 , 25.49
469 , 25.42
470 , 23.22
471 , 23.17
472 , 21.33
473 , 21.5
474 , 19.54
475 , 19.5
476 , 18.23
477 , 19.11
478 , 18.34
479 , 19.09
480 , 18.81
481 , 19.08
482 , 18.3
483 , 19.15
484 , 18.27
485 , 19.22
486 , 18.22
487 , 19.17
488 , 18.22
489 , 19.04
490 , 18.43
491 , 19.14
492 , 18.2
493 , 19.12
494 , 18.22
495 , 19.08
496 , 18.28
497 , 19.1
498 , 18.3
499 , 19.08
500 , 86.68
501 , 81.67
502 , 85.22
503 , 81.24
504 , 85.04
505 , 81.41
506 , 84.81
507 , 81.28
508 , 84.57
509 , 81.44
510 , 85.03
511 , 81.46
512 , 83.2
513 , 79.27
514 , 83.44
515 , 79.17
516 , 83.61
517 , 80.7
518 , 84.39
519 , 80.19
520 , 85.85
521 , 82.43
522 , 83.25
523 , 79.41
524 , 83.86
525 , 79.25
526 , 83.7
527 , 79.8
528 , 85.82
529 , 83.09
530 , 85.65
531 , 82.08
532 , 85.72
533 , 81.84
534 , 85.62
535 , 82.58
536 , 84.9
537 , 82.14
538 , 85.44
539 , 82.08
540 , 85.21
541 , 81.88
542 , 85.55
543 , 82.1
544 , 87.93
545 , 83.46
546 , 85.62
547 , 81.83
548 , 84.59
549 , 79.46
550 , 84.7
551 , 79.46
552 , 84.74
553 , 80.03
554 , 84.86
555 , 82.16
556 , 85.51
557 , 82.71
558 , 85.4
559 , 81.94
560 , 85.39
561 , 82.19
562 , 85.86
563 , 82.34
564 , 86.01
565 , 81.66
566 , 84.65
567 , 82.17
568 , 85.94
569 , 82.57
570 , 85.95
571 , 82.23
572 , 85.64
573 , 82.39
574 , 85.48
575 , 82.67
576 , 85.67
577 , 82.93
578 , 85.51
579 , 83.01
580 , 85.62
581 , 82.67
582 , 85.42
583 , 82.65
584 , 85.52
585 , 81.91
586 , 86.42
587 , 86.25
588 , 86.99
589 , 88.82
590 , 86.92
591 , 84.28
592 , 84.82
593 , 79.48
594 , 84.84
595 , 80.34
596 , 84.69
597 , 80.86
598 , 84.83
599 , 81.42
600 , 85.53
601 , 82.89
602 , 85.45
603 , 86.4
604 , 86.35
605 , 82.75
606 , 85.51
607 , 81.93
608 , 86.08
609 , 82.84
610 , 84.77
611 , 80.75
612 , 84.94
613 , 80.11
614 , 84.71
615 , 79.97
616 , 84.64
617 , 79.73
618 , 84.92
619 , 79.11
620 , 84.9
621 , 82.64
622 , 86.07
623 , 82.39
624 , 86.14
625 , 81.87
626 , 85.61
627 , 82.32
628 , 85.7
629 , 82.33
630 , 85.51
631 , 81.96
632 , 85.64
633 , 82.87
634 , 85.45
635 , 82.04
636 , 85.97
637 , 81.8
638 , 85.12
639 , 82.16
640 , 85.68
641 , 82.1
642 , 84.84
643 , 79.73
644 , 84.82
645 , 79.51
646 , 84.75
647 , 80.08
648 , 84.81
649 , 79.49
650 , 84.66
651 , 79.26
652 , 85.14
653 , 81.96
654 , 85.39
655 , 82.03
656 , 85.99
657 , 82.33
658 , 85.47
659 , 82.75
660 , 84.75
661 , 80.07
662 , 88.67
663 , 79.6
664 , 84.65
665 , 79.24
666 , 84.7
667 , 80.01
668 , 85.39
669 , 82.48
670 , 85.38
671 , 82.04
672 , 85.32
673 , 81.85
674 , 85.8
675 , 82.08
676 , 85.51
677 , 82.65
678 , 85.37
679 , 82.19
680 , 84.95
681 , 82.09
682 , 85.91
683 , 80.64
684 , 84.33
685 , 79.24
686 , 85.33
687 , 83.01
688 , 86.77
689 , 82.6
690 , 85.34
691 , 85.0
692 , 87.12
693 , 84.74
694 , 87.94
695 , 87.27
696 , 87.61
697 , 81.42
698 , 84.81
699 , 79.53
700 , 85.43
701 , 79.18
702 , 85.73
703 , 82.85
704 , 85.08
705 , 82.27
706 , 85.58
707 , 82.68
708 , 86.42
709 , 82.21
710 , 85.98
711 , 81.85
712 , 85.69
713 , 83.06
714 , 85.41
715 , 82.91
716 , 85.5
717 , 82.1
718 , 84.87
719 , 82.75
720 , 88.37
721 , 83.1
722 , 84.62
723 , 79.65
724 , 84.51
725 , 79.31
726 , 84.74
727 , 80.01
728 , 84.71
729 , 80.64
730 , 84.8
731 , 80.09
732 , 84.42
733 , 79.44
734 , 84.72
735 , 79.31
736 , 84.62
737 , 82.5
738 , 86.18
739 , 82.73
740 , 85.52
741 , 82.83
742 , 85.08
743 , 81.98
744 , 86.1
745 , 82.15
746 , 86.07
747 , 82.61
748 , 85.55
749 , 82.17
750 , 85.61
751 , 82.78
752 , 85.1
753 , 82.06
754 , 85.34
755 , 82.06
756 , 86.09
757 , 4.87
758 , 2.98
759 , 2.73
760 , 2.73
761 , 2.73
762 , 2.99
763 , 2.73
764 , 2.73
765 , 2.74
766 , 2.75
767 , 2.72
768 , 2.73
769 , 2.73
770 , 2.73
771 , 2.73
772 , 2.74
773 , 2.76
774 , 2.74
775 , 2.74
776 , 2.73
777 , 2.73
778 , 2.73
779 , 2.73
780 , 2.73
781 , 2.73
782 , 2.73
783 , 2.73
784 , 2.73
785 , 2.73
786 , 2.73
787 , 2.73
788 , 2.74
789 , 2.74
790 , 2.74
791 , 2.74
792 , 2.72
793 , 2.73
794 , 2.73
795 , 2.73
796 , 2.73
797 , 2.73
798 , 2.72
799 , 2.73
800 , 2.73
801 , 2.73
802 , 2.73
803 , 2.73
804 , 2.74
805 , 2.74
806 , 2.74
807 , 2.75
808 , 2.73
809 , 2.73
810 , 2.74
811 , 2.73
812 , 2.73
813 , 2.83
814 , 2.74
815 , 2.74
816 , 2.73
817 , 2.73
818 , 2.73
819 , 2.73
820 , 2.74
821 , 2.74
822 , 2.74
823 , 2.74
824 , 2.74
825 , 2.73
826 , 2.74
827 , 2.74
828 , 2.73
829 , 2.73
830 , 2.73
831 , 2.72
832 , 2.73
833 , 2.73
834 , 2.73
835 , 2.73
836 , 2.74
837 , 2.74
838 , 2.74
839 , 2.74
840 , 2.74
841 , 2.75
842 , 2.74
843 , 2.73
844 , 2.73
845 , 2.73
846 , 2.73
847 , 2.72
848 , 2.73
849 , 2.73
850 , 2.73
851 , 2.73
852 , 2.73
853 , 2.73
854 , 2.74
855 , 2.73
856 , 2.74
857 , 2.74
858 , 2.74
859 , 2.73
860 , 2.73
861 , 2.73
862 , 2.73
863 , 2.73
864 , 2.72
865 , 2.73
866 , 2.72
867 , 2.73
868 , 2.73
869 , 2.74
870 , 2.73
871 , 2.74
872 , 2.73
873 , 2.74
874 , 2.74
875 , 2.74
876 , 2.74
877 , 83.22
878 , 86.14
879 , 82.87
880 , 84.73
881 , 81.22
882 , 84.71
883 , 80.64
884 , 84.71
885 , 80.77
886 , 83.03
887 , 80.74
888 , 84.7
889 , 80.76
890 , 85.06
891 , 83.24
892 , 85.52
893 , 83.55
894 , 89.81
895 , 83.16
896 , 79.45
897 , 81.53
898 , 77.66
899 , 80.43
900 , 76.65
901 , 77.79
902 , 71.12
903 , 73.48
904 , 69.05
905 , 70.08
906 , 67.45
907 , 67.13
908 , 64.85
909 , 63.52
910 , 62.37
911 , 61.38
912 , 58.25
913 , 61.04
914 , 58.03
915 , 61.16
916 , 58.19
917 , 60.24
918 , 58.06
919 , 60.11
920 , 61.01
921 , 61.12
922 , 58.2
923 , 60.4
924 , 58.06
925 , 60.96
926 , 58.29
927 , 60.41
928 , 59.32
929 , 61.32
930 , 59.62
931 , 61.28
932 , 57.63
933 , 60.57
934 , 58.49
935 , 61.85
936 , 58.89
937 , 60.96
938 , 57.77
939 , 61.48
940 , 58.05
941 , 61.28
942 , 58.87
943 , 61.16
944 , 59.05
945 , 61.11
946 , 55.79
947 , 58.03
948 , 53.82
949 , 55.33
950 , 50.64
951 , 52.8
952 , 49.37
953 , 50.18
954 , 48.42
955 , 48.03
956 , 44.85
957 , 46.55
958 , 42.44
959 , 44.67
960 , 42.04
961 , 41.66
962 , 39.55
963 , 41.16
964 , 37.68
965 , 39.18
966 , 36.72
967 , 36.83
968 , 34.06
969 , 35.86
970 , 34.37
971 , 35.86
972 , 34.29
973 , 35.31
974 , 34.37
975 , 35.85
976 , 34.28
977 , 35.93
978 , 34.3
979 , 35.91
980 , 34.71
981 , 35.7
982 , 35.69
983 , 35.84
984 , 34.31
985 , 35.27
986 , 34.45
987 , 36.08
988 , 34.82
989 , 35.69
990 , 34.3
991 , 36.02
992 , 34.01
993 , 36.28
994 , 34.27
995 , 36.0
996 , 34.42
997 , 35.91
998 , 34.16
999 , 35.72
1000 , 34.24
1001 , 35.75
1002 , 34.24
1003 , 35.8
1004 , 34.3
1005 , 35.57
1006 , 34.52
1007 , 36.11
1008 , 34.6
1009 , 35.66
1010 , 34.26
1011 , 35.71
1012 , 34.01
1013 , 35.62
1014 , 34.3
1015 , 35.71
1016 , 34.23
1017 , 35.64
1018 , 34.32
1019 , 35.49
1020 , 34.24
1021 , 35.92
1022 , 34.58
1023 , 36.17
1024 , 34.06
1025 , 33.32
1026 , 31.79
1027 , 33.46
1028 , 30.15
1029 , 30.39
1030 , 29.01
1031 , 30.45
1032 , 27.4
1033 , 27.69
1034 , 26.8
1035 , 27.79
1036 , 25.32
1037 , 25.49
1038 , 23.89
1039 , 25.16
1040 , 23.66
1041 , 23.63
1042 , 21.39
1043 , 22.32
1044 , 21.28
1045 , 22.24
1046 , 20.28
1047 , 20.31
1048 , 18.75
1049 , 19.55
1050 , 18.71
1051 , 19.53
1052 , 17.92
1053 , 17.83
1054 , 16.22
1055 , 16.59
1056 , 16.23
1057 , 16.65
1058 , 15.89
1059 , 16.09
1060 , 14.88
1061 , 14.62
1062 , 13.56
1063 , 13.73
1064 , 13.28
1065 , 13.78
1066 , 13.41
1067 , 82.37
1068 , 84.28
1069 , 81.76
1070 , 85.11
1071 , 81.35
1072 , 85.61
1073 , 81.79
1074 , 85.34
1075 , 81.46
1076 , 85.99
1077 , 81.41
1078 , 85.1
1079 , 81.68
1080 , 84.88
1081 , 81.48
1082 , 85.19
1083 , 82.9
1084 , 85.34
1085 , 82.49
1086 , 85.38
1087 , 82.35
1088 , 85.79
1089 , 79.0
1090 , 84.22
1091 , 79.49
1092 , 84.96
1093 , 81.36
1094 , 83.83
1095 , 85.78
1096 , 86.88
1097 , 82.24
1098 , 86.06
1099 , 81.83
1100 , 85.33
1101 , 81.04
1102 , 84.35
1103 , 78.87
1104 , 83.81
1105 , 79.74
1106 , 83.72
1107 , 78.99
1108 , 84.68
1109 , 79.72
1110 , 84.2
1111 , 81.91
1112 , 85.17
1113 , 81.88
1114 , 85.38
1115 , 80.91
1116 , 84.24
1117 , 79.72
1118 , 84.56
1119 , 81.79
1120 , 85.49
1121 , 79.44
1122 , 84.22
1123 , 80.96
1124 , 84.1
1125 , 79.33
1126 , 84.29
1127 , 79.22
1128 , 84.35
1129 , 81.39
1130 , 85.2
1131 , 82.22
1132 , 85.5
1133 , 81.05
1134 , 84.17
1135 , 79.07
1136 , 84.27
1137 , 79.24
1138 , 84.23
1139 , 79.26
1140 , 84.24
1141 , 79.03
1142 , 84.29
1143 , 80.74
1144 , 84.21
1145 , 78.96
1146 , 85.26
1147 , 81.51
1148 , 85.49
1149 , 80.86
1150 , 84.47
1151 , 80.89
1152 , 84.19
1153 , 78.92
1154 , 84.26
1155 , 83.7
1156 , 84.06
1157 , 78.65
1158 , 84.26
1159 , 78.91
1160 , 84.11
1161 , 78.88
1162 , 83.75
1163 , 83.11
1164 , 84.26
1165 , 81.39
1166 , 84.56
1167 , 82.41
1168 , 84.46
1169 , 81.46
1170 , 84.5
1171 , 81.28
1172 , 84.03
1173 , 79.44
1174 , 84.14
1175 , 80.55
1176 , 83.72
1177 , 78.76
1178 , 83.79
1179 , 79.36
1180 , 84.63
1181 , 81.45
1182 , 84.63
1183 , 81.67
1184 , 85.58
1185 , 81.46
1186 , 85.6
1187 , 81.79
1188 , 87.01
1189 , 81.4
1190 , 84.73
1191 , 82.7
1192 , 84.55
1193 , 83.04
1194 , 84.79
1195 , 81.61
1196 , 84.45
1197 , 81.29
1198 , 84.78
1199 , 81.36
1200 , 84.35
1201 , 81.49
1202 , 84.32
1203 , 81.44
1204 , 84.42
1205 , 85.83
1206 , 86.72
1207 , 84.74
1208 , 86.0
1209 , 79.15
1210 , 84.06
1211 , 79.02
1212 , 83.91
1213 , 79.6
1214 , 88.76
1215 , 82.53
1216 , 84.55
1217 , 82.03
1218 , 84.58
1219 , 82.05
1220 , 84.57
1221 , 82.13
1222 , 84.56
1223 , 81.56
1224 , 84.37
1225 , 81.33
1226 , 85.17
1227 , 81.24
1228 , 84.36
1229 , 81.18
1230 , 84.24
1231 , 81.8
1232 , 85.32
1233 , 81.22
1234 , 84.52
1235 , 81.55
1236 , 84.6
1237 , 81.27
1238 , 84.49
1239 , 81.19
1240 , 84.27
1241 , 81.51
1242 , 84.49
1243 , 81.49
1244 , 84.18
1245 , 79.19
1246 , 83.79
1247 , 78.66
1248 , 84.67
1249 , 81.48
1250 , 84.55
1251 , 79.83
1252 , 83.96
1253 , 78.61
1254 , 81.97
1255 , 78.91
1256 , 83.8
1257 , 79.41
1258 , 83.87
1259 , 79.74
1260 , 83.93
1261 , 79.86
1262 , 83.84
1263 , 79.99
1264 , 83.82
1265 , 81.94
1266 , 84.36
1267 , 81.99
1268 , 84.84
1269 , 81.5
1270 , 84.61
1271 , 82.53
1272 , 84.06
1273 , 85.06
1274 , 84.65
1275 , 81.97
1276 , 85.94
1277 , 82.95
1278 , 85.02
1279 , 81.85
1280 , 84.89
1281 , 82.38
1282 , 84.54
1283 , 80.96
1284 , 83.82
1285 , 78.77
1286 , 83.97
1287 , 78.82
1288 , 83.74
1289 , 78.82
1290 , 83.98
1291 , 79.42
1292 , 83.95
1293 , 78.75
1294 , 84.17
1295 , 79.35
1296 , 84.43
1297 , 78.79
1298 , 83.92
1299 , 81.53
1300 , 84.39
1301 , 81.32
1302 , 84.43
1303 , 81.61
1304 , 84.41
1305 , 81.51
1306 , 84.5
1307 , 81.32
1308 , 84.35
1309 , 81.42
1310 , 80.12
1311 , 80.9
1312 , 74.24
1313 , 74.24
1314 , 68.18
1315 , 68.38
1316 , 63.08
1317 , 62.41
1318 , 57.1
1319 , 56.17
1320 , 53.06
1321 , 51.81
1322 , 47.24
1323 , 49.54
1324 , 47.12
1325 , 49.25
1326 , 48.72
1327 , 49.6
1328 , 48.07
1329 , 49.46
1330 , 47.27
1331 , 49.63
1332 , 47.67
1333 , 48.85
1334 , 48.07
1335 , 49.34
1336 , 47.21
1337 , 49.63
1338 , 47.23
1339 , 49.56
1340 , 47.95
1341 , 49.3
1342 , 47.17
1343 , 49.55
1344 , 51.51
1345 , 49.49
1346 , 48.01
1347 , 49.44
1348 , 47.28
1349 , 49.49
1350 , 47.21
1351 , 49.46
1352 , 48.53
1353 , 49.29
1354 , 47.64
1355 , 49.61
1356 , 47.49
1357 , 49.47
1358 , 47.1
1359 , 49.43
1360 , 47.17
1361 , 49.68
1362 , 46.96
1363 , 47.09
1364 , 43.01
1365 , 43.08
1366 , 39.37
1367 , 39.87
1368 , 36.21
1369 , 36.16
1370 , 33.25
1371 , 33.25
1372 , 30.16
1373 , 30.06
1374 , 27.69
1375 , 27.47
1376 , 25.69
1377 , 25.14
1378 , 23.32
1379 , 23.05
1380 , 21.01
1381 , 21.1
1382 , 19.31
1383 , 19.28
1384 , 17.7
1385 , 17.71
1386 , 15.78
1387 , 16.57
1388 , 16.03
1389 , 16.36
1390 , 15.81
1391 , 16.49
1392 , 15.77
1393 , 16.52
1394 , 15.81
1395 , 16.39
1396 , 15.84
1397 , 16.44
1398 , 15.72
1399 , 16.68
1400 , 15.82
1401 , 16.57
1402 , 15.79
1403 , 16.55
1404 , 15.88
1405 , 16.44
1406 , 15.8
1407 , 16.5
1408 , 15.84
1409 , 16.48
1410 , 15.72
1411 , 16.56
1412 , 15.68
1413 , 16.54
1414 , 15.84
1415 , 16.47
1416 , 15.9
1417 , 16.4
1418 , 15.89
1419 , 16.55
1420 , 15.86
1421 , 16.55
1422 , 15.75
1423 , 16.61
1424 , 15.71
1425 , 16.63
1426 , 15.76
1427 , 16.57
1428 , 15.84
1429 , 16.52
1430 , 15.98
1431 , 16.54
1432 , 15.88
1433 , 16.56
1434 , 16.05
1435 , 16.93
1436 , 16.07
1437 , 16.64
1438 , 15.81
1439 , 16.65
1440 , 15.76
1441 , 16.71
1442 , 15.86
1443 , 16.6
1444 , 15.84
1445 , 16.6
1446 , 15.82
1447 , 16.63
1448 , 15.77
1449 , 16.44
1450 , 15.82
1451 , 16.52
1452 , 15.82
1453 , 16.45
1454 , 15.84
1455 , 16.5
1456 , 15.82
1457 , 16.63
1458 , 15.78
1459 , 16.43
1460 , 15.77
1461 , 16.46
1462 , 15.78
1463 , 16.55
1464 , 15.9
1465 , 16.67
1466 , 16.05
1467 , 16.53
1468 , 15.8
1469 , 16.59
1470 , 15.9
1471 , 16.59
1472 , 15.81
1473 , 16.59
1474 , 15.83
1475 , 16.58
1476 , 15.76
1477 , 16.57
1478 , 16.0
1479 , 16.53
1480 , 15.76
1481 , 16.51
1482 , 15.84
1483 , 16.55
1484 , 16.02
1485 , 16.58
1486 , 15.92
1487 , 16.55
1488 , 15.85
1489 , 16.55
1490 , 15.78
1491 , 16.57
1492 , 15.86
1493 , 16.7
1494 , 15.85
1495 , 16.66
1496 , 15.8
1497 , 16.52
1498 , 15.88
1499 , 16.71
1500 , 15.23
1501 , 15.24
1502 , 13.81
1503 , 13.71
1504 , 12.42
1505 , 12.32
1506 , 11.44
1507 , 11.06
1508 , 10.25
1509 , 10.16
1510 , 9.39
1511 , 8.93
1512 , 8.63
1513 , 8.01
1514 , 7.68
1515 , 7.36
1516 , 6.85
1517 , 6.52
1518 , 6.2
1519 , 5.92
1520 , 5.64
1521 , 5.37
1522 , 5.08
1523 , 4.83
1524 , 4.56
1525 , 4.34
1526 , 4.11
1527 , 3.88
1528 , 3.87
1529 , 3.64
1530 , 3.43
1531 , 3.2
1532 , 3.19
1533 , 2.98
1534 , 2.98
1535 , 2.76
1536 , 2.74
1537 , 2.74
1538 , 2.74
1539 , 2.74
1540 , 2.73
1541 , 2.73
1542 , 2.73
1543 , 2.73
1544 , 2.74
1545 , 2.73
1546 , 2.74
1547 , 2.74
1548 , 2.74
1549 , 2.73
1550 , 2.74
1551 , 2.74
1552 , 2.74
1553 , 2.74
1554 , 2.74
1555 , 2.74
1556 , 2.74
1557 , 2.73
1558 , 2.73
1559 , 2.73
1560 , 2.74
1561 , 81.86
1562 , 84.3
1563 , 81.39
1564 , 84.11
1565 , 78.68
1566 , 83.8
1567 , 79.03
1568 , 83.74
1569 , 78.71
1570 , 83.61
1571 , 85.27
1572 , 87.25
1573 , 81.28
1574 , 84.49
1575 , 81.13
1576 , 84.36
1577 , 81.43
1578 , 84.28
1579 , 81.36
1580 , 84.41
1581 , 81.62
1582 , 84.35
1583 , 81.34
1584 , 84.5
1585 , 81.95
1586 , 83.69
1587 , 79.2
1588 , 84.37
1589 , 83.18
1590 , 84.48
1591 , 81.59
1592 , 84.03
1593 , 78.58
1594 , 83.51
1595 , 79.83
1596 , 82.14
1597 , 79.59
1598 , 83.66
1599 , 80.9
1600 , 82.27
1601 , 79.28
1602 , 83.61
1603 , 80.91
1604 , 83.69
1605 , 81.15
1606 , 84.46
1607 , 82.39
1608 , 84.05
1609 , 80.42
1610 , 83.68
1611 , 82.42
1612 , 83.93
1613 , 79.51
1614 , 83.57
1615 , 81.29
1616 , 83.81
1617 , 79.12
1618 , 83.59
1619 , 78.83
1620 , 83.66
1621 , 79.26
1622 , 84.44
1623 , 82.01
1624 , 84.37
1625 , 82.37
1626 , 84.3
1627 , 81.57
1628 , 84.57
1629 , 81.09
1630 , 84.05
1631 , 87.66
1632 , 85.38
1633 , 81.52
1634 , 85.31
1635 , 82.31
1636 , 84.37
1637 , 81.35
1638 , 84.2
1639 , 82.99
1640 , 85.19
1641 , 81.44
1642 , 84.4
1643 , 82.27
1644 , 84.35
1645 , 81.44
1646 , 84.38
1647 , 83.02
1648 , 84.26
1649 , 83.32
1650 , 84.52
1651 , 80.96
1652 , 83.8
1653 , 79.07
1654 , 84.09
1655 , 83.11
1656 , 84.34
1657 , 81.47
1658 , 84.27
1659 , 83.09
1660 , 84.25
1661 , 83.16
1662 , 84.26
1663 , 82.89
1664 , 84.32
1665 , 81.18
1666 , 84.35
1667 , 85.65
1668 , 87.28
1669 , 84.02
1670 , 84.62
1671 , 81.73
1672 , 84.33
1673 , 81.41
1674 , 84.36
1675 , 84.97
1676 , 85.86
1677 , 81.89
1678 , 85.7
1679 , 81.87
1680 , 84.51
1681 , 81.44
1682 , 84.02
1683 , 79.61
1684 , 83.77
1685 , 79.17
1686 , 83.51
1687 , 79.59
1688 , 83.89
1689 , 79.02
1690 , 89.73
1691 , 82.06
1692 , 83.92
1693 , 79.49
1694 , 83.71
1695 , 79.63
1696 , 83.83
1697 , 80.25
1698 , 83.79
1699 , 80.99
1700 , 83.69
1701 , 79.21
1702 , 83.8
1703 , 79.16
1704 , 83.61
1705 , 78.85
1706 , 84.38
1707 , 81.5
1708 , 84.63
1709 , 81.36
1710 , 85.37
1711 , 81.46
1712 , 84.42
1713 , 81.93
1714 , 84.27
1715 , 81.66
1716 , 84.28
1717 , 81.38
1718 , 84.36
1719 , 81.46
1720 , 84.39
1721 , 82.35
1722 , 84.22
1723 , 82.52
1724 , 85.17
1725 , 81.34
1726 , 78.26
1727 , 81.45
1728 , 78.05
1729 , 75.56
1730 , 69.77
1731 , 68.33
1732 , 64.47
1733 , 63.08
1734 , 58.31
1735 , 57.7
1736 , 52.25
1737 , 52.24
1738 , 51.45
1739 , 51.68
1740 , 51.54
1741 , 52.12
1742 , 49.86
1743 , 52.06
1744 , 49.93
1745 , 52.7
1746 , 51.46
1747 , 52.45
1748 , 49.94
1749 , 52.47
1750 , 49.95
1751 , 51.84
1752 , 50.73
1753 , 52.07
1754 , 49.93
1755 , 52.58
1756 , 50.06
1757 , 52.2
1758 , 49.82
1759 , 55.95
1760 , 50.73
1761 , 52.31
1762 , 49.76
1763 , 51.98
1764 , 50.68
1765 , 52.26
1766 , 49.83
1767 , 52.26
1768 , 51.28
1769 , 51.44
1770 , 50.22
1771 , 52.51
1772 , 49.89
1773 , 52.7
1774 , 50.11
1775 , 51.57
1776 , 47.17
1777 , 47.25
1778 , 43.36
1779 , 43.54
1780 , 39.98
1781 , 39.57
1782 , 36.21
1783 , 36.17
1784 , 33.25
1785 , 33.1
1786 , 30.3
1787 , 30.14
1788 , 28.59
1789 , 28.17
1790 , 26.15
1791 , 25.73
1792 , 23.43
1793 , 23.7
1794 , 21.46
1795 , 21.96
1796 , 19.69
1797 , 19.23
1798 , 18.48
1799 , 19.47
1800 , 18.52
1801 , 19.65
1802 , 18.71
1803 , 19.41
1804 , 18.49
1805 , 19.36
1806 , 18.41
1807 , 19.35
1808 , 18.49
1809 , 19.43
1810 , 18.48
1811 , 19.31
1812 , 18.53
1813 , 19.29
1814 , 18.41
1815 , 19.49
1816 , 18.49
1817 , 19.36
1818 , 18.44
1819 , 19.3
1820 , 18.48
1821 , 19.34
1822 , 18.47
1823 , 19.22
1824 , 18.44
1825 , 19.44
1826 , 18.63
1827 , 19.35
1828 , 18.48
1829 , 19.28
1830 , 18.41
1831 , 19.35
1832 , 18.39
1833 , 19.47
1834 , 18.47
1835 , 19.4
1836 , 18.42
1837 , 19.28
1838 , 18.45
1839 , 19.39
1840 , 18.45
1841 , 19.34
1842 , 19.02
1843 , 19.45
1844 , 18.59
1845 , 19.34
1846 , 18.56
1847 , 19.49
1848 , 18.51
1849 , 19.31
1850 , 18.47
1851 , 19.35
1852 , 18.51
1853 , 19.4
1854 , 18.51
1855 , 19.44
1856 , 18.73
1857 , 19.42
1858 , 18.6
1859 , 19.32
1860 , 19.09
1861 , 19.38
1862 , 18.43
1863 , 19.43
1864 , 18.44
1865 , 19.39
1866 , 18.67
1867 , 19.3
1868 , 18.44
1869 , 19.47
1870 , 18.36
1871 , 19.41
1872 , 18.57
1873 , 19.38
1874 , 18.63
1875 , 19.29
1876 , 18.62
1877 , 19.49
1878 , 18.47
1879 , 19.3
1880 , 18.6
1881 , 19.4
1882 , 18.61
1883 , 19.39
1884 , 18.57
1885 , 19.4
1886 , 18.57
1887 , 19.41
1888 , 18.49
1889 , 19.4
1890 , 18.51
1891 , 19.35
1892 , 18.55
1893 , 19.29
1894 , 18.63
1895 , 18.95
1896 , 17.5
1897 , 17.21
1898 , 15.72
1899 , 15.8
1900 , 14.38
1901 , 14.09
1902 , 13.31
1903 , 12.9
1904 , 11.81
1905 , 11.35
1906 , 10.59
1907 , 10.49
1908 , 9.74
1909 , 9.28
1910 , 8.82
1911 , 8.35
1912 , 7.88
1913 , 7.39
1914 , 7.01
1915 , 6.78
1916 , 6.51
1917 , 5.95
1918 , 5.61
1919 , 5.4
1920 , 5.08
1921 , 4.83
1922 , 4.58
1923 , 4.6
1924 , 4.34
1925 , 4.11
1926 , 3.9
1927 , 3.65
1928 , 3.64
1929 , 3.43
1930 , 3.21
1931 , 2.98
1932 , 2.98
1933 , 2.77
1934 , 2.75
1935 , 2.74
1936 , 2.73
1937 , 2.73
1938 , 2.73
1939 , 2.74
1940 , 2.74
1941 , 2.74
1942 , 2.74
1943 , 2.74
1944 , 2.74
1945 , 2.75
1946 , 2.74
1947 , 2.75
1948 , 2.74
1949 , 2.74
1950 , 2.74
1951 , 2.74
1952 , 2.73
1953 , 2.73
1954 , 2.73
1955 , 2.73
1956 , 2.73
1957 , 2.73
1958 , 2.75
1959 , 2.75
1960 , 2.74
1961 , 2.75
1962 , 2.75
1963 , 2.74
1964 , 2.75
1965 , 2.74
1966 , 2.74
1967 , 2.73
1968 , 2.74
1969 , 2.72
1970 , 2.73
1971 , 2.73
1972 , 2.73
1973 , 2.73
1974 , 2.73
1975 , 2.74
1976 , 2.74
1977 , 2.74
1978 , 2.74
1979 , 2.74
1980 , 2.75
1981 , 2.75
1982 , 2.74
1983 , 2.76
1984 , 2.75
1985 , 2.73
1986 , 2.73
1987 , 2.73
1988 , 2.73
1989 , 2.73
1990 , 2.74
1991 , 2.74
1992 , 2.74
1993 , 2.74
1994 , 2.74
1995 , 2.74
1996 , 2.74
1997 , 2.75
1998 , 84.76
1999 , 81.7
2000 , 84.46
2001 , 82.28
2002 , 84.37
2003 , 81.93
2004 , 84.05
2005 , 78.88
2006 , 83.59
2007 , 83.62
2008 , 83.97
2009 , 83.09
2010 , 84.43
2011 , 81.97
2012 , 84.53
2013 , 81.42
2014 , 85.65
2015 , 81.51
2016 , 84.46
2017 , 81.58
2018 , 84.49
2019 , 83.09
2020 , 84.48
2021 , 81.49
2022 , 85.28
2023 , 81.57
2024 , 84.57
2025 , 81.81
2026 , 84.58
2027 , 81.42
2028 , 84.64
2029 , 81.4
2030 , 85.17
2031 , 79.02
2032 , 84.14
2033 , 79.03
2034 , 84.34
2035 , 78.72
2036 , 84.35
2037 , 78.59
2038 , 84.1
2039 , 79.04
2040 , 84.37
2041 , 78.7
2042 , 84.17
2043 , 78.84
2044 , 84.14
2045 , 79.46
2046 , 83.79
2047 , 81.39
2048 , 85.92
2049 , 81.43
2050 , 85.33
2051 , 79.01
2052 , 84.6
2053 , 78.93
2054 , 84.38
2055 , 78.83
2056 , 84.3
2057 , 79.79
2058 , 85.45
2059 , 80.15
2060 , 85.21
2061 , 82.35
2062 , 85.46
2063 , 82.14
2064 , 85.18
2065 , 79.77
2066 , 90.06
2067 , 82.63
2068 , 85.81
2069 , 82.22
2070 , 84.98
2071 , 82.83
2072 , 83.33
2073 , 79.24
2074 , 84.29
2075 , 79.26
2076 , 83.69
2077 , 78.9
2078 , 84.41
2079 , 79.05
2080 , 84.32
2081 , 81.44
2082 , 85.82
2083 , 81.84
2084 , 85.47
2085 , 82.57
2086 , 84.96
2087 , 81.1
2088 , 84.56
2089 , 79.87
2090 , 84.38
2091 , 80.0
2092 , 84.39
2093 , 80.69
2094 , 84.4
2095 , 80.93
2096 , 84.22
2097 , 79.71
2098 , 85.4
2099 , 81.48
2100 , 85.2
2101 , 81.34
2102 , 85.67
2103 , 81.6
2104 , 84.04
2105 , 78.81
2106 , 84.21
2107 , 79.37
2108 , 84.26
2109 , 79.77
2110 , 84.24
2111 , 80.85
2112 , 84.22
2113 , 79.03
2114 , 84.35
2115 , 80.96
2116 , 84.23
2117 , 79.06
2118 , 84.31
2119 , 80.14
2120 , 84.58
2121 , 80.41
2122 , 84.2
2123 , 78.96
2124 , 84.41
2125 , 85.08
2126 , 86.62
2127 , 82.04
2128 , 85.33
2129 , 82.38
2130 , 85.3
2131 , 81.58
2132 , 84.96
2133 , 81.59
2134 , 85.4
2135 , 82.06
2136 , 85.18
2137 , 81.92
2138 , 80.11
2139 , 81.02
2140 , 73.8
2141 , 72.48
2142 , 67.77
2143 , 66.46
2144 , 63.33
2145 , 60.99
2146 , 56.45
2147 , 56.46
2148 , 52.79
2149 , 51.19
2150 , 47.62
2151 , 48.96
2152 , 47.4
2153 , 49.22
2154 , 47.48
2155 , 49.52
2156 , 47.12
2157 , 49.27
2158 , 47.12
2159 , 49.5
2160 , 47.39
2161 , 49.67
2162 , 48.46
2163 , 49.49
2164 , 48.97
2165 , 49.43
2166 , 48.26
2167 , 49.21
2168 , 48.93
2169 , 49.79
2170 , 47.15
2171 , 49.37
2172 , 47.97
2173 , 49.57
2174 , 47.96
2175 , 49.09
2176 , 48.87
2177 , 49.75
2178 , 48.31
2179 , 49.18
2180 , 49.39
2181 , 49.44
2182 , 47.24
2183 , 49.81
2184 , 47.94
2185 , 49.44
2186 , 47.83
2187 , 49.51
2188 , 47.25
2189 , 49.89
2190 , 46.98
2191 , 45.92
2192 , 42.87
2193 , 42.29
2194 , 38.97
2195 , 38.99
2196 , 35.74
2197 , 35.62
2198 , 32.87
2199 , 32.54
2200 , 30.01
2201 , 30.1
2202 , 27.53
2203 , 27.56
2204 , 25.31
2205 , 25.33
2206 , 23.75
2207 , 22.86
2208 , 21.18
2209 , 20.79
2210 , 19.2
2211 , 19.03
2212 , 17.33
2213 , 17.1
2214 , 15.74
2215 , 16.48
2216 , 15.75
2217 , 16.39
2218 , 15.78
2219 , 16.43
2220 , 16.22
2221 , 16.58
2222 , 16.04
2223 , 16.54
2224 , 16.09
2225 , 16.49
2226 , 16.1
2227 , 16.51
2228 , 15.9
2229 , 16.44
2230 , 15.76
2231 , 16.49
2232 , 15.74
2233 , 16.47
2234 , 15.73
2235 , 20.27
2236 , 16.22
2237 , 16.54
2238 , 15.74
2239 , 16.47
2240 , 15.79
2241 , 16.54
2242 , 15.76
2243 , 16.44
2244 , 15.81
2245 , 16.56
2246 , 15.81
2247 , 16.44
2248 , 15.74
2249 , 16.51
2250 , 15.8
2251 , 16.49
2252 , 15.72
2253 , 16.5
2254 , 15.75
2255 , 16.48
2256 , 15.86
2257 , 16.35
2258 , 15.7
2259 , 16.37
2260 , 15.74
2261 , 16.49
2262 , 15.93
2263 , 16.55
2264 , 15.7
2265 , 16.46
2266 , 15.7
2267 , 16.45
2268 , 15.75
2269 , 16.46
2270 , 15.7
2271 , 16.46
2272 , 16.18
2273 , 16.37
2274 , 16.29
2275 , 16.46
2276 , 15.65
2277 , 16.46
2278 , 15.69
2279 , 16.38
2280 , 15.7
2281 , 16.46
2282 , 16.18
2283 , 16.48
2284 , 15.68
2285 , 16.5
2286 , 16.22
2287 , 16.37
2288 , 15.74
2289 , 16.47
2290 , 15.82
2291 , 16.43
2292 , 15.67
2293 , 16.44
2294 , 15.72
2295 , 16.45
2296 , 15.89
2297 , 16.4
2298 , 15.73
2299 , 16.34
2300 , 16.26
2301 , 16.56
2302 , 16.37
2303 , 16.45
2304 , 15.71
2305 , 16.51
2306 , 15.77
2307 , 16.47
2308 , 15.8
2309 , 16.47
2310 , 16.32
2311 , 16.64
2312 , 15.85
2313 , 16.47
2314 , 15.75
2315 , 16.35
2316 , 15.75
2317 , 16.49
2318 , 16.09
2319 , 16.47
2320 , 16.06
2321 , 16.43
2322 , 16.34
2323 , 17.75
2324 , 15.93
2325 , 16.5
2326 , 16.3
2327 , 15.96
2328 , 15.16
2329 , 14.5
2330 , 13.58
2331 , 13.36
2332 , 12.35
2333 , 12.0
2334 , 10.99
2335 , 10.74
2336 , 9.88
2337 , 9.55
2338 , 8.87
2339 , 8.6
2340 , 7.92
2341 , 7.68
2342 , 6.99
2343 , 6.78
2344 , 6.49
2345 , 6.23
2346 , 5.59
2347 , 5.38
2348 , 5.1
2349 , 4.81
2350 , 4.58
2351 , 4.57
2352 , 4.32
2353 , 4.1
2354 , 3.88
2355 , 3.65
2356 , 3.64
2357 , 3.43
2358 , 3.19
2359 , 2.98
2360 , 2.97
2361 , 2.76
2362 , 2.74
2363 , 2.73
2364 , 2.74
2365 , 2.74
2366 , 2.73
2367 , 2.73
2368 , 2.74
2369 , 2.74
2370 , 2.74
2371 , 2.74
2372 , 2.74
2373 , 2.74
2374 , 2.74
2375 , 2.73
2376 , 2.72
2377 , 2.73
2378 , 2.73
2379 , 2.73
2380 , 2.73
2381 , 2.74
2382 , 2.73
2383 , 2.73
2384 , 2.74
2385 , 2.74
2386 , 2.74
2387 , 2.73
2388 , 2.74
2389 , 2.74
2390 , 8.79
2391 , 3.07
2392 , 2.73
2393 , 2.73
2394 , 2.73
2395 , 2.73
2396 , 2.73
2397 , 2.73
2398 , 2.74
2399 , 2.73
2400 , 2.73
2401 , 2.73
2402 , 2.73
2403 , 2.73
2404 , 2.72
2405 , 2.73
2406 , 2.74
2407 , 2.73
2408 , 2.72
2409 , 2.73
2410 , 2.73
2411 , 2.73
2412 , 2.73
2413 , 2.73
2414 , 2.73
2415 , 2.73
2416 , 2.73
2417 , 2.73
2418 , 2.73
2419 , 2.74
2420 , 2.73
2421 , 2.73
2422 , 2.73
2423 , 2.73
2424 , 2.73
2425 , 2.72
2426 , 2.73
2427 , 2.73
2428 , 2.72
2429 , 2.73
2430 , 2.73
2431 , 2.73
2432 , 2.73
2433 , 2.73
2434 , 2.73
2435 , 2.73
2436 , 2.72
2437 , 2.73
2438 , 2.72
2439 , 2.73
2440 , 2.74
2441 , 2.74
2442 , 2.73
2443 , 2.74
2444 , 2.73
2445 , 2.74
2446 , 2.74
2447 , 2.74
2448 , 2.74
2449 , 2.74
2450 , 2.74
2451 , 2.73
2452 , 2.73
2453 , 2.73
2454 , 2.74
2455 , 2.73
2456 , 2.74
2457 , 2.74
2458 , 2.74
2459 , 2.74
2460 , 2.74
2461 , 2.73
2462 , 2.73
2463 , 2.74
2464 , 2.74
2465 , 2.74
2466 , 2.74
2467 , 2.74
2468 , 2.73
2469 , 2.73
2470 , 2.73
2471 , 2.73
2472 , 2.74
2473 , 2.74
2474 , 2.74
2475 , 2.74
2476 , 2.74
2477 , 2.73
2478 , 2.73
2479 , 2.73
2480 , 2.73
2481 , 2.73
2482 , 2.73
2483 , 2.74
2484 , 2.73
2485 , 2.73
2486 , 2.73
2487 , 2.73
2488 , 2.73
2489 , 2.74
2490 , 2.74
2491 , 2.74
2492 , 2.74
2493 , 2.74
2494 , 2.74
2495 , 2.74
2496 , 2.74
2497 , 2.73
2498 , 2.73
2499 , 2.73
2500 , 2.73
2501 , 2.73
2502 , 2.72
2503 , 2.73
2504 , 2.73
2505 , 2.73
2506 , 2.73
2507 , 2.74
2508 , 2.74
2509 , 2.74
2510 , 2.73
2511 , 2.74
2512 , 2.73
2513 , 2.73
2514 , 2.73
2515 , 2.74
2516 , 2.74
2517 , 2.73
2518 , 2.72
2519 , 2.72
2520 , 2.72
2521 , 2.72
2522 , 2.73
2523 , 2.73
2524 , 2.74
2525 , 2.75
2526 , 2.73
2527 , 2.74
2528 , 2.74
2529 , 2.74
2530 , 2.73
2531 , 2.74
2532 , 2.73
2533 , 2.73
2534 , 2.73
2535 , 2.73
2536 , 2.73
2537 , 2.73
2538 , 2.72
2539 , 2.74
2540 , 2.74
2541 , 2.74
2542 , 2.74
2543 , 2.74
2544 , 2.73
2545 , 2.73
2546 , 2.73
2547 , 2.73
2548 , 2.73
2549 , 2.73
2550 , 2.72
2551 , 2.72
2552 , 2.72
2553 , 2.72
2554 , 2.72
2555 , 2.73
2556 , 2.73
2557 , 2.73
2558 , 2.73
2559 , 2.73
2560 , 2.73
2561 , 2.73
2562 , 2.73
2563 , 2.73
2564 , 2.73
2565 , 2.73
2566 , 2.73
2567 , 2.73
2568 , 2.73
2569 , 2.72
2570 , 2.73
2571 , 2.73
2572 , 2.73
2573 , 2.73
2574 , 2.73
2575 , 2.73
2576 , 2.74
2577 , 2.73
2578 , 2.73
2579 , 2.73
2580 , 2.73
2581 , 2.73
2582 , 2.72
2583 , 2.72
2584 , 2.73
2585 , 2.72
2586 , 2.73
2587 , 2.73
2588 , 2.73
2589 , 2.75
2590 , 2.74
2591 , 2.74
2592 , 2.74
2593 , 2.74
2594 , 2.73
2595 , 2.73
2596 , 2.73
2597 , 2.73
2598 , 2.72
2599 , 2.72
2600 , 2.72
2601 , 2.72
2602 , 2.72
2603 , 2.73
2604 , 2.73
2605 , 2.73
2606 , 2.73
2607 , 2.73
2608 , 2.73
2609 , 2.73
2610 , 2.74
2611 , 2.73
2612 , 2.73
2613 , 2.73
2614 , 2.72
2615 , 2.72
2616 , 2.72
2617 , 2.72
2618 , 2.72
2619 , 2.73
2620 , 2.73
2621 , 2.73
2622 , 2.72
2623 , 2.73
2624 , 2.73
2625 , 2.73
2626 , 2.73
2627 , 2.73
2628 , 2.73
2629 , 2.73
2630 , 2.72
2631 , 2.72
2632 , 2.72
2633 , 2.72
2634 , 2.72
2635 , 2.73
2636 , 2.74
2637 , 2.73
2638 , 2.73
2639 , 2.73
2640 , 2.73
2641 , 2.73
2642 , 2.73
2643 , 2.73
2644 , 2.73
2645 , 2.73
2646 , 2.73
2647 , 2.73
2648 , 2.73
2649 , 2.73
2650 , 2.73
2651 , 2.73
2652 , 2.73
2653 , 2.73
2654 , 2.73
2655 , 2.74
2656 , 2.73
2657 , 2.73
2658 , 2.73
2659 , 2.73
2660 , 2.73
2661 , 2.74
2662 , 2.93
2663 , 2.75
2664 , 2.73
2665 , 2.73
2666 , 2.73
2667 , 2.73
2668 , 2.73
2669 , 2.74
2670 , 2.73
2671 , 2.74
2672 , 2.73
2673 , 2.73
2674 , 2.73
2675 , 2.75
2676 , 2.74
2677 , 2.74
2678 , 2.74
2679 , 2.73
2680 , 2.73
2681 , 2.72
2682 , 2.73
2683 , 2.73
2684 , 2.72
2685 , 2.72
2686 , 2.73
2687 , 2.74
2688 , 2.74
2689 , 2.73
2690 , 2.73
2691 , 2.74
2692 , 2.73
2693 , 2.73
2694 , 2.74
2695 , 2.73
2696 , 2.73
2697 , 2.72
2698 , 2.72
2699 , 2.73
2700 , 2.73
2701 , 2.73
2702 , 2.73
2703 , 2.74
2704 , 2.73
2705 , 2.89
2706 , 2.74
2707 , 2.74
2708 , 2.73
2709 , 2.73
2710 , 2.73
2711 , 2.73
2712 , 2.74
2713 , 2.73
2714 , 2.72
2715 , 2.72
2716 , 2.72
2717 , 2.72
2718 , 2.73
2719 , 2.73
2720 , 2.73
2721 , 2.73
2722 , 2.74
2723 , 2.73
2724 , 2.73
2725 , 2.73
2726 , 2.73
2727 , 2.73
2728 , 2.74
2729 , 2.73
2730 , 2.73
2731 , 2.72
2732 , 2.72
2733 , 2.72
2734 , 2.72
2735 , 2.74
2736 , 2.73
2737 , 2.73
2738 , 2.73
2739 , 2.73
2740 , 2.73
2741 , 2.74
2742 , 2.73
2743 , 2.73
2744 , 2.73
2745 , 2.73
2746 , 2.73
2747 , 2.72
2748 , 2.72
2749 , 2.73
2750 , 2.72
2751 , 2.73
2752 , 2.73
2753 , 2.73
2754 , 2.73
2755 , 2.73
2756 , 2.73
2757 , 2.73
2758 , 2.73
2759 , 2.73
2760 , 2.74
2761 , 2.72
2762 , 2.73
2763 , 2.73
2764 , 2.72
2765 , 2.73
2766 , 2.73
2767 , 2.73
2768 , 2.73
2769 , 2.73
2770 , 2.73
2771 , 2.73
2772 , 2.73
2773 , 2.73
2774 , 2.73
2775 , 2.73
2776 , 2.73
2777 , 2.73
2778 , 2.73
2779 , 2.73
2780 , 2.73
2781 , 2.72
2782 , 2.73
2783 , 2.73
2784 , 2.73
2785 , 2.73
2786 , 2.73
2787 , 2.73
2788 , 2.73
2789 , 2.73
2790 , 2.73
2791 , 2.73
2792 , 2.73
2793 , 2.73
2794 , 2.72
2795 , 2.72
2796 , 2.73
2797 , 2.73
2798 , 2.73
2799 , 2.73
2800 , 2.73
2801 , 2.73
2802 , 2.73
2803 , 2.73
2804 , 2.73
2805 , 2.73
2806 , 2.73
2807 , 2.72
2808 , 2.73
2809 , 2.73
2810 , 2.72
2811 , 2.72
2812 , 2.72
2813 , 2.71
2814 , 2.72
2815 , 2.73
2816 , 2.72
2817 , 2.72
2818 , 2.73
2819 , 2.72
2820 , 2.72
2821 , 2.72
2822 , 2.73
2823 , 2.73
2824 , 2.73
2825 , 2.72
2826 , 2.72
2827 , 2.72
2828 , 2.71
2829 , 2.72
2830 , 2.73
2831 , 2.74
2832 , 2.72
2833 , 2.73
2834 , 2.72
2835 , 2.72
2836 , 2.72
2837 , 2.72
2838 , 2.72
2839 , 2.73
2840 , 2.72
2841 , 2.72
2842 , 2.72
2843 , 2.72
2844 , 2.72
2845 , 2.72
2846 , 2.73
2847 , 2.73
2848 , 2.73
2849 , 2.73
2850 , 2.73
2851 , 2.72
2852 , 2.72
2853 , 2.72
2854 , 2.72
2855 , 2.73
2856 , 2.72
2857 , 2.72
2858 , 2.72
2859 , 2.72
2860 , 2.72
2861 , 2.73
2862 , 2.73
2863 , 2.73
2864 , 2.73
2865 , 2.74
2866 , 2.73
2867 , 2.73
2868 , 2.72
2869 , 2.73
2870 , 2.72
2871 , 2.73
2872 , 2.72
2873 , 2.72
2874 , 2.72
2875 , 2.72
2876 , 2.72
2877 , 2.73
2878 , 2.72
2879 , 2.73
2880 , 2.72
2881 , 2.72
2882 , 2.73
2883 , 2.73
2884 , 2.72
2885 , 2.72
2886 , 2.73
2887 , 2.72
2888 , 2.72
2889 , 2.72
2890 , 2.72
2891 , 2.71
2892 , 2.72
2893 , 3.12
2894 , 2.73
2895 , 2.73
2896 , 2.73
2897 , 2.73
2898 , 2.73
2899 , 2.74
2900 , 2.73
2901 , 2.73
2902 , 2.73
2903 , 2.73
2904 , 2.73
2905 , 2.72
2906 , 2.73
2907 , 2.72
2908 , 2.72
2909 , 2.73
2910 , 2.74
2911 , 2.73
2912 , 2.73
2913 , 2.73
2914 , 2.75
2915 , 2.74
2916 , 2.74
2917 , 2.73
2918 , 2.73
2919 , 2.73
2920 , 2.73
2921 , 2.73
2922 , 2.73
2923 , 2.72
2924 , 2.73
2925 , 2.73
2926 , 2.73
2927 , 2.73
2928 , 2.73
2929 , 2.74
2930 , 2.74
2931 , 2.73
2932 , 2.74
2933 , 2.75
2934 , 2.73
2935 , 2.73
2936 , 2.74
2937 , 2.72
2938 , 2.73
2939 , 2.73
2940 , 2.73
2941 , 2.73
2942 , 2.73
2943 , 2.74
2944 , 2.74
2945 , 2.73
2946 , 2.74
2947 , 2.74
2948 , 2.73
2949 , 2.74
2950 , 2.74
2951 , 2.73
2952 , 2.73
2953 , 2.73
2954 , 2.73
2955 , 2.73
2956 , 2.72
2957 , 2.72
2958 , 2.73
2959 , 2.74
2960 , 2.73
2961 , 2.73
2962 , 2.73
2963 , 2.73
2964 , 2.73
2965 , 2.73
2966 , 2.74
2967 , 2.74
2968 , 2.74
2969 , 2.73
2970 , 2.73
2971 , 2.72
2972 , 2.73
2973 , 2.73
2974 , 2.73
2975 , 2.73
2976 , 2.73
2977 , 2.73
2978 , 2.74
2979 , 2.75
2980 , 2.74
2981 , 2.73
2982 , 2.74
2983 , 2.74
2984 , 2.74
2985 , 2.73
2986 , 2.73
2987 , 2.73
2988 , 2.74
2989 , 2.73
2990 , 2.74
2991 , 2.74
2992 , 2.73
2993 , 2.74
2994 , 2.74
2995 , 2.74
2996 , 2.74
2997 , 2.74
2998 , 2.74
2999 , 2.74
3000 , 2.73
3001 , 2.73
3002 , 2.73
3003 , 2.73
3004 , 2.73
3005 , 2.73
3006 , 2.74
3007 , 2.74
3008 , 2.74
3009 , 2.74
3010 , 2.73
3011 , 2.73
3012 , 2.74
3013 , 2.74
3014 , 2.74
3015 , 2.74
3016 , 2.78
3017 , 2.78
3018 , 2.74
3019 , 2.74
3020 , 2.74
3021 , 2.73
3022 , 2.73
3023 , 2.74
3024 , 2.74
3025 , 2.74
3026 , 2.74
3027 , 2.74
3028 , 2.74
3029 , 2.73
3030 , 2.74
3031 , 2.74
3032 , 2.74
3033 , 2.74
3034 , 2.73
3035 , 2.73
3036 , 2.74
3037 , 2.73
3038 , 2.73
3039 , 2.74
3040 , 2.74
3041 , 2.73
3042 , 2.73
3043 , 2.74
3044 , 2.74
3045 , 2.74
3046 , 2.74
3047 , 2.74
3048 , 2.74
3049 , 2.75
3050 , 2.74
3051 , 2.73
3052 , 2.74
3053 , 2.73
3054 , 2.73
3055 , 2.73
3056 , 2.73
3057 , 2.73
3058 , 2.74
3059 , 2.74
3060 , 2.74
3061 , 2.73
3062 , 2.74
3063 , 2.73
3064 , 2.73
3065 , 2.74
3066 , 2.72
3067 , 2.73
3068 , 2.73
3069 , 2.73
3070 , 2.73
3071 , 2.73
3072 , 2.73
3073 , 2.74
3074 , 2.73
3075 , 2.73
3076 , 2.74
3077 , 2.73
3078 , 2.74
3079 , 2.73
3080 , 2.74
3081 , 2.74
3082 , 2.73
3083 , 2.73
3084 , 2.73
3085 , 2.73
3086 , 2.73
3087 , 2.73
3088 , 2.73
3089 , 2.73
3090 , 2.74
3091 , 2.74
3092 , 2.74
3093 , 2.74
3094 , 2.73
3095 , 2.73
3096 , 2.73
3097 , 2.74
3098 , 85.32
3099 , 82.19
3100 , 84.3
3101 , 86.02
3102 , 85.27
3103 , 83.08
3104 , 87.29
3105 , 86.24
3106 , 86.67
3107 , 84.03
3108 , 86.79
3109 , 85.25
3110 , 84.76
3111 , 79.75
3112 , 84.39
3113 , 79.55
3114 , 83.76
3115 , 78.92
3116 , 83.87
3117 , 79.03
3118 , 84.19
3119 , 81.4
3120 , 84.67
3121 , 81.62
3122 , 84.44
3123 , 81.38
3124 , 84.38
3125 , 81.3
3126 , 84.49
3127 , 81.13
3128 , 83.6
3129 , 78.73
3130 , 83.76
3131 , 79.09
3132 , 83.73
3133 , 78.8
3134 , 83.9
3135 , 81.41
3136 , 84.53
3137 , 84.29
3138 , 86.07
3139 , 81.38
3140 , 84.34
3141 , 81.38
3142 , 84.18
3143 , 81.24
3144 , 84.86
3145 , 82.26
3146 , 84.39
3147 , 81.29
3148 , 84.34
3149 , 81.81
3150 , 84.35
3151 , 81.32
3152 , 84.41
3153 , 81.38
3154 , 84.4
3155 , 82.19
3156 , 83.95
3157 , 79.71
3158 , 83.58
3159 , 82.27
3160 , 88.91
3161 , 82.35
3162 , 85.12
3163 , 82.24
3164 , 85.01
3165 , 81.47
3166 , 84.2
3167 , 82.25
3168 , 84.38
3169 , 81.48
3170 , 84.65
3171 , 81.59
3172 , 84.28
3173 , 81.89
3174 , 84.45
3175 , 81.46
3176 , 84.48
3177 , 81.66
3178 , 84.36
3179 , 81.99
3180 , 84.35
3181 , 82.51
3182 , 84.37
3183 , 81.29
3184 , 84.04
3185 , 79.01
3186 , 84.35
3187 , 81.51
3188 , 84.44
3189 , 81.53
3190 , 83.98
3191 , 79.09
3192 , 83.66
3193 , 80.81
3194 , 86.49
3195 , 84.59
3196 , 87.18
3197 , 85.74
3198 , 85.47
3199 , 79.57
3200 , 83.51
3201 , 78.74
3202 , 81.67
3203 , 82.34
3204 , 84.57
3205 , 81.67
3206 , 84.46
3207 , 82.02
3208 , 84.52
3209 , 81.47
3210 , 84.21
3211 , 81.45
3212 , 84.59
3213 , 82.1
3214 , 84.54
3215 , 81.38
3216 , 84.77
3217 , 81.61
3218 , 84.58
3219 , 87.2
3220 , 85.06
3221 , 81.77
3222 , 84.98
3223 , 81.49
3224 , 84.43
3225 , 82.13
3226 , 84.88
3227 , 81.57
3228 , 84.34
3229 , 81.22
3230 , 84.45
3231 , 81.34
3232 , 84.22
3233 , 81.68
3234 , 84.39
3235 , 82.22
3236 , 83.56
3237 , 82.09
3238 , 84.58
3239 , 81.55
3240 , 84.23
3241 , 81.56
3242 , 84.4
3243 , 81.43
3244 , 84.22
3245 , 82.4
3246 , 84.94
3247 , 82.18
3248 , 84.25
3249 , 81.28
3250 , 84.17
3251 , 81.6
3252 , 84.19
3253 , 82.05
3254 , 84.51
3255 , 81.47
3256 , 84.28
3257 , 81.27
3258 , 83.61
3259 , 79.55
3260 , 83.49
3261 , 79.68
3262 , 84.66
3263 , 81.4
3264 , 84.49
3265 , 81.64
3266 , 84.37
3267 , 78.85
3268 , 83.65
3269 , 78.88
3270 , 83.56
3271 , 82.07
3272 , 85.08
3273 , 81.33
3274 , 86.23
3275 , 88.17
3276 , 86.14
3277 , 85.89
3278 , 90.97
3279 , 82.89
3280 , 84.77
3281 , 81.53
3282 , 84.63
3283 , 81.21
3284 , 83.68
3285 , 79.11
3286 , 83.64
3287 , 79.49
3288 , 84.34
3289 , 81.61
3290 , 84.48
3291 , 81.52
3292 , 84.63
3293 , 81.58
3294 , 84.48
3295 , 82.19
3296 , 84.31
3297 , 81.77
3298 , 84.66
3299 , 81.06
3300 , 84.5
3301 , 79.05
3302 , 78.29
3303 , 79.42
3304 , 74.41
3305 , 72.47
3306 , 68.61
3307 , 67.49
3308 , 62.93
3309 , 62.06
3310 , 57.41
3311 , 56.83
3312 , 52.76
3313 , 51.96
3314 , 50.03
3315 , 51.77
3316 , 50.11
3317 , 51.38
3318 , 50.76
3319 , 51.74
3320 , 49.86
3321 , 52.23
3322 , 49.87
3323 , 51.75
3324 , 51.65
3325 , 51.92
3326 , 51.09
3327 , 51.92
3328 , 50.05
3329 , 52.26
3330 , 49.9
3331 , 51.87
3332 , 49.96
3333 , 51.75
3334 , 51.86
3335 , 51.51
3336 , 49.94
3337 , 51.89
3338 , 50.03
3339 , 51.86
3340 , 51.27
3341 , 51.52
3342 , 51.49
3343 , 52.17
3344 , 49.77
3345 , 51.85
3346 , 50.67
3347 , 51.09
3348 , 49.87
3349 , 52.06
3350 , 49.68
3351 , 52.08
3352 , 49.51
3353 , 47.74
3354 , 45.44
3355 , 47.47
3356 , 41.18
3357 , 39.72
3358 , 36.9
3359 , 36.14
3360 , 34.05
3361 , 33.65
3362 , 31.19
3363 , 30.77
3364 , 28.86
3365 , 28.11
3366 , 26.24
3367 , 25.77
3368 , 24.12
3369 , 23.52
3370 , 22.29
3371 , 21.46
3372 , 19.78
3373 , 19.54
3374 , 18.73
3375 , 19.27
3376 , 18.62
3377 , 19.25
3378 , 18.53
3379 , 19.11
3380 , 18.62
3381 , 19.25
3382 , 18.73
3383 , 19.14
3384 , 18.63
3385 , 18.98
3386 , 18.61
3387 , 19.16
3388 , 18.61
3389 , 19.04
3390 , 18.63
3391 , 19.11
3392 , 18.56
3393 , 19.19
3394 , 18.55
3395 , 19.24
3396 , 18.6
3397 , 19.17
3398 , 18.59
3399 , 19.15
3400 , 18.63
3401 , 19.17
3402 , 18.56
3403 , 19.19
3404 , 18.64
3405 , 19.12
3406 , 18.61
3407 , 19.26
3408 , 18.47
3409 , 19.18
3410 , 18.52
3411 , 19.22
3412 , 18.67
3413 , 19.06
3414 , 18.59
3415 , 19.16
3416 , 18.66
3417 , 19.08
3418 , 18.74
3419 , 19.16
3420 , 18.61
3421 , 19.22
3422 , 18.54
3423 , 19.29
3424 , 18.99
3425 , 19.34
3426 , 18.73
3427 , 19.27
3428 , 18.48
3429 , 19.16
3430 , 18.66
3431 , 19.31
3432 , 18.79
3433 , 19.29
3434 , 18.57
3435 , 19.28
3436 , 18.61
3437 , 19.2
3438 , 18.52
3439 , 19.3
3440 , 18.73
3441 , 19.26
3442 , 18.62
3443 , 19.13
3444 , 18.63
3445 , 19.0
3446 , 18.62
3447 , 19.06
3448 , 18.68
3449 , 18.97
3450 , 18.8
3451 , 19.27
3452 , 18.57
3453 , 19.24
3454 , 18.52
3455 , 19.42
3456 , 18.69
3457 , 19.14
3458 , 18.57
3459 , 19.22
3460 , 18.58
3461 , 19.29
3462 , 18.68
3463 , 19.01
3464 , 18.58
3465 , 19.22
3466 , 18.55
3467 , 19.25
3468 , 18.49
3469 , 19.09
3470 , 18.73
3471 , 19.01
3472 , 18.12
3473 , 17.57
3474 , 16.32
3475 , 15.9
3476 , 14.77
3477 , 14.51
3478 , 13.29
3479 , 13.02
3480 , 12.37
3481 , 11.93
3482 , 11.13
3483 , 10.67
3484 , 9.95
3485 , 9.48
3486 , 8.79
3487 , 8.53
3488 , 7.92
3489 , 7.67
3490 , 7.3
3491 , 6.77
3492 , 6.48
3493 , 6.21
3494 , 5.93
3495 , 5.62
3496 , 5.39
3497 , 5.08
3498 , 4.82
3499 , 4.59
3500 , 4.34
3501 , 4.11
3502 , 3.89
3503 , 3.67
3504 , 3.64
3505 , 3.44
3506 , 3.2
3507 , 3.19
3508 , 2.98
3509 , 2.99
3510 , 2.77
3511 , 2.74
3512 , 2.73
3513 , 2.74
3514 , 2.74
3515 , 2.74
3516 , 2.74
3517 , 2.74
3518 , 2.74
3519 , 2.75
3520 , 2.74
3521 , 2.74
3522 , 2.74
3523 , 2.74
3524 , 2.74
3525 , 2.73
3526 , 2.74
3527 , 2.74
3528 , 2.74
3529 , 2.74
3530 , 2.74
3531 , 2.74
3532 , 2.74
3533 , 2.73
3534 , 2.74
3535 , 2.74
3536 , 2.73
3537 , 2.74
3538 , 2.74
3539 , 79.32
3540 , 83.63
3541 , 79.05
3542 , 83.87
3543 , 81.29
3544 , 84.33
3545 , 81.28
3546 , 84.22
3547 , 79.21
3548 , 83.77
3549 , 78.74
3550 , 83.68
3551 , 79.8
3552 , 83.61
3553 , 79.12
3554 , 83.56
3555 , 79.27
3556 , 83.65
3557 , 79.23
3558 , 84.63
3559 , 85.86
3560 , 84.41
3561 , 81.44
3562 , 89.07
3563 , 81.73
3564 , 83.41
3565 , 81.74
3566 , 84.55
3567 , 81.37
3568 , 84.32
3569 , 81.46
3570 , 84.44
3571 , 81.49
3572 , 84.24
3573 , 81.34
3574 , 84.15
3575 , 82.28
3576 , 84.0
3577 , 81.32
3578 , 84.48
3579 , 81.38
3580 , 84.66
3581 , 82.85
3582 , 84.4
3583 , 81.44
3584 , 84.31
3585 , 81.41
3586 , 84.15
3587 , 81.44
3588 , 83.76
3589 , 78.81
3590 , 83.69
3591 , 79.03
3592 , 82.57
3593 , 78.8
3594 , 84.24
3595 , 82.78
3596 , 83.63
3597 , 79.02
3598 , 83.74
3599 , 78.59
3600 , 84.38
3601 , 81.26
3602 , 84.38
3603 , 78.84
3604 , 83.44
3605 , 78.74
3606 , 83.18
3607 , 78.71
3608 , 83.39
3609 , 79.0
3610 , 83.15
3611 , 81.27
3612 , 84.23
3613 , 81.32
3614 , 84.37
3615 , 81.39
3616 , 84.24
3617 , 81.42
3618 , 84.27
3619 , 81.4
3620 , 84.32
3621 , 86.38
3622 , 85.53
3623 , 81.28
3624 , 84.64
3625 , 81.81
3626 , 84.59
3627 , 81.57
3628 , 84.18
3629 , 81.3
3630 , 84.57
3631 , 81.32
3632 , 84.63
3633 , 81.52
3634 , 84.34
3635 , 82.22
3636 , 84.18
3637 , 81.33
3638 , 84.56
3639 , 81.33
3640 , 84.68
3641 , 81.57
3642 , 84.57
3643 , 81.22
3644 , 84.48
3645 , 81.46
3646 , 84.54
3647 , 81.09
3648 , 85.18
3649 , 81.37
3650 , 84.42
3651 , 81.32
3652 , 85.19
3653 , 81.21
3654 , 84.33
3655 , 81.24
3656 , 84.2
3657 , 81.15
3658 , 85.01
3659 , 81.37
3660 , 83.13
3661 , 78.88
3662 , 84.27
3663 , 78.94
3664 , 83.5
3665 , 78.72
3666 , 84.41
3667 , 78.65
3668 , 83.76
3669 , 78.64
3670 , 83.6
3671 , 78.83
3672 , 83.2
3673 , 79.74
3674 , 83.43
3675 , 78.73
3676 , 83.87
3677 , 78.95
3678 , 84.11
3679 , 81.84
3680 , 84.49
3681 , 86.76
3682 , 84.56
3683 , 81.17
3684 , 84.38
3685 , 81.98
3686 , 84.19
3687 , 81.29
3688 , 84.32
3689 , 82.27
3690 , 84.29
3691 , 81.23
3692 , 84.43
3693 , 78.93
3694 , 83.54
3695 , 80.39
3696 , 84.27
3697 , 78.87
3698 , 83.89
3699 , 78.59
3700 , 82.46
3701 , 79.58
3702 , 83.76
3703 , 78.74
3704 , 83.96
3705 , 80.9
3706 , 78.5
3707 , 76.03
3708 , 71.57
3709 , 69.74
3710 , 64.58
3711 , 63.81
3712 , 59.63
3713 , 59.22
3714 , 55.17
3715 , 54.34
3716 , 49.84
3717 , 51.75
3718 , 50.07
3719 , 51.55
3720 , 49.88
3721 , 52.07
3722 , 49.9
3723 , 51.71
3724 , 50.31
3725 , 51.83
3726 , 49.47
3727 , 51.76
3728 , 50.5
3729 , 51.46
3730 , 50.12
3731 , 51.72
3732 , 50.16
3733 , 51.74
3734 , 51.63
3735 , 51.85
3736 , 51.16
3737 , 51.7
3738 , 52.05
3739 , 51.7
3740 , 49.76
3741 , 51.66
3742 , 49.78
3743 , 51.48
3744 , 49.79
3745 , 51.21
3746 , 49.74
3747 , 51.84
3748 , 50.72
3749 , 51.84
3750 , 49.83
3751 , 51.06
3752 , 50.19
3753 , 51.44
3754 , 51.5
3755 , 49.24
3756 , 46.67
3757 , 45.6
3758 , 46.49
3759 , 42.65
3760 , 39.55
3761 , 38.28
3762 , 35.8
3763 , 35.01
3764 , 32.79
3765 , 32.06
3766 , 29.99
3767 , 29.29
3768 , 27.66
3769 , 26.6
3770 , 24.85
3771 , 24.2
3772 , 22.89
3773 , 22.6
3774 , 20.7
3775 , 20.34
3776 , 18.93
3777 , 19.13
3778 , 18.82
3779 , 19.22
3780 , 18.81
3781 , 19.28
3782 , 18.39
3783 , 18.98
3784 , 18.52
3785 , 19.17
3786 , 18.48
3787 , 19.08
3788 , 18.77
3789 , 19.12
3790 , 18.58
3791 , 19.15
3792 , 18.35
3793 , 19.22
3794 , 18.49
3795 , 19.12
3796 , 18.63
3797 , 19.22
3798 , 18.62
3799 , 19.09
3800 , 18.58
3801 , 19.15
3802 , 18.6
3803 , 19.19
3804 , 18.6
3805 , 19.12
3806 , 18.68
3807 , 18.91
3808 , 18.47
3809 , 19.21
3810 , 18.79
3811 , 19.11
3812 , 18.62
3813 , 19.1
3814 , 6.09
3815 , 3.1
3816 , 2.75
3817 , 2.75
3818 , 2.74
3819 , 2.74
3820 , 2.74
3821 , 2.73
3822 , 2.74
3823 , 2.74
3824 , 2.74
3825 , 2.74
3826 , 2.76
3827 , 2.76
3828 , 2.74
3829 , 2.75
3830 , 2.74
3831 , 2.74
3832 , 2.74
3833 , 2.74
3834 , 2.74
3835 , 2.74
3836 , 2.74
3837 , 2.73
3838 , 2.73
3839 , 2.73
3840 , 2.74
3841 , 2.73
3842 , 2.74
3843 , 2.75
3844 , 2.74
3845 , 2.75
3846 , 2.74
3847 , 2.74
3848 , 2.74
3849 , 2.74
3850 , 2.74
3851 , 2.74
3852 , 2.74
3853 , 2.73
3854 , 2.74
3855 , 2.73
3856 , 2.73
3857 , 2.73
3858 , 2.73
3859 , 2.73
3860 , 2.74
3861 , 2.74
3862 , 2.74
3863 , 2.74
3864 , 2.73
3865 , 2.73
3866 , 2.73
3867 , 2.74
3868 , 2.74
3869 , 2.74
3870 , 2.73
3871 , 2.72
3872 , 2.73
3873 , 2.72
3874 , 2.73
3875 , 2.73
3876 , 2.73
3877 , 2.74
3878 , 2.73
3879 , 2.73
3880 , 2.74
3881 , 2.74
3882 , 2.74
3883 , 2.74
3884 , 2.74
3885 , 2.74
3886 , 2.74
3887 , 2.78
3888 , 3.94
3889 , 3.57
3890 , 2.8
3891 , 2.76
3892 , 2.75
3893 , 2.75
3894 , 2.76
3895 , 2.77
3896 , 2.75
3897 , 2.75
3898 , 2.75
3899 , 2.74
3900 , 2.74
3901 , 2.74
3902 , 2.75
3903 , 2.74
3904 , 2.73
3905 , 2.75
3906 , 2.74
3907 , 2.76
3908 , 2.74
3909 , 2.74
3910 , 2.74
3911 , 2.74
3912 , 2.74
3913 , 2.74
3914 , 2.74
3915 , 2.74
3916 , 2.73
3917 , 2.73
3918 , 2.74
3919 , 2.74
3920 , 2.74
3921 , 2.74
3922 , 2.74
3923 , 3.13
3924 , 2.84
3925 , 2.75
3926 , 2.76
3927 , 2.75
3928 , 2.74
3929 , 2.74
3930 , 2.74
3931 , 2.74
3932 , 2.74
3933 , 2.74
3934 , 2.76
3935 , 2.74
3936 , 2.74
3937 , 2.73
3938 , 2.73
3939 , 2.73
3940 , 2.73
3941 , 2.73
3942 , 2.74
3943 , 2.74
3944 , 2.74
3945 , 2.73
3946 , 2.74
3947 , 2.74
3948 , 2.75
3949 , 2.74
3950 , 2.73
3951 , 2.74
3952 , 2.73
3953 , 2.73
3954 , 2.72
3955 , 2.73
3956 , 2.73
3957 , 2.73
3958 , 2.74
3959 , 2.73
3960 , 2.76
3961 , 2.73
3962 , 2.73
3963 , 2.73
3964 , 2.74
3965 , 2.74
3966 , 2.74
3967 , 2.74
3968 , 2.73
3969 , 2.74
3970 , 2.73
3971 , 2.73
3972 , 2.73
3973 , 2.74
3974 , 2.73
3975 , 2.73
3976 , 2.73
3977 , 2.73
3978 , 2.73
3979 , 2.73
3980 , 2.73
3981 , 2.73
3982 , 2.74
3983 , 2.74
3984 , 2.72
3985 , 2.73
3986 , 2.73
3987 , 2.74
3988 , 2.73
3989 , 2.74
3990 , 2.73
3991 , 2.73
3992 , 2.73
3993 , 2.73
3994 , 2.73
3995 , 2.73
3996 , 2.73
3997 , 2.73
3998 , 2.74
3999 , 2.73
4000 , 2.72
4001 , 2.73
4002 , 2.73
4003 , 2.73
4004 , 2.73
4005 , 2.73
4006 , 2.73
4007 , 2.73
4008 , 2.73
4009 , 2.73
4010 , 2.74
4011 , 2.73
4012 , 2.73
4013 , 2.75
4014 , 2.73
4015 , 2.73
4016 , 2.73
4017 , 2.73
4018 , 2.72
4019 , 2.73
4020 , 2.73
4021 , 2.73
4022 , 2.74
4023 , 2.73
4024 , 2.74
4025 , 2.73
4026 , 2.73
4027 , 2.73
4028 , 84.94
4029 , 81.76
4030 , 84.01
4031 , 81.2
4032 , 84.0
4033 , 80.48
4034 , 84.21
4035 , 79.64
4036 , 84.12
4037 , 79.11
4038 , 83.44
4039 , 80.56
4040 , 83.7
4041 , 79.71
4042 , 83.82
4043 , 78.77
4044 , 83.71
4045 , 79.44
4046 , 83.64
4047 , 79.36
4048 , 83.56
4049 , 79.12
4050 , 83.54
4051 , 78.88
4052 , 84.36
4053 , 81.69
4054 , 84.16
4055 , 81.7
4056 , 84.93
4057 , 81.42
4058 , 84.89
4059 , 81.23
4060 , 84.12
4061 , 79.15
4062 , 89.75
4063 , 80.01
4064 , 83.7
4065 , 78.77
4066 , 83.49
4067 , 78.91
4068 , 83.32
4069 , 79.16
4070 , 84.16
4071 , 83.72
4072 , 84.97
4073 , 81.31
4074 , 84.26
4075 , 81.4
4076 , 84.43
4077 , 82.82
4078 , 84.15
4079 , 79.54
4080 , 83.38
4081 , 81.19
4082 , 83.6
4083 , 79.14
4084 , 83.46
4085 , 78.9
4086 , 84.27
4087 , 81.2
4088 , 83.15
4089 , 78.79
4090 , 83.68
4091 , 80.88
4092 , 83.49
4093 , 78.65
4094 , 83.65
4095 , 78.86
4096 , 83.14
4097 , 80.86
4098 , 83.5
4099 , 79.8
4100 , 83.84
4101 , 78.66
4102 , 82.56
4103 , 79.35
4104 , 83.65
4105 , 78.79
4106 , 82.64
4107 , 80.69
4108 , 83.72
4109 , 79.43
4110 , 78.0
4111 , 79.48
4112 , 73.66
4113 , 72.29
4114 , 68.11
4115 , 65.21
4116 , 61.71
4117 , 60.76
4118 , 56.64
4119 , 55.9
4120 , 51.58
4121 , 50.97
4122 , 47.33
4123 , 49.27
4124 , 48.83
4125 , 49.06
4126 , 54.08
4127 , 49.66
4128 , 46.99
4129 , 49.37
4130 , 47.48
4131 , 49.15
4132 , 47.25
4133 , 49.09
4134 , 48.09
4135 , 49.28
4136 , 47.45
4137 , 49.1
4138 , 48.2
4139 , 49.2
4140 , 46.92
4141 , 49.2
4142 , 47.06
4143 , 48.97
4144 , 47.22
4145 , 49.23
4146 , 47.13
4147 , 49.1
4148 , 47.38
4149 , 48.71
4150 , 47.13
4151 , 48.94
4152 , 47.04
4153 , 48.85
4154 , 46.98
4155 , 48.76
4156 , 49.32
4157 , 48.53
4158 , 48.71
4159 , 48.67
4160 , 47.03
4161 , 48.86
4162 , 46.77
4163 , 45.96
4164 , 42.86
4165 , 42.16
4166 , 39.22
4167 , 38.66
4168 , 36.07
4169 , 35.82
4170 , 33.94
4171 , 32.38
4172 , 31.32
4173 , 29.79
4174 , 28.3
4175 , 27.1
4176 , 25.57
4177 , 24.64
4178 , 22.92
4179 , 22.4
4180 , 20.8
4181 , 20.54
4182 , 18.83
4183 , 18.57
4184 , 17.62
4185 , 16.95
4186 , 16.15
4187 , 16.32
4188 , 15.95
4189 , 16.39
4190 , 15.82
4191 , 16.36
4192 , 15.9
4193 , 16.32
4194 , 15.81
4195 , 16.38
4196 , 15.84
4197 , 16.34
4198 , 15.69
4199 , 16.4
4200 , 15.85
4201 , 16.36
4202 , 15.86
4203 , 16.32
4204 , 16.27
4205 , 16.48
4206 , 16.26
4207 , 16.3
4208 , 16.22
4209 , 16.28
4210 , 16.26
4211 , 16.33
4212 , 16.19
4213 , 16.3
4214 , 15.71
4215 , 16.43
4216 , 16.1
4217 , 16.38
4218 , 15.79
4219 , 16.26
4220 , 15.85
4221 , 16.35
4222 , 15.83
4223 , 16.41
4224 , 15.86
4225 , 16.37
4226 , 15.87
4227 , 16.22
4228 , 16.22
4229 , 16.39
4230 , 15.78
4231 , 16.4
4232 , 15.81
4233 , 16.42
4234 , 16.17
4235 , 16.38
4236 , 15.82
4237 , 16.33
4238 , 15.81
4239 , 16.27
4240 , 15.84
4241 , 16.34
4242 , 15.97
4243 , 16.42
4244 , 16.28
4245 , 16.46
4246 , 16.2
4247 , 16.28
4248 , 15.89
4249 , 16.37
4250 , 15.75
4251 , 16.26
4252 , 15.76
4253 , 16.31
4254 , 15.81
4255 , 16.37
4256 , 15.83
4257 , 16.42
4258 , 15.79
4259 , 16.35
4260 , 15.73
4261 , 16.42
4262 , 15.8
4263 , 16.4
4264 , 16.12
4265 , 16.51
4266 , 16.0
4267 , 16.53
4268 , 15.71
4269 , 16.5
4270 , 16.23
4271 , 16.49
4272 , 15.94
4273 , 16.62
4274 , 15.83
4275 , 16.26
4276 , 15.72
4277 , 16.39
4278 , 16.01
4279 , 16.43
4280 , 15.89
4281 , 16.36
4282 , 15.79
4283 , 16.28
4284 , 15.78
4285 , 16.6
4286 , 15.71
4287 , 16.45
4288 , 15.79
4289 , 16.44
4290 , 15.85
4291 , 4.77
4292 , 2.94
4293 , 2.75
4294 , 2.74
4295 , 2.73
4296 , 2.73
4297 , 2.74
4298 , 2.74
4299 , 2.74
4300 , 2.74
4301 , 2.74
4302 , 2.74
4303 , 2.75
4304 , 2.74
4305 , 2.74
4306 , 2.74
4307 , 2.74
4308 , 2.74
4309 , 2.73
4310 , 2.74
4311 , 2.73
4312 , 2.73
4313 , 2.73
4314 , 2.73
4315 , 2.74
4316 , 2.74
4317 , 2.74
4318 , 2.74
4319 , 2.74
4320 , 2.74
4321 , 2.74
4322 , 2.74
4323 , 2.74
4324 , 2.74
4325 , 2.73
4326 , 2.73
4327 , 2.74
4328 , 2.76
4329 , 2.76
4330 , 2.78
4331 , 2.76
4332 , 2.76
4333 , 2.76
4334 , 2.76
4335 , 2.76
4336 , 2.76
4337 , 2.77
4338 , 2.76
4339 , 2.76
4340 , 2.76
4341 , 2.76
4342 , 2.77
4343 , 2.77
4344 , 2.76
4345 , 2.75
4346 , 2.76
4347 , 2.75
4348 , 2.75
4349 , 2.75
4350 , 2.76
4351 , 2.76
4352 , 2.76
4353 , 2.76
4354 , 2.75
4355 , 2.75
4356 , 2.76
4357 , 2.76
4358 , 2.76
4359 , 2.76
4360 , 2.76
4361 , 2.76
4362 , 2.76
4363 , 2.75
4364 , 2.75
4365 , 2.76
4366 , 2.75
4367 , 2.75
4368 , 2.75
4369 , 2.76
4370 , 2.76
4371 , 2.76
4372 , 2.76
4373 , 2.76
4374 , 2.77
4375 , 2.76
4376 , 2.76
4377 , 2.76
4378 , 2.76
4379 , 2.76
4380 , 2.75
4381 , 2.75
4382 , 2.75
4383 , 2.75
4384 , 2.75
4385 , 2.75
4386 , 2.75
4387 , 2.75
4388 , 2.75
4389 , 2.76
4390 , 2.76
4391 , 2.76
4392 , 2.76
4393 , 2.76
4394 , 2.76
4395 , 2.76
4396 , 2.76
4397 , 2.76
4398 , 2.76
4399 , 2.76
4400 , 2.75
4401 , 2.75
4402 , 2.75
4403 , 2.75
4404 , 2.75
4405 , 2.75
4406 , 2.76
4407 , 2.76
4408 , 2.76
4409 , 2.76
4410 , 2.76
4411 , 2.76
4412 , 2.74
4413 , 2.73
4414 , 2.73
4415 , 2.74
4416 , 2.73
4417 , 2.73
4418 , 2.72
4419 , 2.72
4420 , 2.72
4421 , 2.73
4422 , 2.73
4423 , 2.73
4424 , 2.73
4425 , 2.73
4426 , 2.73
4427 , 2.74
4428 , 2.73
4429 , 2.73
4430 , 2.74
4431 , 2.72
4432 , 2.72
4433 , 2.72
4434 , 2.72
4435 , 2.73
4436 , 2.72
4437 , 2.73
4438 , 2.73
4439 , 2.73
4440 , 2.73
4441 , 2.74
4442 , 2.74
4443 , 2.73
4444 , 2.73
4445 , 7.21
4446 , 3.55
4447 , 2.75
4448 , 2.77
4449 , 2.73
4450 , 2.73
4451 , 2.73
4452 , 2.73
4453 , 2.73
4454 , 2.73
4455 , 2.73
4456 , 2.74
4457 , 2.74
4458 , 2.73
4459 , 2.73
4460 , 2.74
4461 , 2.74
4462 , 2.73
4463 , 2.74
4464 , 2.74
4465 , 2.73
4466 , 2.73
4467 , 2.73
4468 , 2.72
4469 , 2.73
4470 , 2.74
4471 , 2.74
4472 , 2.74
4473 , 2.73
4474 , 2.74
4475 , 2.74
4476 , 2.73
4477 , 2.73
4478 , 2.73
4479 , 2.73
4480 , 2.73
4481 , 2.72
4482 , 2.72
4483 , 2.73
4484 , 2.73
4485 , 2.72
4486 , 2.73
4487 , 2.73
4488 , 2.72
4489 , 2.74
4490 , 2.73
4491 , 2.73
4492 , 2.73
4493 , 2.82
4494 , 2.73
4495 , 2.73
4496 , 2.73
4497 , 2.73
4498 , 2.72
4499 , 2.72
4500 , 2.72
4501 , 2.72
4502 , 2.73
4503 , 2.76
4504 , 2.72
4505 , 2.73
4506 , 2.73
4507 , 2.73
4508 , 2.73
4509 , 2.73
4510 , 2.73
4511 , 2.73
4512 , 2.73
4513 , 2.72
4514 , 2.72
4515 , 2.72
4516 , 2.72
4517 , 2.72
4518 , 2.73
4519 , 2.73
4520 , 2.73
4521 , 2.73
4522 , 2.73
4523 , 2.73
4524 , 2.73
4525 , 2.73
4526 , 2.73
4527 , 2.73
4528 , 2.73
4529 , 2.72
4530 , 2.72
4531 , 2.72
4532 , 2.72
4533 , 2.72
4534 , 2.73
4535 , 2.73
4536 , 2.73
4537 , 2.73
4538 , 2.72
4539 , 2.73
4540 , 2.73
4541 , 2.72
4542 , 2.73
4543 , 2.72
4544 , 2.73
4545 , 2.72
4546 , 2.72
4547 , 2.72
4548 , 2.74
4549 , 2.73
4550 , 2.75
4551 , 2.74
4552 , 2.73
4553 , 2.73
4554 , 2.72
4555 , 2.73
4556 , 2.73
4557 , 2.73
4558 , 2.73
4559 , 2.73
4560 , 2.72
4561 , 2.73
4562 , 2.72
4563 , 2.72
4564 , 2.73
4565 , 2.77
4566 , 2.74
4567 , 2.77
4568 , 2.91
4569 , 2.73
4570 , 2.74
4571 , 2.73
4572 , 2.75
4573 , 2.74
4574 , 2.73
4575 , 2.73
4576 , 2.72
4577 , 2.73
4578 , 2.72
4579 , 2.73
4580 , 2.72
4581 , 2.72
4582 , 2.72
4583 , 2.74
4584 , 2.73
4585 , 2.73
4586 , 2.73
4587 , 2.73
4588 , 2.73
4589 , 2.73
4590 , 2.72
4591 , 2.72
4592 , 2.72
4593 , 2.72
4594 , 2.72
4595 , 2.72
4596 , 2.72
4597 , 2.72
4598 , 2.72
4599 , 2.73
4600 , 2.73
4601 , 2.73
4602 , 2.73
4603 , 2.73
4604 , 2.72
4605 , 2.72
4606 , 2.72
4607 , 2.72
4608 , 2.74
4609 , 2.73
4610 , 2.72
4611 , 2.72
4612 , 2.72
4613 , 2.73
4614 , 2.72
4615 , 2.72
4616 , 2.73
4617 , 2.73
4618 , 2.73
4619 , 2.73
4620 , 2.72
4621 , 2.72
4622 , 2.72
4623 , 2.72
4624 , 2.72
4625 , 2.73
4626 , 2.72
4627 , 2.72
4628 , 2.72
4629 , 2.72
4630 , 2.72
4631 , 2.73
4632 , 2.73
4633 , 2.73
4634 , 2.73
4635 , 2.72
4636 , 2.72
4637 , 2.73
4638 , 2.72
4639 , 2.72
4640 , 2.73
4641 , 2.72
4642 , 2.71
4643 , 2.72
4644 , 2.72
4645 , 2.72
4646 , 2.73
4647 , 2.73
4648 , 2.73
4649 , 2.73
4650 , 2.73
4651 , 2.72
4652 , 2.73
4653 , 2.72
4654 , 2.72
4655 , 2.72
4656 , 2.71
4657 , 2.72
4658 , 2.73
4659 , 2.72
4660 , 2.71
4661 , 2.71
4662 , 2.73
4663 , 2.73
4664 , 2.72
4665 , 2.72
4666 , 2.73
4667 , 2.72
4668 , 2.73
4669 , 2.73
4670 , 2.72
4671 , 2.72
4672 , 2.72
4673 , 2.72
4674 , 2.72
4675 , 2.71
4676 , 2.72
4677 , 2.73
4678 , 2.73
4679 , 2.72
4680 , 2.72
4681 , 2.72
4682 , 2.72
4683 , 2.72
4684 , 2.72
4685 , 2.73
4686 , 2.73
4687 , 2.73
4688 , 2.72
4689 , 2.72
4690 , 2.71
4691 , 2.72
4692 , 2.71
4693 , 2.72
4694 , 2.72
4695 , 2.73
4696 , 2.72
4697 , 2.72
4698 , 2.72
4699 , 2.72
4700 , 2.72
4701 , 2.73
4702 , 2.73
4703 , 2.72
4704 , 2.72
4705 , 2.72
4706 , 2.72
4707 , 2.72
4708 , 2.72
4709 , 2.72
4710 , 2.72
4711 , 2.73
4712 , 2.72
4713 , 2.72
4714 , 2.72
4715 , 2.73
4716 , 2.72
4717 , 2.73
4718 , 2.72
4719 , 2.72
4720 , 2.72
4721 , 2.71
4722 , 2.72
4723 , 2.72
4724 , 2.72
4725 , 2.72
4726 , 2.72
4727 , 2.73
4728 , 2.72
4729 , 2.73
4730 , 2.72
4731 , 2.72
4732 , 2.72
4733 , 2.72
4734 , 2.71
4735 , 2.72
4736 , 2.72
4737 , 2.72
4738 , 2.72
4739 , 2.72
4740 , 2.73
4741 , 2.73
4742 , 2.73
4743 , 2.72
4744 , 2.73
4745 , 2.73
4746 , 2.73
4747 , 2.72
4748 , 2.73
4749 , 2.72
4750 , 2.72
4751 , 2.72
4752 , 2.72
4753 , 2.72
4754 , 2.72
4755 , 2.73
4756 , 2.73
4757 , 2.72
4758 , 2.72
4759 , 2.72
4760 , 2.72
4761 , 2.72
4762 , 2.73
4763 , 2.72
4764 , 2.73
4765 , 2.72
4766 , 86.07
4767 , 82.16
4768 , 84.29
4769 , 82.48
4770 , 84.22
4771 , 82.63
4772 , 84.34
4773 , 82.35
4774 , 78.98
4775 , 80.75
4776 , 76.36
4777 , 74.44
4778 , 68.28
4779 , 68.19
4780 , 64.81
4781 , 61.98
4782 , 58.2
4783 , 57.04
4784 , 53.87
4785 , 52.44
4786 , 49.51
4787 , 49.22
4788 , 47.11
4789 , 49.1
4790 , 46.85
4791 , 48.93
4792 , 49.02
4793 , 49.44
4794 , 47.11
4795 , 49.39
4796 , 47.26
4797 , 49.08
4798 , 46.9
4799 , 49.46
4800 , 47.17
4801 , 49.6
4802 , 47.3
4803 , 49.38
4804 , 47.6
4805 , 49.56
4806 , 47.13
4807 , 49.21
4808 , 47.16
4809 , 49.2
4810 , 47.29
4811 , 49.52
4812 , 47.05
4813 , 49.23
4814 , 47.25
4815 , 49.12
4816 , 47.24
4817 , 49.41
4818 , 47.18
4819 , 49.16
4820 , 47.24
4821 , 48.99
4822 , 47.21
4823 , 49.14
4824 , 47.18
4825 , 48.82
4826 , 47.66
4827 , 47.7
4828 , 44.18
4829 , 43.89
4830 , 40.54
4831 , 39.97
4832 , 42.14
4833 , 37.41
4834 , 34.5
4835 , 33.85
4836 , 31.8
4837 , 30.61
4838 , 28.67
4839 , 27.92
4840 , 25.76
4841 , 25.33
4842 , 23.59
4843 , 23.2
4844 , 21.39
4845 , 21.2
4846 , 19.47
4847 , 19.34
4848 , 17.93
4849 , 17.67
4850 , 16.25
4851 , 16.41
4852 , 15.83
4853 , 16.43
4854 , 15.77
4855 , 16.42
4856 , 15.88
4857 , 16.33
4858 , 15.75
4859 , 16.43
4860 , 15.79
4861 , 16.36
4862 , 15.75
4863 , 16.5
4864 , 15.8
4865 , 16.48
4866 , 15.82
4867 , 16.52
4868 , 16.04
4869 , 16.4
4870 , 3.21
4871 , 2.75
4872 , 2.74
4873 , 2.74
4874 , 2.74
4875 , 2.74
4876 , 2.74
4877 , 2.74
4878 , 2.72
4879 , 2.73
4880 , 2.73
4881 , 2.73
4882 , 2.73
4883 , 2.73
4884 , 2.74
4885 , 2.74
4886 , 2.74
4887 , 2.73
4888 , 2.74
4889 , 2.73
4890 , 2.73
4891 , 2.74
4892 , 2.73
4893 , 2.73
4894 , 2.74
4895 , 2.73
4896 , 2.73
4897 , 2.73
4898 , 2.73
4899 , 2.73
4900 , 2.74
4901 , 2.74
4902 , 2.73
4903 , 2.74
4904 , 2.73
4905 , 2.73
4906 , 2.73
4907 , 2.73
4908 , 2.73
4909 , 2.74
4910 , 2.73
4911 , 2.72
4912 , 2.73
4913 , 2.73
4914 , 2.73
4915 , 2.73
4916 , 2.74
4917 , 2.74
4918 , 2.74
4919 , 2.74
4920 , 2.74
4921 , 2.73
4922 , 2.73
4923 , 2.73
4924 , 2.73
4925 , 2.73
4926 , 2.72
4927 , 2.72
4928 , 2.72
4929 , 2.72
4930 , 2.72
4931 , 2.73
4932 , 2.73
4933 , 2.74
4934 , 2.73
4935 , 2.73
4936 , 2.73
4937 , 2.73
4938 , 2.73
4939 , 2.73
4940 , 2.73
4941 , 2.72
4942 , 2.72
4943 , 2.72
4944 , 2.72
4945 , 2.72
4946 , 2.72
4947 , 2.73
4948 , 2.73
4949 , 2.73
4950 , 2.73
4951 , 2.73
4952 , 2.73
4953 , 2.73
4954 , 2.72
4955 , 2.73
4956 , 2.72
4957 , 2.73
4958 , 2.72
4959 , 2.72
4960 , 2.72
4961 , 2.72
4962 , 2.73
4963 , 2.73
4964 , 2.73
4965 , 2.73
4966 , 2.73
4967 , 2.74
4968 , 2.73
4969 , 2.73
4970 , 2.75
4971 , 2.73
4972 , 2.73
4973 , 2.72
4974 , 2.73
4975 , 2.73
4976 , 2.72
4977 , 2.72
4978 , 2.76
4979 , 2.73
4980 , 2.73
4981 , 2.73
4982 , 2.73
4983 , 2.73
4984 , 2.73
4985 , 2.73
4986 , 2.72
4987 , 2.73
4988 , 2.74
4989 , 2.72
4990 , 2.72
4991 , 2.72
4992 , 2.73
4993 , 2.73
4994 , 2.72
4995 , 2.73
4996 , 2.73
4997 , 2.73
4998 , 2.73
4999 , 2.73
5000 , 2.73
