1 , 270.865
2 , 270.513
3 , 270.806
4 , 270.612
5 , 270.041
6 , 270.352
7 , 270.703
8 , 270.411
9 , 270.978
10 , 270.497
11 , 270.086
12 , 270.357
13 , 270.56
14 , 270.563
15 , 270.781
16 , 270.422
17 , 270.581
18 , 270.876
19 , 270.729
20 , 270.102
21 , 270.009
22 , 270.623
23 , 270.922
24 , 270.302
25 , 270.973
26 , 270.731
27 , 270.216
28 , 270.306
29 , 270.379
30 , 270.118
31 , 270.415
32 , 270.363
33 , 270.13
34 , 270.22
35 , 270.007
36 , 270.063
37 , 270.61
38 , 270.822
39 , 270.331
40 , 270.987
41 , 270.779
42 , 270.55
43 , 270.946
44 , 270.139
45 , 270.216
46 , 270.905
47 , 270.156
48 , 270.039
49 , 270.206
50 , 270.589
51 , 270.16
52 , 270.612
53 , 270.363
54 , 270.705
55 , 270.667
56 , 270.107
57 , 270.866
58 , 270.497
59 , 270.593
60 , 270.651
61 , 270.164
62 , 271
63 , 270.164
64 , 270.812
65 , 270.147
66 , 270.504
67 , 270.428
68 , 270.05
69 , 270.64
70 , 270.432
71 , 270.354
72 , 270.014
73 , 270.797
74 , 270.763
75 , 270.705
76 , 270.782
77 , 270.292
78 , 270.969
79 , 270.165
80 , 270.581
81 , 270.966
82 , 270.075
83 , 270.637
84 , 270.734
85 , 270.344
86 , 270.422
87 , 270.456
88 , 270.654
89 , 270.725
90 , 270.721
91 , 270.586
92 , 270.965
93 , 270.032
94 , 270.546
95 , 270.27
96 , 270.509
97 , 270.254
98 , 270.032
99 , 270.975
100 , 270.189
101 , 270.184
102 , 270.78
103 , 270.535
104 , 270.537
105 , 270.684
106 , 270.017
107 , 270.026
108 , 270.096
109 , 270.404
110 , 270.224
111 , 270.295
112 , 270.974
113 , 270.226
114 , 270.267
115 , 270.484
116 , 270.711
117 , 270.242
118 , 270.422
119 , 270.114
120 , 270.236
121 , 270.719
122 , 270.045
123 , 270.605
124 , 270.316
125 , 270.418
126 , 270.805
127 , 270.951
128 , 270.086
129 , 270.554
130 , 270.753
131 , 270.245
132 , 270.799
133 , 270.813
134 , 270.517
135 , 270.875
136 , 270.506
137 , 270.673
138 , 270.133
139 , 270.57
140 , 270.64
141 , 270.841
142 , 270.375
143 , 270.302
144 , 270.733
145 , 270.194
146 , 270.149
147 , 270.794
148 , 270.175
149 , 270.624
150 , 270.959
151 , 270.732
152 , 270.611
153 , 270.34
154 , 270.726
155 , 270.181
156 , 270.658
157 , 270.381
158 , 270.426
159 , 270.579
160 , 270.64
161 , 270.679
162 , 270.037
163 , 270.688
164 , 270.084
165 , 270.689
166 , 270.344
167 , 270.849
168 , 270.383
169 , 270.582
170 , 270.079
171 , 270.68
172 , 270.35
173 , 270.518
174 , 270.24
175 , 270.641
176 , 270.92
177 , 270.443
178 , 270.08
179 , 270.705
180 , 270.318
181 , 270.189
182 , 270.411
183 , 270.754
184 , 270.125
185 , 270.298
186 , 270.377
187 , 270.558
188 , 270.745
189 , 270.578
190 , 270.284
191 , 270.354
192 , 270.638
193 , 270.112
194 , 270.297
195 , 270.606
196 , 270.185
197 , 270.104
198 , 270.754
199 , 270.047
200 , 270.72
201 , 270.135
202 , 270.028
203 , 270.172
204 , 270.927
205 , 270.046
206 , 270.106
207 , 270.827
208 , 270.408
209 , 270.218
210 , 270.854
211 , 270.453
212 , 270.236
213 , 270.372
214 , 270.507
215 , 270.911
216 , 270.754
217 , 270.519
218 , 270.428
219 , 270.977
220 , 270.927
221 , 270.318
222 , 270.393
223 , 270.277
224 , 270
225 , 270.907
226 , 270.472
227 , 270.314
228 , 270.392
229 , 270.868
230 , 270.242
231 , 270.514
232 , 270.731
233 , 270.289
234 , 270.021
235 , 270.712
236 , 270.738
237 , 270.026
238 , 270.729
239 , 270.229
240 , 270.29
241 , 270.478
242 , 270.643
243 , 270.115
244 , 270.286
245 , 270.389
246 , 270.771
247 , 270.311
248 , 270.432
249 , 270.103
250 , 270.389
251 , 270.049
252 , 270.869
253 , 270.516
254 , 270.704
255 , 270.715
256 , 270.806
257 , 270.214
258 , 270.05
259 , 270.956
260 , 270.737
261 , 270.084
262 , 270.097
263 , 270.898
264 , 270.73
265 , 270.613
266 , 270.084
267 , 270.004
268 , 270.585
269 , 270.681
270 , 270.225
271 , 270.626
272 , 270.765
273 , 270.362
274 , 270.932
275 , 270.703
276 , 270.98
277 , 270.199
278 , 270.95
279 , 270.021
280 , 270.924
281 , 270.863
282 , 270.616
283 , 270.803
284 , 270.054
285 , 270.542
286 , 270.743
287 , 270.827
288 , 270.88
289 , 270.541
290 , 270.663
291 , 270.519
292 , 270.217
293 , 270.942
294 , 270.183
295 , 270.168
296 , 270.062
297 , 270.903
298 , 270.371
299 , 270.303
300 , 27.8281
301 , 27.1525
302 , 27.9374
303 , 27.6457
304 , 27.3173
305 , 27.9223
306 , 27.0884
307 , 27.0608
308 , 27.4592
309 , 27.8606
310 , 27.7196
311 , 27.6669
312 , 27.6974
313 , 27.9891
314 , 27.4724
315 , 27.8166
316 , 27.5084
317 , 27.2156
318 , 27.5139
319 , 27.6765
320 , 27.8269
321 , 27.5295
322 , 27.8937
323 , 27.2295
324 , 27.4928
325 , 27.6212
326 , 27.0038
327 , 27.4313
328 , 27.103
329 , 27.0704
330 , 27.0654
331 , 27.7546
332 , 27.7267
333 , 27.9602
334 , 27.6417
335 , 27.8404
336 , 27.0686
337 , 27.2589
338 , 27.8945
339 , 27.5911
340 , 27.2451
341 , 27.4543
342 , 27.7205
343 , 27.1775
344 , 27.5439
345 , 27.8767
346 , 27.9484
347 , 27.5282
348 , 27.4228
349 , 27.9268
350 , 27.4857
351 , 27.2559
352 , 27.1699
353 , 27.5587
354 , 27.8833
355 , 27.4881
356 , 27.1969
357 , 27.2669
358 , 27.0927
359 , 27.053
360 , 27.0104
361 , 27.2634
362 , 27.9958
363 , 27.8065
364 , 27.0529
365 , 27.1292
366 , 27.8363
367 , 27.4287
368 , 27.6903
369 , 27.6762
370 , 27.6247
371 , 27.6584
372 , 27.5632
373 , 27.0125
374 , 27.0023
375 , 27.378
376 , 27.0956
377 , 27.5955
378 , 27.6197
379 , 27.4159
380 , 27.0104
381 , 27.2723
382 , 27.2632
383 , 27.6038
384 , 27.0775
385 , 27.5488
386 , 27.2648
387 , 27.7368
388 , 27.5069
389 , 27.7159
390 , 27.0659
391 , 27.996
392 , 27.8743
393 , 27.0369
394 , 27.6892
395 , 27.3215
396 , 27.0372
397 , 27.3701
398 , 27.8711
399 , 27.641
400 , 27.2939
401 , 27.8049
402 , 27.7012
403 , 27.5782
404 , 27.7805
405 , 27.5447
406 , 27.1352
407 , 27.5308
408 , 27.1093
409 , 27.6257
410 , 27.6486
411 , 27.4832
412 , 27.2264
413 , 27.3532
414 , 27.973
415 , 27.3099
416 , 27.975
417 , 27.0956
418 , 27.5797
419 , 27.6792
420 , 27.6383
421 , 27.0229
422 , 27.0012
423 , 27.0168
424 , 27.4003
425 , 27.2772
426 , 27.0248
427 , 27.7641
428 , 27.2486
429 , 27.2952
430 , 27.8104
431 , 27.7213
432 , 27.8125
433 , 27.7758
434 , 27.337
435 , 27.3149
436 , 27.1744
437 , 27.6928
438 , 27.9533
439 , 27.0827
440 , 27.5377
441 , 27.8235
442 , 27.1381
443 , 27.5891
444 , 27.2089
445 , 27.1976
446 , 27.3351
447 , 27.5159
448 , 27.2501
449 , 27.0441
450 , 27.4676
451 , 27.8752
452 , 27.1972
453 , 27.1732
454 , 27.2943
455 , 27.9507
456 , 27.6101
457 , 27.231
458 , 27.7514
459 , 27.5953
460 , 27.5686
461 , 27.9807
462 , 27.1014
463 , 27.2457
464 , 27.3333
465 , 27.166
466 , 27.2006
467 , 27.7661
468 , 27.1635
469 , 27.3895
470 , 27.889
471 , 27.8711
472 , 27.5657
473 , 27.3443
474 , 27.9102
475 , 27.8033
476 , 27.1192
477 , 27.0137
478 , 27.5543
479 , 27.7206
480 , 27.3041
481 , 27.0237
482 , 27.4275
483 , 27.2904
484 , 27.2707
485 , 27.7791
486 , 27.4627
487 , 27.0758
488 , 27.5797
489 , 27.157
490 , 27.2582
491 , 27.6249
492 , 27.537
493 , 27.0474
494 , 27.9213
495 , 27.1603
496 , 27.8787
497 , 27.3868
498 , 27.3229
499 , 27.7562
500 , 27.7716
501 , 27.4812
502 , 27.0337
503 , 27.9274
504 , 27.835
505 , 27.0328
506 , 27.2482
507 , 27.4042
508 , 27.3282
509 , 27.5904
510 , 27.1418
511 , 27.4623
512 , 27.7618
513 , 27.74
514 , 27.6225
515 , 27.1767
516 , 27.6068
517 , 27.5636
518 , 27.9466
519 , 27.3841
520 , 27.2431
521 , 27.6917
522 , 27.1638
523 , 27.7911
524 , 27.6892
525 , 27.0546
526 , 27.7258
527 , 27.7974
528 , 27.8452
529 , 27.7712
530 , 27.8104
531 , 27.7048
532 , 27.5358
533 , 27.979
534 , 27.7688
535 , 27.0301
536 , 27.358
537 , 27.4531
538 , 27.1427
539 , 27.2291
540 , 27.1733
541 , 27.204
542 , 27.7272
543 , 27.2864
544 , 27.987
545 , 27.4694
546 , 27.2595
547 , 27.0506
548 , 27.7522
549 , 27.7917
550 , 27.017
551 , 27.4419
552 , 27.7154
553 , 27.1269
554 , 27.7585
555 , 27.2844
556 , 27.7367
557 , 27.8414
558 , 27.3534
559 , 27.8351
560 , 27.1201
561 , 27.4305
562 , 27.021
563 , 27.4023
564 , 27.5123
565 , 27.0514
566 , 27.9119
567 , 27.3161
568 , 27.1631
569 , 27.5432
570 , 27.0868
571 , 27.7365
572 , 27.5057
573 , 27.7933
574 , 27.355
575 , 27.5538
576 , 27.9064
577 , 27.041
578 , 27.8411
579 , 27.681
580 , 27.3113
581 , 27.1745
582 , 27.3647
583 , 27.3007
584 , 27.2635
585 , 27.3952
586 , 27.8302
587 , 27.3456
588 , 27.7901
589 , 27.9523
590 , 27.1771
591 , 27.4993
592 , 27.5529
593 , 27.256
594 , 27.6065
595 , 27.751
596 , 27.4645
597 , 27.7539
598 , 27.4787
599 , 27.5093
600 , 27.7191
601 , 27.0502
602 , 27.4882
603 , 27.8273
604 , 27.5803
605 , 27.9716
606 , 27.4256
607 , 27.6409
608 , 27.0889
609 , 27.317
610 , 27.1959
611 , 27.2738
612 , 27.9864
613 , 27.9823
614 , 27.7074
615 , 27.1804
616 , 27.1326
617 , 27.5914
618 , 27.5181
619 , 27.3827
620 , 27.3099
621 , 27.9889
622 , 27.8368
623 , 27.8242
624 , 27.5562
625 , 27.6811
626 , 27.2124
627 , 27.7719
628 , 27.1532
629 , 27.185
630 , 27.8565
631 , 27.8672
632 , 27.9574
633 , 27.0909
634 , 27.7526
635 , 27.9489
636 , 27.6064
637 , 27.7954
638 , 27.8748
639 , 27.9244
640 , 27.5306
641 , 27.2006
642 , 27.0383
643 , 27.2756
644 , 27.7657
645 , 27.3704
646 , 27.516
647 , 27.7116
648 , 27.837
649 , 27.6974
650 , 27.8473
651 , 27.6498
652 , 27.6408
653 , 27.3077
654 , 27.2205
655 , 27.9064
656 , 27.4676
657 , 27.7375
658 , 27.7571
659 , 27.0051
660 , 27.8349
661 , 27.8056
662 , 27.2617
663 , 27.9978
664 , 27.1817
665 , 27.4015
666 , 27.4629
667 , 27.2531
668 , 27.7087
669 , 27.1091
670 , 27.2787
671 , 27.7329
672 , 27.1708
673 , 27.5774
674 , 27.3819
675 , 27.9784
676 , 27.5628
677 , 27.1325
678 , 27.9743
679 , 27.5603
680 , 27.3404
681 , 27.6759
682 , 27.4497
683 , 27.9135
684 , 27.4523
685 , 27.3434
686 , 27.3608
687 , 27.709
688 , 27.824
689 , 27.133
690 , 27.4468
691 , 27.6637
692 , 27.0154
693 , 27.4577
694 , 27.2955
695 , 27.4837
696 , 27.2747
697 , 27.5751
698 , 27.4809
699 , 27.9992
700 , 27.7852
701 , 27.5206
702 , 27.7391
703 , 27.763
704 , 27.3754
705 , 27.4861
706 , 27.9908
707 , 27.4379
708 , 27.7335
709 , 27.4217
710 , 27.982
711 , 27.1715
712 , 27.9066
713 , 27.6746
714 , 27.9401
715 , 27.8497
716 , 27.3683
717 , 27.644
718 , 27.124
719 , 27.3975
720 , 27.4681
721 , 27.3472
722 , 27.602
723 , 27.9297
724 , 27.6081
725 , 27.3986
726 , 27.8698
727 , 27.661
728 , 27.3464
729 , 27.3544
730 , 27.0229
731 , 27.2982
732 , 27.9502
733 , 27.6127
734 , 27.4288
735 , 27.5459
736 , 27.9157
737 , 27.6865
738 , 27.3263
739 , 27.1128
740 , 27.6463
741 , 27.388
742 , 27.2928
743 , 27.515
744 , 27.6836
745 , 27.8049
746 , 27.0683
747 , 27.6043
748 , 27.5825
749 , 27.5497
750 , 27.4695
751 , 27.4523
752 , 27.1221
753 , 27.6715
754 , 27.5049
755 , 27.8488
756 , 27.7869
757 , 27.4664
758 , 27.0613
759 , 27.2504
760 , 27.4049
761 , 27.2832
762 , 27.2187
763 , 27.619
764 , 27.7676
765 , 27.9553
766 , 27.293
767 , 27.2019
768 , 27.214
769 , 27.1228
770 , 27.6334
771 , 27.603
772 , 27.1763
773 , 27.6444
774 , 27.5028
775 , 27.135
776 , 27.4148
777 , 27.3957
778 , 27.1733
779 , 27.7548
780 , 27.0808
781 , 27.2577
782 , 27.9506
783 , 27.323
784 , 27.9108
785 , 27.1057
786 , 27.6455
787 , 27.1325
788 , 27.0539
789 , 27.6017
790 , 27.1879
791 , 27.3643
792 , 27.2627
793 , 27.684
794 , 27.5887
795 , 27.2333
796 , 27.95
797 , 27.5782
798 , 27.3888
799 , 27.3127
800 , 27.0302
801 , 27.0132
802 , 27.0723
803 , 27.9617
804 , 27.8986
805 , 27.3667
806 , 27.2329
807 , 27.4009
808 , 27.4347
809 , 27.6734
810 , 27.0832
811 , 27.5627
812 , 27.0694
813 , 27.882
814 , 27.8185
815 , 27.2465
816 , 27.029
817 , 27.8415
818 , 27.0212
819 , 27.6257
820 , 27.4223
821 , 27.1245
822 , 27.9782
823 , 27.1956
824 , 27.415
825 , 27.6909
826 , 27.0886
827 , 27.3679
828 , 27.7061
829 , 27.9106
830 , 27.7298
831 , 27.6056
832 , 27.5839
833 , 27.121
834 , 27.5374
835 , 27.51
836 , 27.4537
837 , 27.0645
838 , 27.5148
839 , 27.1883
840 , 27.5845
841 , 27.3131
842 , 27.8084
843 , 27.8234
844 , 27.5065
845 , 27.9545
846 , 27.1188
847 , 27.9304
848 , 27.7967
849 , 27.4104
850 , 27.1637
851 , 27.9251
852 , 27.0295
853 , 27.2007
854 , 27.0775
855 , 27.84
856 , 27.5193
857 , 27.0515
858 , 27.5212
859 , 27.0758
860 , 27.074
861 , 27.6231
862 , 27.0568
863 , 27.193
864 , 27.1361
865 , 27.6918
866 , 27.4438
867 , 27.9758
868 , 27.8651
869 , 27.7031
870 , 27.7855
871 , 27.2742
872 , 27.7003
873 , 27.6121
874 , 27.6171
875 , 27.1731
876 , 27.4178
877 , 27.5226
878 , 27.3641
879 , 27.1251
880 , 27.1176
881 , 27.5531
882 , 27.3293
883 , 27.9561
884 , 27.6284
885 , 27.9681
886 , 27.6934
887 , 27.2351
888 , 27.1229
889 , 27.5602
890 , 27.06
891 , 27.2674
892 , 27.8899
893 , 27.0413
894 , 27.3591
895 , 27.5447
896 , 27.0861
897 , 27.279
898 , 27.7545
899 , 27.1966
900 , 27.6101
901 , 27.9742
902 , 27.9935
903 , 27.1615
904 , 27.5525
905 , 27.4874
906 , 27.0967
907 , 27.9813
908 , 27.6292
909 , 27.3449
910 , 27.2111
911 , 27.6318
912 , 27.1741
913 , 27.8427
914 , 27.2934
915 , 27.5874
916 , 27.3449
917 , 27.2113
918 , 27.0074
919 , 27.5781
920 , 27.8432
921 , 27.6856
922 , 27.5137
923 , 27.9393
924 , 27.5981
925 , 27.2675
926 , 27.8709
927 , 27.7675
928 , 27.7214
929 , 27.6214
930 , 27.4082
931 , 27.5399
932 , 27.2495
933 , 27.5371
934 , 27.2091
935 , 27.88
936 , 27.0287
937 , 27.5316
938 , 27.4751
939 , 27.242
940 , 27.6537
941 , 27.9203
942 , 27.9227
943 , 27.2907
944 , 27.5441
945 , 27.6917
946 , 27.7266
947 , 27.9077
948 , 27.0574
949 , 27.9441
950 , 27.2359
951 , 27.8643
952 , 27.2284
953 , 27.8397
954 , 27.4329
955 , 27.2061
956 , 27.7853
957 , 27.2314
958 , 27.1654
959 , 27.9571
960 , 27.6101
961 , 27.8267
962 , 27.2881
963 , 27.3616
964 , 27.1434
965 , 27.3664
966 , 27.162
967 , 27.5572
968 , 27.755
969 , 27.1741
970 , 27.6564
971 , 27.9538
972 , 27.1043
973 , 27.1624
974 , 27.993
975 , 27.0702
976 , 27.3994
977 , 27.7576
978 , 27.2532
979 , 27.9137
980 , 27.2514
981 , 27.5161
982 , 27.3639
983 , 27.8755
984 , 27.1416
985 , 27.3279
986 , 27.8088
987 , 27.8775
988 , 27.543
989 , 27.5234
990 , 27.2199
991 , 27.5481
992 , 27.6551
993 , 27.2678
994 , 27.0045
995 , 27.6131
996 , 27.21
997 , 27.4945
998 , 27.7743
999 , 27.7508
1000 , 27.6479
1001 , 27.982
1002 , 27.3074
1003 , 27.3886
1004 , 27.7096
1005 , 27.133
1006 , 27.7592
1007 , 27.0693
1008 , 27.6857
1009 , 27.0308
1010 , 27.5894
1011 , 27.6947
1012 , 27.5178
1013 , 27.2281
1014 , 27.7458
1015 , 27.4002
1016 , 27.4229
1017 , 27.3113
1018 , 27.1851
1019 , 27.5166
1020 , 27.2919
1021 , 27.3367
1022 , 27.4114
1023 , 27.2719
1024 , 27.5197
1025 , 27.293
1026 , 27.319
1027 , 27.7359
1028 , 27.0017
1029 , 27.6843
1030 , 27.0107
1031 , 27.2535
1032 , 27.9003
1033 , 27.3241
1034 , 27.8491
1035 , 27.0967
1036 , 27.4471
1037 , 27.1016
1038 , 27.4975
1039 , 27.5902
1040 , 27.3292
1041 , 27.1062
1042 , 27.5893
1043 , 27.731
1044 , 27.0462
1045 , 27.7608
1046 , 27.9503
1047 , 27.5444
1048 , 27.2828
1049 , 27.2267
1050 , 27.9155
1051 , 27.1138
1052 , 27.8953
1053 , 27.9201
1054 , 27.1548
1055 , 27.4169
1056 , 27.2613
1057 , 27.774
1058 , 27.1789
1059 , 27.0845
1060 , 27.329
1061 , 27.2001
1062 , 27.7868
1063 , 27.5665
1064 , 27.9935
1065 , 27.6449
1066 , 27.4816
1067 , 27.7242
1068 , 27.8143
1069 , 27.224
1070 , 27.246
1071 , 27.7604
1072 , 27.3569
1073 , 27.8745
1074 , 27.4172
1075 , 27.2069
1076 , 27.1546
1077 , 27.8098
1078 , 27.2482
1079 , 27.6223
1080 , 27.5858
1081 , 27.1573
1082 , 27.2847
1083 , 27.8744
1084 , 27.07
1085 , 27.6281
1086 , 27.1503
1087 , 27.5393
1088 , 27.2294
1089 , 27.0894
1090 , 27.5275
1091 , 27.946
1092 , 27.6619
1093 , 27.6101
1094 , 27.328
1095 , 27.9227
1096 , 27.0906
1097 , 27.6154
1098 , 27.3565
1099 , 27.3124
1100 , 27.2129
1101 , 27.309
1102 , 27.3736
1103 , 27.7014
1104 , 27.2174
1105 , 27.1956
1106 , 27.1515
1107 , 27.351
1108 , 27.6625
1109 , 27.1783
1110 , 27.6752
1111 , 27.3526
1112 , 27.6611
1113 , 27.0945
1114 , 27.4155
1115 , 27.9409
1116 , 27.5212
1117 , 27.8118
1118 , 27.996
1119 , 27.228
1120 , 27.1316
1121 , 27.3669
1122 , 27.4144
1123 , 27.569
1124 , 27.9308
1125 , 27.0767
1126 , 27.5197
1127 , 27.4361
1128 , 27.391
1129 , 27.2829
1130 , 27.6521
1131 , 27.3189
1132 , 27.0267
1133 , 27.0884
1134 , 27.6478
1135 , 27.5799
1136 , 27.5054
1137 , 27.8992
1138 , 27.1199
1139 , 27.6365
1140 , 27.7131
1141 , 27.7843
1142 , 27.4422
1143 , 27.1457
1144 , 27.9277
1145 , 27.176
1146 , 27.2393
1147 , 27.088
1148 , 27.9002
1149 , 27.0867
1150 , 27.8677
1151 , 27.0651
1152 , 27.6848
1153 , 27.3962
1154 , 27.2652
1155 , 27.7199
1156 , 27.9491
1157 , 27.7108
1158 , 27.2526
1159 , 27.8764
1160 , 27.1721
1161 , 27.5998
1162 , 27.0258
1163 , 27.85
1164 , 27.5903
1165 , 27.1687
1166 , 27.0236
1167 , 27.9426
1168 , 27.0632
1169 , 27.9764
1170 , 27.5466
1171 , 27.5833
1172 , 27.6913
1173 , 27.7104
1174 , 27.0043
1175 , 27.6021
1176 , 27.946
1177 , 27.4841
1178 , 27.5837
1179 , 27.2573
1180 , 27.7615
1181 , 27.6141
1182 , 27.1605
1183 , 27.8502
1184 , 27.0776
1185 , 27.3735
1186 , 27.1003
1187 , 27.8622
1188 , 27.0835
1189 , 27.7027
1190 , 27.0886
1191 , 27.46
1192 , 27.0125
1193 , 27.0034
1194 , 27.6155
1195 , 27.0517
1196 , 27.6879
1197 , 27.7182
1198 , 27.5346
1199 , 27.8367
1200 , 27.6591
1201 , 27.1412
1202 , 27.8012
1203 , 27.1063
1204 , 27.6402
1205 , 27.7447
1206 , 27.1528
1207 , 27.0184
1208 , 27.6217
1209 , 27.9403
1210 , 27.5434
1211 , 27.8166
1212 , 27.7346
1213 , 27.2366
1214 , 27.3014
1215 , 27.6711
1216 , 27.4609
1217 , 27.6297
1218 , 27.6461
1219 , 27.678
1220 , 27.5185
1221 , 27.7291
1222 , 27.5303
1223 , 27.7447
1224 , 27.3399
1225 , 27.588
1226 , 27.3673
1227 , 27.1599
1228 , 27.8884
1229 , 27.8859
1230 , 27.191
1231 , 27.7183
1232 , 27.7226
1233 , 27.6728
1234 , 27.1826
1235 , 27.7741
1236 , 27.338
1237 , 27.1621
1238 , 27.189
1239 , 27.4707
1240 , 27.8969
1241 , 27.5639
1242 , 27.9541
1243 , 27.3198
1244 , 27.8518
1245 , 27.6045
1246 , 27.5312
1247 , 27.1896
1248 , 27.741
1249 , 27.7638
1250 , 27.6662
1251 , 27.2891
1252 , 27.0389
1253 , 27.5924
1254 , 27.4418
1255 , 27.8111
1256 , 27.7112
1257 , 27.3726
1258 , 27.3344
1259 , 27.4418
1260 , 27.9121
1261 , 27.28
1262 , 27.0591
1263 , 27.8773
1264 , 27.0109
1265 , 27.9739
1266 , 27.5557
1267 , 27.994
1268 , 27.2775
1269 , 27.4356
1270 , 27.4546
1271 , 27.2809
1272 , 27.515
1273 , 27.7205
1274 , 27.809
1275 , 27.559
1276 , 27.1094
1277 , 27.5636
1278 , 27.7219
1279 , 27.841
1280 , 27.8744
1281 , 27.3835
1282 , 27.9621
1283 , 27.3948
1284 , 27.8748
1285 , 27.4104
1286 , 27.5644
1287 , 27.7071
1288 , 27.9262
1289 , 27.531
1290 , 27.9409
1291 , 27.2882
1292 , 27.4546
1293 , 27.8246
1294 , 27.9944
1295 , 27.723
1296 , 27.6751
1297 , 27.7772
1298 , 27.0049
1299 , 27.5082
1300 , 27.9656
1301 , 27.9917
1302 , 27.8087
1303 , 27.5442
1304 , 27.2358
1305 , 27.9915
1306 , 27.9894
1307 , 27.5327
1308 , 27.5111
1309 , 27.9415
1310 , 27.4612
1311 , 27.9485
1312 , 27.0943
1313 , 27.4764
1314 , 27.1682
1315 , 27.8395
1316 , 27.3023
1317 , 27.8849
1318 , 27.5343
1319 , 27.1596
1320 , 27.4715
1321 , 27.287
1322 , 27.2385
1323 , 27.6331
1324 , 27.7819
1325 , 27.8564
1326 , 27.3146
1327 , 27.1583
1328 , 27.9156
1329 , 27.8302
1330 , 27.1343
1331 , 27.2282
1332 , 27.0438
1333 , 27.0766
1334 , 27.0834
1335 , 27.1477
1336 , 27.5127
1337 , 27.7824
1338 , 27.0242
1339 , 27.726
1340 , 27.9106
1341 , 27.1185
1342 , 27.9417
1343 , 27.7775
1344 , 27.3294
1345 , 27.1577
1346 , 27.4642
1347 , 27.3164
1348 , 27.2041
1349 , 27.3519
1350 , 27.5367
1351 , 27.8532
1352 , 27.8061
1353 , 27.5802
1354 , 27.4022
1355 , 27.2274
1356 , 27.1228
1357 , 27.4735
1358 , 27.9329
1359 , 27.5427
1360 , 27.0786
1361 , 27.6182
1362 , 27.2898
1363 , 27.3723
1364 , 27.9604
1365 , 27.5579
1366 , 27.1524
1367 , 27.4616
1368 , 27.5151
1369 , 27.1937
1370 , 27.5429
1371 , 27.9164
1372 , 27.0673
1373 , 27.3382
1374 , 27.8779
1375 , 27.1692
1376 , 27.6616
1377 , 27.0693
1378 , 27.5641
1379 , 27.077
1380 , 27.0362
1381 , 27.4071
1382 , 27.5765
1383 , 27.8756
1384 , 27.1784
1385 , 27.7467
1386 , 27.5504
1387 , 27.8741
1388 , 27.2444
1389 , 27.3541
1390 , 27.1724
1391 , 27.3194
1392 , 27.1941
1393 , 27.1569
1394 , 27.7657
1395 , 27.3046
1396 , 27.7728
1397 , 27.9156
1398 , 27.3898
1399 , 27.5737
1400 , 27.1195
1401 , 27.7588
1402 , 27.4336
1403 , 27.604
1404 , 27.5972
1405 , 27.4189
1406 , 27.5696
1407 , 27.0264
1408 , 27.2495
1409 , 27.5673
1410 , 27.3205
1411 , 27.922
1412 , 27.3691
1413 , 27.942
1414 , 27.6886
1415 , 27.8657
1416 , 27.2124
1417 , 27.8829
1418 , 27.738
1419 , 27.2454
1420 , 27.7996
1421 , 27.7007
1422 , 27.3982
1423 , 27.7882
1424 , 27.7137
1425 , 27.7779
1426 , 27.3815
1427 , 27.1798
1428 , 27.243
1429 , 27.7137
1430 , 27.813
1431 , 27.6715
1432 , 27.6345
1433 , 27.3565
1434 , 27.4333
1435 , 27.8339
1436 , 27.1826
1437 , 27.2211
1438 , 27.4653
1439 , 27.6999
1440 , 27.8017
1441 , 27.1827
1442 , 27.8665
1443 , 27.7662
1444 , 27.2985
1445 , 27.5056
1446 , 27.1288
1447 , 27.2667
1448 , 27.2402
1449 , 27.7351
1450 , 27.4497
1451 , 27.0823
1452 , 27.0533
1453 , 27.8331
1454 , 27.1414
1455 , 27.8912
1456 , 27.8137
1457 , 27.9892
1458 , 27.6117
1459 , 27.6124
1460 , 27.2392
1461 , 27.2652
1462 , 27.6716
1463 , 27.0321
1464 , 27.1716
1465 , 27.9926
1466 , 27.1974
1467 , 27.0755
1468 , 27.3739
1469 , 27.1462
1470 , 27.98
1471 , 27.0422
1472 , 27.3578
1473 , 27.1476
1474 , 27.8082
1475 , 27.965
1476 , 27.803
1477 , 27.6929
1478 , 27.2892
1479 , 27.0777
1480 , 27.8849
1481 , 27.1735
1482 , 27.8697
1483 , 27.8231
1484 , 27.1326
1485 , 27.9132
1486 , 27.6963
1487 , 27.8151
1488 , 27.1721
1489 , 27.9965
1490 , 27.0811
1491 , 27.595
1492 , 27.6416
1493 , 27.2813
1494 , 27.9016
1495 , 27.2161
1496 , 27.4704
1497 , 27.1727
1498 , 27.331
1499 , 27.9155
1500 , 27.1374
1501 , 27.9464
1502 , 27.0573
1503 , 27.1289
1504 , 27.9153
1505 , 27.7947
1506 , 27.6138
1507 , 27.0386
1508 , 27.4074
1509 , 27.9924
1510 , 27.4398
1511 , 27.3689
1512 , 27.9394
1513 , 27.1841
1514 , 27.4853
1515 , 27.2128
1516 , 27.2627
1517 , 27.5545
1518 , 27.9171
1519 , 27.7582
1520 , 27.0587
1521 , 27.2845
1522 , 27.3959
1523 , 27.754
1524 , 27.3621
1525 , 27.7939
1526 , 27.8286
1527 , 27.8906
1528 , 27.9288
1529 , 27.2792
1530 , 27.1038
1531 , 27.1666
1532 , 27.3337
1533 , 27.2415
1534 , 27.9627
1535 , 27.56
1536 , 27.6545
1537 , 27.0312
1538 , 27.2239
1539 , 27.4032
1540 , 27.3497
1541 , 27.8856
1542 , 27.9331
1543 , 27.3378
1544 , 27.8615
1545 , 27.2872
1546 , 27.3276
1547 , 27.167
1548 , 27.251
1549 , 27.3299
1550 , 27.6189
1551 , 27.0113
1552 , 27.8075
1553 , 27.7354
1554 , 27.3289
1555 , 27.5866
1556 , 27.7009
1557 , 27.1616
1558 , 27.4377
1559 , 27.3894
1560 , 27.5958
1561 , 27.5205
1562 , 27.0336
1563 , 27.3516
1564 , 27.6495
1565 , 27.196
1566 , 27.6586
1567 , 27.3622
1568 , 27.6308
1569 , 27.4895
1570 , 27.5431
1571 , 27.1381
1572 , 27.7792
1573 , 27.8999
1574 , 27.2533
1575 , 27.0982
1576 , 27.7406
1577 , 27.8751
1578 , 27.0787
1579 , 27.6746
1580 , 27.2587
1581 , 27.6963
1582 , 27.0727
1583 , 27.8037
1584 , 27.132
1585 , 27.5349
1586 , 27.102
1587 , 27.465
1588 , 27.7733
1589 , 27.0636
1590 , 27.9512
1591 , 27.7548
1592 , 27.7371
1593 , 27.0047
1594 , 27.667
1595 , 27.6769
1596 , 27.4727
1597 , 27.113
1598 , 27.1545
1599 , 27.5242
1600 , 27.8121
1601 , 27.7485
1602 , 27.0598
1603 , 27.6123
1604 , 27.1297
1605 , 27.5676
1606 , 27.0713
1607 , 27.179
1608 , 27.022
1609 , 27.8039
1610 , 27.762
1611 , 27.4074
1612 , 27.9687
1613 , 27.4563
1614 , 27.6454
1615 , 27.1588
1616 , 27.2113
1617 , 27.9766
1618 , 27.7784
1619 , 27.3294
1620 , 27.595
1621 , 27.4253
1622 , 27.8096
1623 , 27.3593
1624 , 27.5752
1625 , 27.377
1626 , 27.5037
1627 , 27.0307
1628 , 27.3576
1629 , 27.2723
1630 , 27.1022
1631 , 27.4775
1632 , 27.851
1633 , 27.0277
1634 , 27.5903
1635 , 27.0104
1636 , 27.8485
1637 , 27.1274
1638 , 27.0066
1639 , 27.7562
1640 , 27.9369
1641 , 27.7863
1642 , 27.286
1643 , 27.0765
1644 , 27.2067
1645 , 27.4001
1646 , 27.1806
1647 , 27.7042
1648 , 27.4806
1649 , 27.6881
1650 , 27.1576
1651 , 27.6273
1652 , 27.8693
1653 , 27.6096
1654 , 27.704
1655 , 27.8197
1656 , 27.7791
1657 , 27.8449
1658 , 27.6784
1659 , 27.2714
1660 , 27.0588
1661 , 27.1591
1662 , 27.3348
1663 , 27.1015
1664 , 27.1077
1665 , 27.2142
1666 , 27.8477
1667 , 27.2097
1668 , 27.5608
1669 , 27.5907
1670 , 27.5894
1671 , 27.8009
1672 , 27.0565
1673 , 27.5026
1674 , 27.7879
1675 , 27.5857
1676 , 27.2733
1677 , 27.7667
1678 , 27.3991
1679 , 27.2177
1680 , 27.8632
1681 , 27.7139
1682 , 27.0941
1683 , 27.3748
1684 , 27.643
1685 , 27.8396
1686 , 27.0747
1687 , 27.7747
1688 , 27.9304
1689 , 27.1436
1690 , 27.6633
1691 , 27.3674
1692 , 27.3721
1693 , 27.8536
1694 , 27.2007
1695 , 27.6697
1696 , 27.813
1697 , 27.9318
1698 , 27.5919
1699 , 27.2209
1700 , 27.7057
1701 , 27.9216
1702 , 27.6358
1703 , 27.4845
1704 , 27.2688
1705 , 27.4982
1706 , 27.1836
1707 , 27.9345
1708 , 27.5059
1709 , 27.5503
1710 , 27.7867
1711 , 27.6658
1712 , 27.2556
1713 , 27.2652
1714 , 27.8925
1715 , 27.8165
1716 , 27.2904
1717 , 27.7474
1718 , 27.7098
1719 , 27.0337
1720 , 27.4982
1721 , 27.9626
1722 , 27.6755
1723 , 27.4475
1724 , 27.0947
1725 , 27.5898
1726 , 27.2404
1727 , 27.6689
1728 , 27.7504
1729 , 27.9251
1730 , 27.7577
1731 , 27.8269
1732 , 27.4761
1733 , 27.3554
1734 , 27.5808
1735 , 27.846
1736 , 27.1298
1737 , 27.7078
1738 , 27.5489
1739 , 27.5282
1740 , 27.1129
1741 , 27.5829
1742 , 27.8623
1743 , 27.0808
1744 , 27.4231
1745 , 27.8079
1746 , 27.9743
1747 , 27.4165
1748 , 27.6621
1749 , 27.5889
1750 , 27.1632
1751 , 27.3257
1752 , 27.4066
1753 , 27.3493
1754 , 27.2655
1755 , 27.1861
1756 , 27.0116
1757 , 27.6972
1758 , 27.9336
1759 , 27.591
1760 , 27.8659
1761 , 27.9495
1762 , 27.5135
1763 , 27.9957
1764 , 27.8619
1765 , 27.4398
1766 , 27.3562
1767 , 27.7333
1768 , 27.6825
1769 , 27.2384
1770 , 27.3668
1771 , 27.8303
1772 , 27.7194
1773 , 27.7029
1774 , 27.2613
1775 , 27.6246
1776 , 27.5521
1777 , 27.6671
1778 , 27.2621
1779 , 27.6065
1780 , 27.3804
1781 , 27.2208
1782 , 27.5737
1783 , 27.1434
1784 , 27.5956
1785 , 27.064
1786 , 27.1068
1787 , 27.6069
1788 , 27.4506
1789 , 27.8987
1790 , 27.191
1791 , 27.4529
1792 , 27.8787
1793 , 27.213
1794 , 27.1136
1795 , 27.8069
1796 , 27.0848
1797 , 27.8783
1798 , 27.1188
1799 , 27.2151
1800 , 27.5252
1801 , 27.344
1802 , 27.3087
1803 , 27.3853
1804 , 27.5773
1805 , 27.8576
1806 , 27.1368
1807 , 27.1375
1808 , 27.179
1809 , 27.5563
1810 , 27.8803
1811 , 27.712
1812 , 27.4719
1813 , 27.9999
1814 , 27.3672
1815 , 27.4383
1816 , 27.4193
1817 , 27.1454
1818 , 27.5982
1819 , 27.4251
1820 , 27.3021
1821 , 27.5639
1822 , 27.7886
1823 , 27.2438
1824 , 27.6993
1825 , 27.5935
1826 , 27.7023
1827 , 27.6466
1828 , 27.2023
1829 , 27.3605
1830 , 27.7943
1831 , 27.2925
1832 , 27.6365
1833 , 27.8123
1834 , 27.0466
1835 , 27.9652
1836 , 27.9882
1837 , 27.1899
1838 , 27.6404
1839 , 27.4399
1840 , 27.953
1841 , 27.1225
1842 , 27.6544
1843 , 27.7771
1844 , 27.2366
1845 , 27.1968
1846 , 27.6033
1847 , 27.539
1848 , 27.3156
1849 , 27.6658
1850 , 27.3742
1851 , 27.5311
1852 , 27.6129
1853 , 27.3785
1854 , 27.9701
1855 , 27.771
1856 , 27.7144
1857 , 27.4297
1858 , 27.1015
1859 , 27.8533
1860 , 27.8494
1861 , 27.6591
1862 , 27.081
1863 , 27.3266
1864 , 27.3142
1865 , 27.7951
1866 , 27.1109
1867 , 27.9998
1868 , 27.7153
1869 , 27.5506
1870 , 27.1792
1871 , 27.8426
1872 , 27.5942
1873 , 27.9323
1874 , 27.9209
1875 , 27.0362
1876 , 27.0875
1877 , 27.6458
1878 , 27.1551
1879 , 27.3364
1880 , 27.3684
1881 , 27.2616
1882 , 27.7469
1883 , 27.4445
1884 , 27.3039
1885 , 27.5369
1886 , 27.5466
1887 , 27.8556
1888 , 27.2769
1889 , 27.2689
1890 , 27.7467
1891 , 27.9119
1892 , 27.0355
1893 , 27.1534
1894 , 27.5123
1895 , 27.2034
1896 , 27.9134
1897 , 27.8533
1898 , 27.0751
1899 , 27.554
1900 , 27.6515
1901 , 27.0441
1902 , 27.6385
1903 , 27.985
1904 , 27.2349
1905 , 27.4113
1906 , 27.8277
1907 , 27.3528
1908 , 27.7877
1909 , 27.6736
1910 , 27.3999
1911 , 27.7987
1912 , 27.2805
1913 , 27.0694
1914 , 27.594
1915 , 27.6628
1916 , 27.0709
1917 , 27.6558
1918 , 27.8442
1919 , 27.2915
1920 , 27.5348
1921 , 27.1937
1922 , 27.0448
1923 , 27.8655
1924 , 27.3985
1925 , 27.6799
1926 , 27.6884
1927 , 27.2167
1928 , 27.1099
1929 , 27.0553
1930 , 27.1458
1931 , 27.6826
1932 , 27.0526
1933 , 27.2001
1934 , 27.4337
1935 , 27.2249
1936 , 27.4468
1937 , 27.5059
1938 , 27.2594
1939 , 27.0518
1940 , 27.0786
1941 , 27.9682
1942 , 27.577
1943 , 27.2446
1944 , 27.4059
1945 , 27.3936
1946 , 27.4734
1947 , 27.7132
1948 , 27.9453
1949 , 27.9805
1950 , 27.1662
1951 , 27.7094
1952 , 27.6631
1953 , 27.8209
1954 , 27.0733
1955 , 27.9564
1956 , 27.7086
1957 , 27.9453
1958 , 27.3475
1959 , 27.3304
1960 , 27.3992
1961 , 27.8003
1962 , 27.7039
1963 , 27.3815
1964 , 27.9058
1965 , 27.6915
1966 , 27.6562
1967 , 27.5217
1968 , 27.0035
1969 , 27.8251
1970 , 27.9022
1971 , 27.8134
1972 , 27.1496
1973 , 27.5398
1974 , 27.6191
1975 , 27.665
1976 , 27.5397
1977 , 27.7765
1978 , 27.286
1979 , 27.6339
1980 , 27.7293
1981 , 27.0056
1982 , 27.3029
1983 , 27.2113
1984 , 27.9284
1985 , 27.1094
1986 , 27.25
1987 , 27.9717
1988 , 27.491
1989 , 27.3145
1990 , 27.0375
1991 , 27.3807
1992 , 27.5718
1993 , 27.7638
1994 , 27.759
1995 , 27.8253
1996 , 27.763
1997 , 27.5409
1998 , 27.0387
1999 , 27.3248
2000 , 27.9914
2001 , 27.1934
2002 , 27.2467
2003 , 27.1411
2004 , 27.3045
2005 , 27.7015
2006 , 27.9789
2007 , 27.6841
2008 , 27.1354
2009 , 27.1938
2010 , 27.7413
2011 , 27.9216
2012 , 27.9862
2013 , 27.8998
2014 , 27.2848
2015 , 27.8011
2016 , 27.8837
2017 , 27.4115
2018 , 27.2725
2019 , 27.7971
2020 , 27.6032
2021 , 27.7049
2022 , 27.866
2023 , 27.96
2024 , 27.1589
2025 , 27.5345
2026 , 27.3288
2027 , 27.3552
2028 , 27.1161
2029 , 27.2927
2030 , 27.5952
2031 , 27.0259
2032 , 27.2238
2033 , 27.1131
2034 , 27.4907
2035 , 27.2671
2036 , 27.4315
2037 , 27.2934
2038 , 27.7165
2039 , 27.0385
2040 , 27.7168
2041 , 27.0283
2042 , 27.2673
2043 , 27.3189
2044 , 27.0444
2045 , 27.7485
2046 , 27.0025
2047 , 27.3692
2048 , 27.4698
2049 , 27.1969
2050 , 27.6285
2051 , 27.6246
2052 , 27.6617
2053 , 27.9285
2054 , 27.1222
2055 , 27.9893
2056 , 27.4172
2057 , 27.5173
2058 , 27.9564
2059 , 27.5381
2060 , 27.6177
2061 , 27.2123
2062 , 27.5547
2063 , 27.9729
2064 , 27.5084
2065 , 27.2735
2066 , 27.873
2067 , 27.4367
2068 , 27.8908
2069 , 27.2026
2070 , 27.9724
2071 , 27.6759
2072 , 27.1148
2073 , 27.9612
2074 , 27.4945
2075 , 27.7982
2076 , 27.2173
2077 , 27.1654
2078 , 27.7149
2079 , 27.7709
2080 , 27.7005
2081 , 27.0728
2082 , 27.225
2083 , 27.6077
2084 , 27.4286
2085 , 27.8068
2086 , 27.008
2087 , 27.2901
2088 , 27.7641
2089 , 27.9715
2090 , 27.1362
2091 , 27.4613
2092 , 27.9246
2093 , 27.1233
2094 , 27.9048
2095 , 27.4633
2096 , 27.5613
2097 , 27.7885
2098 , 27.3882
2099 , 27.3728
2100 , 27.1819
2101 , 27.2042
2102 , 27.4995
2103 , 27.4458
2104 , 27.4946
2105 , 27.9108
2106 , 27.5289
2107 , 27.7942
2108 , 27.5192
2109 , 27.269
2110 , 27.1616
2111 , 27.2145
2112 , 27.7106
2113 , 27.2969
2114 , 27.7581
2115 , 27.939
2116 , 27.7237
2117 , 27.2885
2118 , 27.3571
2119 , 27.8516
2120 , 27.0514
2121 , 27.7023
2122 , 27.561
2123 , 27.2272
2124 , 27.3837
2125 , 27.2581
2126 , 27.553
2127 , 27.2993
2128 , 27.0844
2129 , 27.1236
2130 , 27.5533
2131 , 27.7983
2132 , 27.4606
2133 , 27.5815
2134 , 27.2101
2135 , 27.868
2136 , 27.1385
2137 , 27.6214
2138 , 27.9766
2139 , 27.6771
2140 , 27.442
2141 , 27.8657
2142 , 27.7328
2143 , 27.1925
2144 , 27.4716
2145 , 27.2877
2146 , 27.2435
2147 , 27.8397
2148 , 27.6105
2149 , 27.9635
2150 , 27.9945
2151 , 27.7551
2152 , 27.7377
2153 , 27.5611
2154 , 27.7352
2155 , 27.1731
2156 , 27.2299
2157 , 27.8325
2158 , 27.8286
2159 , 27.9047
2160 , 27.8664
2161 , 27.3829
2162 , 27.3163
2163 , 27.3731
2164 , 27.2021
2165 , 27.1109
2166 , 27.5378
2167 , 27.7276
2168 , 27.5528
2169 , 27.8928
2170 , 27.3074
2171 , 27.8719
2172 , 27.5215
2173 , 27.2866
2174 , 27.7563
2175 , 27.2401
2176 , 27.0069
2177 , 27.9563
2178 , 27.2141
2179 , 27.2396
2180 , 27.269
2181 , 27.3448
2182 , 27.4581
2183 , 27.85
2184 , 27.9064
2185 , 27.5113
2186 , 27.5687
2187 , 27.7079
2188 , 27.7381
2189 , 27.6457
2190 , 27.0783
2191 , 27.2364
2192 , 27.5208
2193 , 27.018
2194 , 27.8864
2195 , 27.094
2196 , 27.0477
2197 , 27.9055
2198 , 27.4516
2199 , 27.7104
2200 , 27.719
2201 , 27.8563
2202 , 27.8153
2203 , 27.7873
2204 , 27.9898
2205 , 27.3346
2206 , 27.0331
2207 , 27.7908
2208 , 27.1835
2209 , 27.3939
2210 , 27.1786
2211 , 27.5057
2212 , 27.9427
2213 , 27.728
2214 , 27.9034
2215 , 27.3235
2216 , 27.1097
2217 , 27.5044
2218 , 27.0132
2219 , 27.394
2220 , 27.3728
2221 , 27.2875
2222 , 27.3975
2223 , 27.3174
2224 , 27.9938
2225 , 27.5233
2226 , 27.3902
2227 , 27.3834
2228 , 27.3156
2229 , 27.449
2230 , 27.4371
2231 , 27.212
2232 , 27.7099
2233 , 27.4019
2234 , 27.6097
2235 , 27.2637
2236 , 27.529
2237 , 27.4655
2238 , 27.7798
2239 , 27.6985
2240 , 27.1816
2241 , 27.2777
2242 , 27.7584
2243 , 27.906
2244 , 27.6907
2245 , 27.4793
2246 , 27.6502
2247 , 27.5647
2248 , 27.4917
2249 , 27.3126
2250 , 27.5047
2251 , 27.8235
2252 , 27.8094
2253 , 27.3414
2254 , 27.474
2255 , 27.3145
2256 , 27.0164
2257 , 27.9355
2258 , 27.3812
2259 , 27.2762
2260 , 27.6622
2261 , 27.4823
2262 , 27.659
2263 , 27.2364
2264 , 27.3748
2265 , 27.1543
2266 , 27.9071
2267 , 27.2201
2268 , 27.0097
2269 , 27.7788
2270 , 27.8216
2271 , 27.1268
2272 , 27.1104
2273 , 27.3401
2274 , 27.3293
2275 , 27.0519
2276 , 27.165
2277 , 27.1861
2278 , 27.7688
2279 , 27.2568
2280 , 27.1534
2281 , 27.2484
2282 , 27.6715
2283 , 27.1832
2284 , 27.9673
2285 , 27.8092
2286 , 27.6675
2287 , 27.7118
2288 , 27.2609
2289 , 27.1354
2290 , 27.5673
2291 , 27.1746
2292 , 27.459
2293 , 27.2624
2294 , 27.426
2295 , 27.3568
2296 , 27.7437
2297 , 27.4657
2298 , 27.7797
2299 , 27.6365
2300 , 27.4284
2301 , 27.2277
2302 , 27.8013
2303 , 27.6358
2304 , 27.5872
2305 , 27.183
2306 , 27.3488
2307 , 27.4482
2308 , 27.3859
2309 , 27.3849
2310 , 27.1072
2311 , 27.9952
2312 , 27.4798
2313 , 27.6675
2314 , 27.3876
2315 , 27.4773
2316 , 27.7489
2317 , 27.7638
2318 , 27.7987
2319 , 27.5675
2320 , 27.9438
2321 , 27.313
2322 , 27.4764
2323 , 27.6877
2324 , 27.5592
2325 , 27.5878
2326 , 27.0588
2327 , 27.7042
2328 , 27.4703
2329 , 27.1815
2330 , 27.5985
2331 , 27.3543
2332 , 27.7373
2333 , 27.1471
2334 , 27.6864
2335 , 27.9071
2336 , 27.6564
2337 , 27.8836
2338 , 27.6447
2339 , 27.3583
2340 , 27.4733
2341 , 27.0807
2342 , 27.0177
2343 , 27.0895
2344 , 27.3517
2345 , 27.9305
2346 , 27.992
2347 , 27.4783
2348 , 27.9866
2349 , 27.6582
2350 , 27.0521
2351 , 27.6026
2352 , 27.5119
2353 , 27.2737
2354 , 27.4549
2355 , 27.8322
2356 , 27.2776
2357 , 27.4612
2358 , 27.8607
2359 , 27.8462
2360 , 27.0371
2361 , 27.5153
2362 , 27.0182
2363 , 27.5557
2364 , 27.1559
2365 , 27.6589
2366 , 27.34
2367 , 27.9151
2368 , 27.9832
2369 , 27.0509
2370 , 27.1298
2371 , 27.4859
2372 , 27.885
2373 , 27.6651
2374 , 27.8458
2375 , 27.0866
2376 , 27.5923
2377 , 27.0408
2378 , 27.2525
2379 , 27.5695
2380 , 27.6897
2381 , 27.0544
2382 , 27.5248
2383 , 27.4725
2384 , 27.4924
2385 , 27.8012
2386 , 27.9257
2387 , 27.8048
2388 , 27.8348
2389 , 27.6236
2390 , 27.2826
2391 , 27.0468
2392 , 27.2604
2393 , 27.7108
2394 , 27.0968
2395 , 27.0793
2396 , 27.478
2397 , 27.0773
2398 , 27.1916
2399 , 27.7781
2400 , 27.4284
2401 , 27.3177
2402 , 27.851
2403 , 27.0622
2404 , 27.5546
2405 , 27.4732
2406 , 27.7466
2407 , 27.5083
2408 , 27.3741
2409 , 27.778
2410 , 27.3864
2411 , 27.4335
2412 , 27.8402
2413 , 27.3971
2414 , 27.0035
2415 , 27.5032
2416 , 27.0135
2417 , 27.246
2418 , 27.5431
2419 , 27.9032
2420 , 27.5979
2421 , 27.4725
2422 , 27.3202
2423 , 27.7493
2424 , 27.985
2425 , 27.7477
2426 , 27.662
2427 , 27.1054
2428 , 27.3316
2429 , 27.7371
2430 , 27.2745
2431 , 27.7057
2432 , 27.4941
2433 , 27.1724
2434 , 27.4994
2435 , 27.3988
2436 , 27.4769
2437 , 27.4586
2438 , 27.8735
2439 , 27.6428
2440 , 27.027
2441 , 27.9377
2442 , 27.6958
2443 , 27.7879
2444 , 27.8261
2445 , 27.6417
2446 , 27.9272
2447 , 27.5897
2448 , 27.6565
2449 , 27.9357
2450 , 27.2455
2451 , 27.2139
2452 , 27.1179
2453 , 27.97
2454 , 27.3791
2455 , 27.5224
2456 , 27.6507
2457 , 27.4471
2458 , 27.4456
2459 , 27.0867
2460 , 27.7891
2461 , 27.9893
2462 , 27.0541
2463 , 27.5107
2464 , 27.4174
2465 , 27.8403
2466 , 27.4108
2467 , 27.708
2468 , 27.2915
2469 , 27.1973
2470 , 27.4143
2471 , 27.7095
2472 , 27.2852
2473 , 27.4481
2474 , 27.5347
2475 , 27.1576
2476 , 27.487
2477 , 27.03
2478 , 27.4151
2479 , 27.706
2480 , 27.5159
2481 , 27.4096
2482 , 27.584
2483 , 27.5239
2484 , 27.8449
2485 , 27.0097
2486 , 27.7872
2487 , 27.0034
2488 , 27.2905
2489 , 27.7087
2490 , 27.3534
2491 , 27.3599
2492 , 27.91
2493 , 27.4849
2494 , 27.6029
2495 , 27.705
2496 , 27.7506
2497 , 27.4209
2498 , 27.7791
2499 , 27.8974
2500 , 270.968
2501 , 270.087
2502 , 270.857
2503 , 270.087
2504 , 270.269
2505 , 270.26
2506 , 270.993
2507 , 270.617
2508 , 270.113
2509 , 270.59
2510 , 270.943
2511 , 270.047
2512 , 270.729
2513 , 270.655
2514 , 270.446
2515 , 270.538
2516 , 270.38
2517 , 270.529
2518 , 270.154
2519 , 270.706
2520 , 270.108
2521 , 270.105
2522 , 270.263
2523 , 270.385
2524 , 270.754
2525 , 270.975
2526 , 270.613
2527 , 270.014
2528 , 270.502
2529 , 270.67
2530 , 270.962
2531 , 270.044
2532 , 270.703
2533 , 270.164
2534 , 270.311
2535 , 270.935
2536 , 270.043
2537 , 270.349
2538 , 270.069
2539 , 270.295
2540 , 270.025
2541 , 270.995
2542 , 270.701
2543 , 270.037
2544 , 270.725
2545 , 270.617
2546 , 270.861
2547 , 270.163
2548 , 270.871
2549 , 270.113
2550 , 270.494
2551 , 270.201
2552 , 270.288
2553 , 270.99
2554 , 270.308
2555 , 270.352
2556 , 270.119
2557 , 270.443
2558 , 270.409
2559 , 270.706
2560 , 270.088
2561 , 270.829
2562 , 270.711
2563 , 270.423
2564 , 270.372
2565 , 270.71
2566 , 270.622
2567 , 270.216
2568 , 270.688
2569 , 270.377
2570 , 270.847
2571 , 270.707
2572 , 270.2
2573 , 270.471
2574 , 270.663
2575 , 270.096
2576 , 270.709
2577 , 270.026
2578 , 270.643
2579 , 270.048
2580 , 270.778
2581 , 270.808
2582 , 270.819
2583 , 270.978
2584 , 270.963
2585 , 270.094
2586 , 270.557
2587 , 270.93
2588 , 270.106
2589 , 270.93
2590 , 270.077
2591 , 270.247
2592 , 270.144
2593 , 270.762
2594 , 270.552
2595 , 270.617
2596 , 270.883
2597 , 270.512
2598 , 270.184
2599 , 270.6
2600 , 270.51
2601 , 270.513
2602 , 270.969
2603 , 270.106
2604 , 270.771
2605 , 270.588
2606 , 270.395
2607 , 270.779
2608 , 270.771
2609 , 270.335
2610 , 270.981
2611 , 270.939
2612 , 270.789
2613 , 270.58
2614 , 270.269
2615 , 270.959
2616 , 270.393
2617 , 270.846
2618 , 270.913
2619 , 270.285
2620 , 270.398
2621 , 270.019
2622 , 270.317
2623 , 270.077
2624 , 270.906
2625 , 270.665
2626 , 270.917
2627 , 270.822
2628 , 270.701
2629 , 270.703
2630 , 270.415
2631 , 270.71
2632 , 270.966
2633 , 270.348
2634 , 270.793
2635 , 270.198
2636 , 270.786
2637 , 270.492
2638 , 270.35
2639 , 270.987
2640 , 270.089
2641 , 270.974
2642 , 270.866
2643 , 270.787
2644 , 270.827
2645 , 270.697
2646 , 270.424
2647 , 270.395
2648 , 270.142
2649 , 270.578
2650 , 270.086
2651 , 270.951
2652 , 270.827
2653 , 270.602
2654 , 270.696
2655 , 270.114
2656 , 270.555
2657 , 270.851
2658 , 270.825
2659 , 270.243
2660 , 270.897
2661 , 270.306
2662 , 270.249
2663 , 270.498
2664 , 270.433
2665 , 270.225
2666 , 270.536
2667 , 270.16
2668 , 270.265
2669 , 270.535
2670 , 270.05
2671 , 270.045
2672 , 270.668
2673 , 270.763
2674 , 270.536
2675 , 270.611
2676 , 270.763
2677 , 270.741
2678 , 270.067
2679 , 270.141
2680 , 270.589
2681 , 270.366
2682 , 270.309
2683 , 270.393
2684 , 270.403
2685 , 270.003
2686 , 270.478
2687 , 270.628
2688 , 270.696
2689 , 270.553
2690 , 270.641
2691 , 270.2
2692 , 270.588
2693 , 270.56
2694 , 270.294
2695 , 270.82
2696 , 270.613
2697 , 270.014
2698 , 270.377
2699 , 270.443
2700 , 270.77
2701 , 270.265
2702 , 270.362
2703 , 270.885
2704 , 270.146
2705 , 270.941
2706 , 270.251
2707 , 270.335
2708 , 270.343
2709 , 270.573
2710 , 270.883
2711 , 270.858
2712 , 270.772
2713 , 270.597
2714 , 270.499
2715 , 270.048
2716 , 270.986
2717 , 270.738
2718 , 270.48
2719 , 270.353
2720 , 270.609
2721 , 270.675
2722 , 270.132
2723 , 270.88
2724 , 270.037
2725 , 270.816
2726 , 270.578
2727 , 270.098
2728 , 270.179
2729 , 270.939
2730 , 270.219
2731 , 270.608
2732 , 270.375
2733 , 270.289
2734 , 270.074
2735 , 270.683
2736 , 270.691
2737 , 270.938
2738 , 270.823
2739 , 270.174
2740 , 270.847
2741 , 270.752
2742 , 270.333
2743 , 270.492
2744 , 270.358
2745 , 270.817
2746 , 270.596
2747 , 270.925
2748 , 270.779
2749 , 270.322
2750 , 270.809
2751 , 270.291
2752 , 270.002
2753 , 270.592
2754 , 270.04
2755 , 270.118
2756 , 270.685
2757 , 270.574
2758 , 270.518
2759 , 270.505
2760 , 270.343
2761 , 270.006
2762 , 270.244
2763 , 270.834
2764 , 270.369
2765 , 270.516
2766 , 270.375
2767 , 270.619
2768 , 270.355
2769 , 270.285
2770 , 270.848
2771 , 270.276
2772 , 270.292
2773 , 270.487
2774 , 270.307
2775 , 270.123
2776 , 270.297
2777 , 270.504
2778 , 270.156
2779 , 270.678
2780 , 270.672
2781 , 270.087
2782 , 270.291
2783 , 270.273
2784 , 270.473
2785 , 270.854
2786 , 270.131
2787 , 270.463
2788 , 270.723
2789 , 270.239
2790 , 270.705
2791 , 270.582
2792 , 270.052
2793 , 270.094
2794 , 270.439
2795 , 270.543
2796 , 270.116
2797 , 270.715
2798 , 270.042
2799 , 270.909
2800 , 27.2426
2801 , 27.6652
2802 , 27.771
2803 , 27.3595
2804 , 27.0142
2805 , 27.0263
2806 , 27.532
2807 , 27.2772
2808 , 27.738
2809 , 27.0316
2810 , 27.4011
2811 , 27.9097
2812 , 27.4344
2813 , 27.7939
2814 , 27.2324
2815 , 27.2355
2816 , 27.1753
2817 , 27.0989
2818 , 27.4502
2819 , 27.1861
2820 , 27.3229
2821 , 27.5891
2822 , 27.6181
2823 , 27.0079
2824 , 27.76
2825 , 27.839
2826 , 27.5667
2827 , 27.0935
2828 , 27.4032
2829 , 27.4187
2830 , 27.2931
2831 , 27.5814
2832 , 27.1114
2833 , 27.058
2834 , 27.2503
2835 , 27.7256
2836 , 27.3639
2837 , 27.6581
2838 , 27.41
2839 , 27.4983
2840 , 27.4067
2841 , 27.756
2842 , 27.9407
2843 , 27.3635
2844 , 27.9449
2845 , 27.6828
2846 , 27.2526
2847 , 27.8843
2848 , 27.3067
2849 , 27.1187
2850 , 27.1186
2851 , 27.0683
2852 , 27.7366
2853 , 27.2958
2854 , 27.8442
2855 , 27.0165
2856 , 27.6314
2857 , 27.3873
2858 , 27.8852
2859 , 27.8559
2860 , 27.4578
2861 , 27.3103
2862 , 27.1833
2863 , 27.6998
2864 , 27.4517
2865 , 27.0749
2866 , 27.7202
2867 , 27.9395
2868 , 27.6642
2869 , 27.2183
2870 , 27.3062
2871 , 27.2038
2872 , 27.991
2873 , 27.5104
2874 , 27.4327
2875 , 27.688
2876 , 27.0878
2877 , 27.1842
2878 , 27.1199
2879 , 27.488
2880 , 27.7772
2881 , 27.2862
2882 , 27.8586
2883 , 27.2118
2884 , 27.4557
2885 , 27.5144
2886 , 27.4498
2887 , 27.5586
2888 , 27.5699
2889 , 27.726
2890 , 27.7831
2891 , 27.429
2892 , 27.2221
2893 , 27.3563
2894 , 27.3827
2895 , 27.0582
2896 , 27.0387
2897 , 27.1834
2898 , 27.5589
2899 , 27.8181
2900 , 27.3897
2901 , 27.4766
2902 , 27.4629
2903 , 27.4981
2904 , 27.3949
2905 , 27.708
2906 , 27.4187
2907 , 27.0412
2908 , 27.2598
2909 , 27.784
2910 , 27.0609
2911 , 27.3932
2912 , 27.4386
2913 , 27.646
2914 , 27.7071
2915 , 27.3965
2916 , 27.4237
2917 , 27.8201
2918 , 27.0063
2919 , 27.3235
2920 , 27.6197
2921 , 27.914
2922 , 27.4302
2923 , 27.9631
2924 , 27.5184
2925 , 27.6194
2926 , 27.857
2927 , 27.874
2928 , 27.2911
2929 , 27.4602
2930 , 27.9385
2931 , 27.8284
2932 , 27.4191
2933 , 27.3417
2934 , 27.4312
2935 , 27.7263
2936 , 27.0988
2937 , 27.4924
2938 , 27.3789
2939 , 27.6133
2940 , 27.2405
2941 , 27.2179
2942 , 27.0789
2943 , 27.1055
2944 , 27.422
2945 , 27.8367
2946 , 27.6507
2947 , 27.2167
2948 , 27.7341
2949 , 27.766
2950 , 27.9441
2951 , 27.6978
2952 , 27.3183
2953 , 27.2324
2954 , 27.1279
2955 , 27.6528
2956 , 27.6629
2957 , 27.7138
2958 , 27.0792
2959 , 27.8732
2960 , 27.0162
2961 , 27.7439
2962 , 27.0644
2963 , 27.7397
2964 , 27.0903
2965 , 27.8846
2966 , 27.9049
2967 , 27.1065
2968 , 27.705
2969 , 27.7316
2970 , 27.7889
2971 , 27.7074
2972 , 27.4286
2973 , 27.1941
2974 , 27.9127
2975 , 27.4627
2976 , 27.6205
2977 , 27.7437
2978 , 27.967
2979 , 27.7077
2980 , 27.6168
2981 , 27.2274
2982 , 27.0741
2983 , 27.8353
2984 , 27.1861
2985 , 27.7626
2986 , 27.0079
2987 , 27.9147
2988 , 27.803
2989 , 27.1759
2990 , 27.2395
2991 , 27.758
2992 , 27.3684
2993 , 27.025
2994 , 27.3597
2995 , 27.4785
2996 , 27.0549
2997 , 27.0429
2998 , 27.4738
2999 , 27.7297
3000 , 27.6469
3001 , 27.2588
3002 , 27.2623
3003 , 27.22
3004 , 27.249
3005 , 27.1766
3006 , 27.7935
3007 , 27.3803
3008 , 27.1365
3009 , 27.9693
3010 , 27.2232
3011 , 27.7036
3012 , 27.0789
3013 , 27.2397
3014 , 27.1884
3015 , 27.5078
3016 , 27.8077
3017 , 27.3481
3018 , 27.4819
3019 , 27.0545
3020 , 27.6498
3021 , 27.6467
3022 , 27.9958
3023 , 27.9276
3024 , 27.5562
3025 , 27.2832
3026 , 27.3586
3027 , 27.8235
3028 , 27.5321
3029 , 27.3745
3030 , 27.7868
3031 , 27.9905
3032 , 27.7281
3033 , 27.5599
3034 , 27.7831
3035 , 27.1922
3036 , 27.2427
3037 , 27.8207
3038 , 27.8215
3039 , 27.382
3040 , 27.6173
3041 , 27.7619
3042 , 27.8704
3043 , 27.3087
3044 , 27.2089
3045 , 27.2249
3046 , 27.7027
3047 , 27.8507
3048 , 27.8426
3049 , 27.5033
3050 , 27.5561
3051 , 27.9832
3052 , 27.9372
3053 , 27.1991
3054 , 27.4408
3055 , 27.12
3056 , 27.79
3057 , 27.4607
3058 , 27.6244
3059 , 27.4257
3060 , 27.7955
3061 , 27.4487
3062 , 27.609
3063 , 27.2582
3064 , 27.9938
3065 , 27.6716
3066 , 27.8606
3067 , 27.8981
3068 , 27.7141
3069 , 27.2339
3070 , 27.7891
3071 , 27.8231
3072 , 27.2624
3073 , 27.1377
3074 , 27.0833
3075 , 27.1556
3076 , 27.4541
3077 , 27.9293
3078 , 27.8803
3079 , 27.4686
3080 , 27.7577
3081 , 27.6867
3082 , 27.7468
3083 , 27.618
3084 , 27.2085
3085 , 27.1304
3086 , 27.7197
3087 , 27.5807
3088 , 27.5069
3089 , 27.1067
3090 , 27.9583
3091 , 27.6558
3092 , 27.6303
3093 , 27.793
3094 , 27.4831
3095 , 27.4143
3096 , 27.7114
3097 , 27.4908
3098 , 27.6705
3099 , 27.2249
3100 , 27.4764
3101 , 27.1402
3102 , 27.9714
3103 , 27.7084
3104 , 27.7677
3105 , 27.3769
3106 , 27.3306
3107 , 27.2601
3108 , 27.8236
3109 , 27.3383
3110 , 27.5023
3111 , 27.5419
3112 , 27.9522
3113 , 27.0651
3114 , 27.3097
3115 , 27.4865
3116 , 27.3072
3117 , 27.7134
3118 , 27.7292
3119 , 27.5365
3120 , 27.9922
3121 , 27.4592
3122 , 27.0815
3123 , 27.8705
3124 , 27.5635
3125 , 27.9886
3126 , 27.4058
3127 , 27.9509
3128 , 27.8068
3129 , 27.2688
3130 , 27.9487
3131 , 27.5538
3132 , 27.2983
3133 , 27.6948
3134 , 27.328
3135 , 27.7808
3136 , 27.1332
3137 , 27.3059
3138 , 27.5355
3139 , 27.0282
3140 , 27.2142
3141 , 27.3497
3142 , 27.2267
3143 , 27.2392
3144 , 27.6198
3145 , 27.2283
3146 , 27.2163
3147 , 27.7951
3148 , 27.9712
3149 , 27.6236
3150 , 27.4131
3151 , 27.0592
3152 , 27.6379
3153 , 27.3567
3154 , 27.7991
3155 , 27.4314
3156 , 27.2622
3157 , 27.4371
3158 , 27.3971
3159 , 27.6012
3160 , 27.1933
3161 , 27.016
3162 , 27.4917
3163 , 27.3905
3164 , 27.3334
3165 , 27.5834
3166 , 27.576
3167 , 27.672
3168 , 27.4385
3169 , 27.0358
3170 , 27.313
3171 , 27.3039
3172 , 27.6298
3173 , 27.8671
3174 , 27.3499
3175 , 27.9502
3176 , 27.1757
3177 , 27.192
3178 , 27.7526
3179 , 27.9864
3180 , 27.0362
3181 , 27.5447
3182 , 27.7647
3183 , 27.8126
3184 , 27.2878
3185 , 27.3842
3186 , 27.9359
3187 , 27.5471
3188 , 27.8895
3189 , 27.1424
3190 , 27.5136
3191 , 27.181
3192 , 27.3494
3193 , 27.594
3194 , 27.9164
3195 , 27.8844
3196 , 27.5105
3197 , 27.2863
3198 , 27.0597
3199 , 27.9393
3200 , 27.1038
3201 , 27.6333
3202 , 27.9438
3203 , 27.441
3204 , 27.8689
3205 , 27.826
3206 , 27.4128
3207 , 27.3146
3208 , 27.9863
3209 , 27.9599
3210 , 27.0525
3211 , 27.7813
3212 , 27.1559
3213 , 27.6451
3214 , 27.7377
3215 , 27.9564
3216 , 27.8285
3217 , 27.7129
3218 , 27.4892
3219 , 27.9096
3220 , 27.6566
3221 , 27.3467
3222 , 27.5743
3223 , 27.5967
3224 , 27.1748
3225 , 27.0724
3226 , 27.1686
3227 , 27.2641
3228 , 27.8834
3229 , 27.636
3230 , 27.4779
3231 , 27.5335
3232 , 27.3179
3233 , 27.1175
3234 , 27.8075
3235 , 27.4703
3236 , 27.9206
3237 , 27.1868
3238 , 27.2571
3239 , 27.533
3240 , 27.5241
3241 , 27.3371
3242 , 27.6727
3243 , 27.7934
3244 , 27.4941
3245 , 27.712
3246 , 27.7889
3247 , 27.7795
3248 , 27.2531
3249 , 27.572
3250 , 27.3642
3251 , 27.6184
3252 , 27.9396
3253 , 27.9487
3254 , 27.9258
3255 , 27.0481
3256 , 27.854
3257 , 27.9379
3258 , 27.4986
3259 , 27.5427
3260 , 27.2544
3261 , 27.009
3262 , 27.6301
3263 , 27.2974
3264 , 27.7835
3265 , 27.0149
3266 , 27.5453
3267 , 27.8449
3268 , 27.2504
3269 , 27.4158
3270 , 27.6955
3271 , 27.3239
3272 , 27.5918
3273 , 27.3409
3274 , 27.6457
3275 , 27.8398
3276 , 27.6415
3277 , 27.2219
3278 , 27.0596
3279 , 27.4298
3280 , 27.104
3281 , 27.5838
3282 , 27.8679
3283 , 27.3861
3284 , 27.0496
3285 , 27.1223
3286 , 27.3731
3287 , 27.2441
3288 , 27.3283
3289 , 27.9384
3290 , 27.9504
3291 , 27.8496
3292 , 27.3994
3293 , 27.9922
3294 , 27.8233
3295 , 27.1781
3296 , 27.888
3297 , 27.5888
3298 , 27.545
3299 , 27.5554
3300 , 27.945
3301 , 27.7985
3302 , 27.7178
3303 , 27.1501
3304 , 27.4619
3305 , 27.2186
3306 , 27.1452
3307 , 27.292
3308 , 27.5901
3309 , 27.0527
3310 , 27.7331
3311 , 27.1586
3312 , 27.3438
3313 , 27.8654
3314 , 27.7379
3315 , 27.3297
3316 , 27.8878
3317 , 27.705
3318 , 27.6255
3319 , 27.4248
3320 , 27.6142
3321 , 27.8838
3322 , 27.0526
3323 , 27.4441
3324 , 27.8426
3325 , 27.6843
3326 , 27.5456
3327 , 27.2834
3328 , 27.139
3329 , 27.5234
3330 , 27.4496
3331 , 27.4641
3332 , 27.1604
3333 , 27.0202
3334 , 27.6663
3335 , 27.6627
3336 , 27.8412
3337 , 27.5433
3338 , 27.9212
3339 , 27.04
3340 , 27.0804
3341 , 27.6849
3342 , 27.0755
3343 , 27.6597
3344 , 27.637
3345 , 27.5443
3346 , 27.7296
3347 , 27.2186
3348 , 27.5563
3349 , 27.74
3350 , 27.8524
3351 , 27.2458
3352 , 27.5313
3353 , 27.5606
3354 , 27.0472
3355 , 27.218
3356 , 27.9785
3357 , 27.7064
3358 , 27.7352
3359 , 27.6409
3360 , 27.5318
3361 , 27.8058
3362 , 27.8998
3363 , 27.3696
3364 , 27.2615
3365 , 27.8037
3366 , 27.8883
3367 , 27.0691
3368 , 27.0307
3369 , 27.4137
3370 , 27.0953
3371 , 27.0775
3372 , 27.6257
3373 , 27.305
3374 , 27.1888
3375 , 27.5983
3376 , 27.6813
3377 , 27.8587
3378 , 27.4732
3379 , 27.2665
3380 , 27.8572
3381 , 27.7426
3382 , 27.2333
3383 , 27.1617
3384 , 27.3506
3385 , 27.832
3386 , 27.2276
3387 , 27.5077
3388 , 27.638
3389 , 27.8989
3390 , 27.7444
3391 , 27.6337
3392 , 27.7208
3393 , 27.6411
3394 , 27.2783
3395 , 27.8259
3396 , 27.0409
3397 , 27.1521
3398 , 27.9864
3399 , 27.3246
3400 , 27.8816
3401 , 27.4929
3402 , 27.2333
3403 , 27.3078
3404 , 27.3035
3405 , 27.3838
3406 , 27.6401
3407 , 27.5098
3408 , 27.5143
3409 , 27.7626
3410 , 27.5701
3411 , 27.8564
3412 , 27.6257
3413 , 27.7237
3414 , 27.7803
3415 , 27.7791
3416 , 27.6085
3417 , 27.742
3418 , 27.9609
3419 , 27.1621
3420 , 27.9947
3421 , 27.0425
3422 , 27.8027
3423 , 27.5014
3424 , 27.6581
3425 , 27.9713
3426 , 27.076
3427 , 27.4015
3428 , 27.434
3429 , 27.0854
3430 , 27.7474
3431 , 27.7106
3432 , 27.1347
3433 , 27.1684
3434 , 27.2443
3435 , 27.4413
3436 , 27.2922
3437 , 27.2228
3438 , 27.5497
3439 , 27.7329
3440 , 27.1831
3441 , 27.2492
3442 , 27.0784
3443 , 27.1045
3444 , 27.7294
3445 , 27.1886
3446 , 27.5166
3447 , 27.4833
3448 , 27.5903
3449 , 27.8622
3450 , 27.4903
3451 , 27.4388
3452 , 27.2547
3453 , 27.5683
3454 , 27.9131
3455 , 27.3646
3456 , 27.2761
3457 , 27.662
3458 , 27.8999
3459 , 27.6728
3460 , 27.8915
3461 , 27.3078
3462 , 27.099
3463 , 27.677
3464 , 27.8378
3465 , 27.2479
3466 , 27.4993
3467 , 27.0023
3468 , 27.6197
3469 , 27.179
3470 , 27.6264
3471 , 27.2736
3472 , 27.478
3473 , 27.1834
3474 , 27.6171
3475 , 27.8462
3476 , 27.3835
3477 , 27.0132
3478 , 27.2972
3479 , 27.4389
3480 , 27.9442
3481 , 27.9769
3482 , 27.0591
3483 , 27.099
3484 , 27.1963
3485 , 27.652
3486 , 27.6344
3487 , 27.2739
3488 , 27.5647
3489 , 27.9694
3490 , 27.8976
3491 , 27.0953
3492 , 27.0726
3493 , 27.1167
3494 , 27.8865
3495 , 27.1214
3496 , 27.2233
3497 , 27.0416
3498 , 27.4206
3499 , 27.9276
3500 , 27.0805
3501 , 27.7735
3502 , 27.251
3503 , 27.6612
3504 , 27.5596
3505 , 27.8276
3506 , 27.9029
3507 , 27.462
3508 , 27.7024
3509 , 27.6318
3510 , 27.1808
3511 , 27.804
3512 , 27.3006
3513 , 27.2001
3514 , 27.5372
3515 , 27.9333
3516 , 27.2651
3517 , 27.8359
3518 , 27.2596
3519 , 27.4012
3520 , 27.7867
3521 , 27.6147
3522 , 27.7876
3523 , 27.7382
3524 , 27.3118
3525 , 27.7803
3526 , 27.4303
3527 , 27.2558
3528 , 27.2033
3529 , 27.1704
3530 , 27.9242
3531 , 27.0706
3532 , 27.6692
3533 , 27.2958
3534 , 27.6106
3535 , 27.1107
3536 , 27.6637
3537 , 27.287
3538 , 27.5529
3539 , 27.3941
3540 , 27.6861
3541 , 27.1109
3542 , 27.432
3543 , 27.5002
3544 , 27.6471
3545 , 27.7532
3546 , 27.1321
3547 , 27.9774
3548 , 27.7799
3549 , 27.2958
3550 , 27.2806
3551 , 27.859
3552 , 27.8976
3553 , 27.4546
3554 , 27.2068
3555 , 27.849
3556 , 27.0087
3557 , 27.5836
3558 , 27.8605
3559 , 27.7635
3560 , 27.9187
3561 , 27.3912
3562 , 27.5518
3563 , 27.0115
3564 , 27.5042
3565 , 27.4285
3566 , 27.9064
3567 , 27.4954
3568 , 27.3099
3569 , 27.0655
3570 , 27.2884
3571 , 27.2574
3572 , 27.1103
3573 , 27.5275
3574 , 27.373
3575 , 27.4235
3576 , 27.486
3577 , 27.0628
3578 , 27.7885
3579 , 27.6959
3580 , 27.7604
3581 , 27.9382
3582 , 27.7304
3583 , 27.7273
3584 , 27.532
3585 , 27.2546
3586 , 27.5103
3587 , 27.2295
3588 , 27.5099
3589 , 27.3131
3590 , 27.5306
3591 , 27.3136
3592 , 27.3211
3593 , 27.1699
3594 , 27.7754
3595 , 27.0714
3596 , 27.6576
3597 , 27.6462
3598 , 27.623
3599 , 27.4796
3600 , 27.5628
3601 , 27.0449
3602 , 27.9329
3603 , 27.3654
3604 , 27.7509
3605 , 27.7627
3606 , 27.1867
3607 , 27.58
3608 , 27.1708
3609 , 27.5454
3610 , 27.2299
3611 , 27.706
3612 , 27.7293
3613 , 27.9829
3614 , 27.0878
3615 , 27.5466
3616 , 27.3901
3617 , 27.2896
3618 , 27.4494
3619 , 27.0682
3620 , 27.5997
3621 , 27.8844
3622 , 27.9056
3623 , 27.6026
3624 , 27.3085
3625 , 27.9162
3626 , 27.7372
3627 , 27.8173
3628 , 27.257
3629 , 27.4645
3630 , 27.7804
3631 , 27.8497
3632 , 27.4299
3633 , 27.7003
3634 , 27.8958
3635 , 27.4455
3636 , 27.8642
3637 , 27.9897
3638 , 27.5835
3639 , 27.1752
3640 , 27.3014
3641 , 27.1472
3642 , 27.6051
3643 , 27.9038
3644 , 27.8682
3645 , 27.0096
3646 , 27.4225
3647 , 27.6241
3648 , 27.7279
3649 , 27.5799
3650 , 27.5406
3651 , 27.415
3652 , 27.168
3653 , 27.0597
3654 , 27.0121
3655 , 27.4788
3656 , 27.7031
3657 , 27.1698
3658 , 27.859
3659 , 27.3495
3660 , 27.4985
3661 , 27.1818
3662 , 27.6615
3663 , 27.3339
3664 , 27.6633
3665 , 27.2615
3666 , 27.8581
3667 , 27.4084
3668 , 27.7283
3669 , 27.0165
3670 , 27.456
3671 , 27.4207
3672 , 27.353
3673 , 27.5103
3674 , 27.8512
3675 , 27.3233
3676 , 27.9346
3677 , 27.9665
3678 , 27.8721
3679 , 27.3982
3680 , 27.6457
3681 , 27.053
3682 , 27.6662
3683 , 27.4389
3684 , 27.1842
3685 , 27.0638
3686 , 27.2396
3687 , 27.7007
3688 , 27.5525
3689 , 27.6098
3690 , 27.2876
3691 , 27.8395
3692 , 27.4342
3693 , 27.0812
3694 , 27.4841
3695 , 27.8096
3696 , 27.236
3697 , 27.2113
3698 , 27.9433
3699 , 27.6178
3700 , 27.7931
3701 , 27.0557
3702 , 27.6275
3703 , 27.3224
3704 , 27.5444
3705 , 27.6134
3706 , 27.7034
3707 , 27.4089
3708 , 27.7199
3709 , 27.7386
3710 , 27.7628
3711 , 27.0978
3712 , 27.7362
3713 , 27.1483
3714 , 27.7529
3715 , 27.719
3716 , 27.9366
3717 , 27.1883
3718 , 27.179
3719 , 27.3415
3720 , 27.7849
3721 , 27.4398
3722 , 27.2103
3723 , 27.9246
3724 , 27.5827
3725 , 27.3539
3726 , 27.0677
3727 , 27.3764
3728 , 27.8512
3729 , 27.4867
3730 , 27.8458
3731 , 27.0898
3732 , 27.9681
3733 , 27.0847
3734 , 27.0002
3735 , 27.2033
3736 , 27.4542
3737 , 27.2345
3738 , 27.0578
3739 , 27.025
3740 , 27.8705
3741 , 27.2501
3742 , 27.3417
3743 , 27.25
3744 , 27.5575
3745 , 27.1818
3746 , 27.8551
3747 , 27.4575
3748 , 27.0756
3749 , 27.0751
3750 , 27.4309
3751 , 27.7986
3752 , 27.931
3753 , 27.9271
3754 , 27.3721
3755 , 27.3126
3756 , 27.024
3757 , 27.0123
3758 , 27.1672
3759 , 27.2022
3760 , 27.0947
3761 , 27.4967
3762 , 27.1437
3763 , 27.2619
3764 , 27.8617
3765 , 27.6864
3766 , 27.5916
3767 , 27.6685
3768 , 27.0635
3769 , 27.4763
3770 , 27.5054
3771 , 27.7529
3772 , 27.1436
3773 , 27.5039
3774 , 27.6781
3775 , 27.0959
3776 , 27.3419
3777 , 27.698
3778 , 27.8745
3779 , 27.3869
3780 , 27.9791
3781 , 27.969
3782 , 27.1052
3783 , 27.343
3784 , 27.6868
3785 , 27.8967
3786 , 27.9059
3787 , 27.2715
3788 , 27.7914
3789 , 27.3053
3790 , 27.8635
3791 , 27.1314
3792 , 27.4712
3793 , 27.9414
3794 , 27.7765
3795 , 27.4351
3796 , 27.026
3797 , 27.537
3798 , 27.8979
3799 , 27.8149
3800 , 27.7601
3801 , 27.0493
3802 , 27.6781
3803 , 27.9554
3804 , 27.7045
3805 , 27.4808
3806 , 27.9634
3807 , 27.6596
3808 , 27.4107
3809 , 27.1552
3810 , 27.5879
3811 , 27.3369
3812 , 27.9642
3813 , 27.8893
3814 , 27.8081
3815 , 27.127
3816 , 27.5415
3817 , 27.4391
3818 , 27.8798
3819 , 27.5013
3820 , 27.9625
3821 , 27.4187
3822 , 27.7813
3823 , 27.134
3824 , 27.3076
3825 , 27.7577
3826 , 27.0453
3827 , 27.5091
3828 , 27.3631
3829 , 27.0082
3830 , 27.5451
3831 , 27.7225
3832 , 27.6004
3833 , 27.5998
3834 , 27.8501
3835 , 27.3522
3836 , 27.7399
3837 , 27.5813
3838 , 27.0108
3839 , 27.1876
3840 , 27.9393
3841 , 27.553
3842 , 27.4399
3843 , 27.1589
3844 , 27.2393
3845 , 27.6403
3846 , 27.7961
3847 , 27.3704
3848 , 27.4729
3849 , 27.8327
3850 , 27.6517
3851 , 27.6253
3852 , 27.3307
3853 , 27.8518
3854 , 27.1759
3855 , 27.243
3856 , 27.3257
3857 , 27.4498
3858 , 27.903
3859 , 27.227
3860 , 27.9756
3861 , 27.1933
3862 , 27.1286
3863 , 27.7628
3864 , 27.7909
3865 , 27.5911
3866 , 27.415
3867 , 27.407
3868 , 27.351
3869 , 27.8639
3870 , 27.4674
3871 , 27.9255
3872 , 27.5125
3873 , 27.5499
3874 , 27.0376
3875 , 27.4065
3876 , 27.2997
3877 , 27.0075
3878 , 27.5025
3879 , 27.0964
3880 , 27.9188
3881 , 27.0674
3882 , 27.9685
3883 , 27.9036
3884 , 27.4204
3885 , 27.1377
3886 , 27.3743
3887 , 27.8696
3888 , 27.8309
3889 , 27.936
3890 , 27.0549
3891 , 27.0515
3892 , 27.2098
3893 , 27.4334
3894 , 27.5387
3895 , 27.8381
3896 , 27.5936
3897 , 27.5875
3898 , 27.5059
3899 , 27.1563
3900 , 27.2005
3901 , 27.5907
3902 , 27.4042
3903 , 27.0272
3904 , 27.1536
3905 , 27.4924
3906 , 27.2086
3907 , 27.9165
3908 , 27.7926
3909 , 27.2157
3910 , 27.5909
3911 , 27.4708
3912 , 27.2885
3913 , 27.7237
3914 , 27.5832
3915 , 27.7473
3916 , 27.3232
3917 , 27.0416
3918 , 27.3333
3919 , 27.6973
3920 , 27.5359
3921 , 27.1001
3922 , 27.0184
3923 , 27.8509
3924 , 27.8378
3925 , 27.8538
3926 , 27.8838
3927 , 27.2661
3928 , 27.0482
3929 , 27.6798
3930 , 27.056
3931 , 27.8122
3932 , 27.8324
3933 , 27.6805
3934 , 27.1381
3935 , 27.6841
3936 , 27.4665
3937 , 27.3911
3938 , 27.9986
3939 , 27.5175
3940 , 27.2401
3941 , 27.9173
3942 , 27.6204
3943 , 27.888
3944 , 27.773
3945 , 27.1142
3946 , 27.5422
3947 , 27.7848
3948 , 27.4912
3949 , 27.8673
3950 , 27.2997
3951 , 27.063
3952 , 27.7589
3953 , 27.3544
3954 , 27.2972
3955 , 27.3715
3956 , 27.8137
3957 , 27.3079
3958 , 27.9335
3959 , 27.6951
3960 , 27.8208
3961 , 27.1846
3962 , 27.4405
3963 , 27.0473
3964 , 27.708
3965 , 27.0586
3966 , 27.1037
3967 , 27.8867
3968 , 27.7081
3969 , 27.2825
3970 , 27.6889
3971 , 27.2185
3972 , 27.2027
3973 , 27.8546
3974 , 27.1248
3975 , 27.0577
3976 , 27.791
3977 , 27.9783
3978 , 27.9835
3979 , 27.4873
3980 , 27.386
3981 , 27.3711
3982 , 27.8294
3983 , 27.7871
3984 , 27.2952
3985 , 27.4188
3986 , 27.4929
3987 , 27.2381
3988 , 27.5362
3989 , 27.8822
3990 , 27.3506
3991 , 27.0792
3992 , 27.7698
3993 , 27.1812
3994 , 27.6148
3995 , 27.075
3996 , 27.1052
3997 , 27.4656
3998 , 27.6987
3999 , 27.6718
4000 , 27.3107
4001 , 27.7659
4002 , 27.2786
4003 , 27.1707
4004 , 27.6905
4005 , 27.1794
4006 , 27.5234
4007 , 27.9206
4008 , 27.4463
4009 , 27.7398
4010 , 27.6257
4011 , 27.7688
4012 , 27.7547
4013 , 27.6768
4014 , 27.2192
4015 , 27.9077
4016 , 27.9359
4017 , 27.2222
4018 , 27.5168
4019 , 27.8667
4020 , 27.7986
4021 , 27.3798
4022 , 27.4908
4023 , 27.6203
4024 , 27.9133
4025 , 27.0545
4026 , 27.6932
4027 , 27.0078
4028 , 27.9894
4029 , 27.5027
4030 , 27.6853
4031 , 27.0402
4032 , 27.2816
4033 , 27.6365
4034 , 27.7052
4035 , 27.5477
4036 , 27.8824
4037 , 27.2507
4038 , 27.6182
4039 , 27.8689
4040 , 27.1793
4041 , 27.4893
4042 , 27.6307
4043 , 27.8157
4044 , 27.9219
4045 , 27.1198
4046 , 27.0485
4047 , 27.3759
4048 , 27.5233
4049 , 27.3092
4050 , 27.6696
4051 , 27.8904
4052 , 27.7015
4053 , 27.5916
4054 , 27.0152
4055 , 27.3382
4056 , 27.8652
4057 , 27.4281
4058 , 27.8732
4059 , 27.3292
4060 , 27.8366
4061 , 27.8386
4062 , 27.9444
4063 , 27.5359
4064 , 27.8218
4065 , 27.0173
4066 , 27.1359
4067 , 27.1999
4068 , 27.7528
4069 , 27.7715
4070 , 27.5445
4071 , 27.3431
4072 , 27.7923
4073 , 27.9804
4074 , 27.6715
4075 , 27.1117
4076 , 27.9683
4077 , 27.19
4078 , 27.7434
4079 , 27.3665
4080 , 27.6319
4081 , 27.934
4082 , 27.3703
4083 , 27.2074
4084 , 27.5705
4085 , 27.4478
4086 , 27.0654
4087 , 27.4563
4088 , 27.273
4089 , 27.4433
4090 , 27.6426
4091 , 27.2643
4092 , 27.8621
4093 , 27.9748
4094 , 27.9445
4095 , 27.9176
4096 , 27.7274
4097 , 27.0031
4098 , 27.6597
4099 , 27.2431
4100 , 27.3037
4101 , 27.926
4102 , 27.3986
4103 , 27.6104
4104 , 27.6371
4105 , 27.63
4106 , 27.8935
4107 , 27.862
4108 , 27.6022
4109 , 27.4634
4110 , 27.8604
4111 , 27.0694
4112 , 27.2177
4113 , 27.7532
4114 , 27.2737
4115 , 27.2205
4116 , 27.9534
4117 , 27.4858
4118 , 27.9384
4119 , 27.9375
4120 , 27.5895
4121 , 27.4956
4122 , 27.8871
4123 , 27.7418
4124 , 27.615
4125 , 27.5856
4126 , 27.5744
4127 , 27.8453
4128 , 27.1051
4129 , 27.787
4130 , 27.909
4131 , 27.0986
4132 , 27.8242
4133 , 27.9191
4134 , 27.0108
4135 , 27.4997
4136 , 27.9483
4137 , 27.7677
4138 , 27.6626
4139 , 27.6699
4140 , 27.8895
4141 , 27.2968
4142 , 27.3104
4143 , 27.5239
4144 , 27.1328
4145 , 27.4614
4146 , 27.1503
4147 , 27.7387
4148 , 27.3422
4149 , 27.0984
4150 , 27.7943
4151 , 27.0637
4152 , 27.2767
4153 , 27.3546
4154 , 27.3395
4155 , 27.2241
4156 , 27.2708
4157 , 27.8391
4158 , 27.6272
4159 , 27.8336
4160 , 27.3651
4161 , 27.5067
4162 , 27.3424
4163 , 27.7906
4164 , 27.7133
4165 , 27.1229
4166 , 27.5489
4167 , 27.0983
4168 , 27.4793
4169 , 27.3383
4170 , 27.5403
4171 , 27.3065
4172 , 27.2908
4173 , 27.2187
4174 , 27.9083
4175 , 27.5945
4176 , 27.373
4177 , 27.2292
4178 , 27.9682
4179 , 27.4236
4180 , 27.0266
4181 , 27.498
4182 , 27.6266
4183 , 27.8802
4184 , 27.8188
4185 , 27.461
4186 , 27.9805
4187 , 27.0108
4188 , 27.7214
4189 , 27.2233
4190 , 27.7107
4191 , 27.775
4192 , 27.1449
4193 , 27.6628
4194 , 27.8503
4195 , 27.0503
4196 , 27.1855
4197 , 27.3575
4198 , 27.0189
4199 , 27.0058
4200 , 27.0357
4201 , 27.1978
4202 , 27.2196
4203 , 27.5097
4204 , 27.6535
4205 , 27.9622
4206 , 27.9306
4207 , 27.6508
4208 , 27.5705
4209 , 27.986
4210 , 27.4728
4211 , 27.6024
4212 , 27.8016
4213 , 27.1411
4214 , 27.2373
4215 , 27.0853
4216 , 27.4436
4217 , 27.3563
4218 , 27.7308
4219 , 27.8095
4220 , 27.9199
4221 , 27.5953
4222 , 27.1209
4223 , 27.1164
4224 , 27.1327
4225 , 27.9596
4226 , 27.2706
4227 , 27.488
4228 , 27.8736
4229 , 27.6762
4230 , 27.9971
4231 , 27.2906
4232 , 27.5811
4233 , 27.9745
4234 , 27.8858
4235 , 27.6648
4236 , 27.3489
4237 , 27.5791
4238 , 27.4214
4239 , 27.8937
4240 , 27.0882
4241 , 27.9647
4242 , 27.5901
4243 , 27.662
4244 , 27.3839
4245 , 27.4283
4246 , 27.2478
4247 , 27.8057
4248 , 27.401
4249 , 27.8646
4250 , 27.4146
4251 , 27.3667
4252 , 27.9372
4253 , 27.1129
4254 , 27.6914
4255 , 27.7889
4256 , 27.9129
4257 , 27.0069
4258 , 27.8805
4259 , 27.842
4260 , 27.9468
4261 , 27.8598
4262 , 27.1489
4263 , 27.5381
4264 , 27.6745
4265 , 27.7016
4266 , 27.0127
4267 , 27.1032
4268 , 27.9384
4269 , 27.906
4270 , 27.3561
4271 , 27.0823
4272 , 27.5697
4273 , 27.7069
4274 , 27.5041
4275 , 27.1834
4276 , 27.2213
4277 , 27.3033
4278 , 27.8033
4279 , 27.2793
4280 , 27.9793
4281 , 27.9931
4282 , 27.6333
4283 , 27.7025
4284 , 27.3484
4285 , 27.5579
4286 , 27.0603
4287 , 27.0446
4288 , 27.7848
4289 , 27.5635
4290 , 27.7542
4291 , 27.3003
4292 , 27.2202
4293 , 27.2635
4294 , 27.9472
4295 , 27.96
4296 , 27.6693
4297 , 27.6592
4298 , 27.9719
4299 , 27.2237
4300 , 27.0869
4301 , 27.4967
4302 , 27.2277
4303 , 27.4461
4304 , 27.0147
4305 , 27.7865
4306 , 27.9895
4307 , 27.0687
4308 , 27.843
4309 , 27.4563
4310 , 27.5546
4311 , 27.8186
4312 , 27.7667
4313 , 27.0736
4314 , 27.5213
4315 , 27.1636
4316 , 27.9022
4317 , 27.4331
4318 , 27.837
4319 , 27.8215
4320 , 27.035
4321 , 27.362
4322 , 27.9841
4323 , 27.1653
4324 , 27.7426
4325 , 27.0813
4326 , 27.8772
4327 , 27.3024
4328 , 27.3567
4329 , 27.8349
4330 , 27.7541
4331 , 27.8499
4332 , 27.3329
4333 , 27.1144
4334 , 27.1449
4335 , 27.0122
4336 , 27.5677
4337 , 27.9367
4338 , 27.8615
4339 , 27.2183
4340 , 27.8125
4341 , 27.2364
4342 , 27.8799
4343 , 27.3131
4344 , 27.5629
4345 , 27.1189
4346 , 27.8759
4347 , 27.027
4348 , 27.5414
4349 , 27.6104
4350 , 27.6665
4351 , 27.814
4352 , 27.9953
4353 , 27.9314
4354 , 27.5014
4355 , 27.1294
4356 , 27.4995
4357 , 27.0211
4358 , 27.0095
4359 , 27.7119
4360 , 27.4026
4361 , 27.3332
4362 , 27.5161
4363 , 27.5486
4364 , 27.0584
4365 , 27.3691
4366 , 27.3507
4367 , 27.7675
4368 , 27.8569
4369 , 27.9261
4370 , 27.9896
4371 , 27.1564
4372 , 27.8807
4373 , 27.9468
4374 , 27.822
4375 , 27.5399
4376 , 27.9206
4377 , 27.2959
4378 , 27.1801
4379 , 27.9947
4380 , 27.2049
4381 , 27.9705
4382 , 27.6024
4383 , 27.8921
4384 , 27.6711
4385 , 27.3805
4386 , 27.7299
4387 , 27.615
4388 , 27.4059
4389 , 27.2988
4390 , 27.056
4391 , 27.6556
4392 , 27.1406
4393 , 27.7762
4394 , 27.2217
4395 , 27.1735
4396 , 27.5144
4397 , 27.6203
4398 , 27.6816
4399 , 27.4925
4400 , 27.9217
4401 , 27.9481
4402 , 27.2254
4403 , 27.3492
4404 , 27.4154
4405 , 27.5799
4406 , 27.928
4407 , 27.8086
4408 , 27.4303
4409 , 27.2189
4410 , 27.8359
4411 , 27.3615
4412 , 27.3209
4413 , 27.2621
4414 , 27.1381
4415 , 27.2142
4416 , 27.1461
4417 , 27.512
4418 , 27.9394
4419 , 27.5612
4420 , 27.9646
4421 , 27.2426
4422 , 27.5694
4423 , 27.7484
4424 , 27.2312
4425 , 27.2595
4426 , 27.1304
4427 , 27.7821
4428 , 27.2477
4429 , 27.4821
4430 , 27.0796
4431 , 27.6593
4432 , 27.4195
4433 , 27.7745
4434 , 27.1351
4435 , 27.1603
4436 , 27.9886
4437 , 27.3052
4438 , 27.793
4439 , 27.0566
4440 , 27.8008
4441 , 27.6889
4442 , 27.1333
4443 , 27.6317
4444 , 27.6153
4445 , 27.4872
4446 , 27.6488
4447 , 27.8991
4448 , 27.5178
4449 , 27.8805
4450 , 27.7825
4451 , 27.9739
4452 , 27.1059
4453 , 27.8591
4454 , 27.2566
4455 , 27.1198
4456 , 27.784
4457 , 27.4731
4458 , 27.7094
4459 , 27.9168
4460 , 27.2381
4461 , 27.1392
4462 , 27.0595
4463 , 27.6133
4464 , 27.9024
4465 , 27.5535
4466 , 27.3691
4467 , 27.5655
4468 , 27.8017
4469 , 27.0987
4470 , 27.0811
4471 , 27.03
4472 , 27.4268
4473 , 27.9634
4474 , 27.4259
4475 , 27.2351
4476 , 27.2269
4477 , 27.4311
4478 , 27.3533
4479 , 27.2843
4480 , 27.0941
4481 , 27.2894
4482 , 27.4157
4483 , 27.6908
4484 , 27.1483
4485 , 27.2844
4486 , 27.4009
4487 , 27.1463
4488 , 27.7595
4489 , 27.6751
4490 , 27.9361
4491 , 27.7199
4492 , 27.5534
4493 , 27.8847
4494 , 27.2696
4495 , 27.8489
4496 , 27.1743
4497 , 27.4718
4498 , 27.494
4499 , 27.6542
4500 , 27.177
4501 , 27.918
4502 , 27.5821
4503 , 27.2358
4504 , 27.4643
4505 , 27.1004
4506 , 27.6966
4507 , 27.5005
4508 , 27.2576
4509 , 27.9899
4510 , 27.5061
4511 , 27.8318
4512 , 27.0282
4513 , 27.4164
4514 , 27.5417
4515 , 27.3356
4516 , 27.0957
4517 , 27.4752
4518 , 27.8019
4519 , 27.4158
4520 , 27.0072
4521 , 27.9206
4522 , 27.5099
4523 , 27.8059
4524 , 27.7113
4525 , 27.9435
4526 , 27.796
4527 , 27.7644
4528 , 27.5516
4529 , 27.4979
4530 , 27.7904
4531 , 27.8489
4532 , 27.6769
4533 , 27.4918
4534 , 27.3922
4535 , 27.8095
4536 , 27.0597
4537 , 27.2584
4538 , 27.5698
4539 , 27.0385
4540 , 27.5896
4541 , 27.4017
4542 , 27.7357
4543 , 27.0156
4544 , 27.6552
4545 , 27.685
4546 , 27.3086
4547 , 27.2927
4548 , 27.8138
4549 , 27.0059
4550 , 27.5109
4551 , 27.9979
4552 , 27.3822
4553 , 27.5
4554 , 27.0931
4555 , 27.3556
4556 , 27.7604
4557 , 27.0061
4558 , 27.4574
4559 , 27.9983
4560 , 27.4807
4561 , 27.4939
4562 , 27.2141
4563 , 27.5134
4564 , 27.7426
4565 , 27.0573
4566 , 27.0824
4567 , 27.7663
4568 , 27.8958
4569 , 27.5643
4570 , 27.1235
4571 , 27.4724
4572 , 27.2196
4573 , 27.5844
4574 , 27.0056
4575 , 27.3711
4576 , 27.0751
4577 , 27.378
4578 , 27.4354
4579 , 27.6303
4580 , 27.1348
4581 , 27.9721
4582 , 27.1592
4583 , 27.4852
4584 , 27.2423
4585 , 27.483
4586 , 27.0853
4587 , 27.5234
4588 , 27.9974
4589 , 27.4602
4590 , 27.1279
4591 , 27.0693
4592 , 27.8481
4593 , 27.8784
4594 , 27.7988
4595 , 27.1554
4596 , 27.3505
4597 , 27.7717
4598 , 27.5174
4599 , 27.4402
4600 , 27.0268
4601 , 27.7582
4602 , 27.1312
4603 , 27.4449
4604 , 27.8922
4605 , 27.1156
4606 , 27.4131
4607 , 27.5398
4608 , 27.411
4609 , 27.2044
4610 , 27.5477
4611 , 27.5262
4612 , 27.1089
4613 , 27.5251
4614 , 27.3601
4615 , 27.4616
4616 , 27.7969
4617 , 27.7484
4618 , 27.0978
4619 , 27.7828
4620 , 27.5895
4621 , 27.9311
4622 , 27.9779
4623 , 27.9763
4624 , 27.498
4625 , 27.7184
4626 , 27.7612
4627 , 27.9712
4628 , 27.9058
4629 , 27.9663
4630 , 27.187
4631 , 27.6169
4632 , 27.1369
4633 , 27.5267
4634 , 27.1884
4635 , 27.8431
4636 , 27.6747
4637 , 27.9463
4638 , 27.8657
4639 , 27.1696
4640 , 27.9949
4641 , 27.9244
4642 , 27.012
4643 , 27.9945
4644 , 27.3651
4645 , 27.7929
4646 , 27.0181
4647 , 27.4475
4648 , 27.8961
4649 , 27.6226
4650 , 27.9611
4651 , 27.659
4652 , 27.8985
4653 , 27.4336
4654 , 27.8365
4655 , 27.9248
4656 , 27.5254
4657 , 27.0673
4658 , 27.9938
4659 , 27.3229
4660 , 27.2139
4661 , 27.1085
4662 , 27.7248
4663 , 27.7379
4664 , 27.1741
4665 , 27.1864
4666 , 27.3155
4667 , 27.4209
4668 , 27.9628
4669 , 27.4098
4670 , 27.7348
4671 , 27.737
4672 , 27.5624
4673 , 27.1223
4674 , 27.2897
4675 , 27.727
4676 , 27.5036
4677 , 27.6381
4678 , 27.9933
4679 , 27.3065
4680 , 27.0892
4681 , 27.6087
4682 , 27.2433
4683 , 27.1988
4684 , 27.3549
4685 , 27.084
4686 , 27.6426
4687 , 27.9907
4688 , 27.4915
4689 , 27.7374
4690 , 27.5956
4691 , 27.6369
4692 , 27.9326
4693 , 27.5005
4694 , 27.8496
4695 , 27.9198
4696 , 27.5881
4697 , 27.5697
4698 , 27.9869
4699 , 27.0913
4700 , 27.4133
4701 , 27.5074
4702 , 27.6985
4703 , 27.4873
4704 , 27.3569
4705 , 27.9984
4706 , 27.116
4707 , 27.3109
4708 , 27.02
4709 , 27.7903
4710 , 27.9504
4711 , 27.3911
4712 , 27.599
4713 , 27.9069
4714 , 27.5273
4715 , 27.6505
4716 , 27.4963
4717 , 27.6319
4718 , 27.747
4719 , 27.2629
4720 , 27.6574
4721 , 27.6263
4722 , 27.6286
4723 , 27.78
4724 , 27.5153
4725 , 27.1435
4726 , 27.6118
4727 , 27.5551
4728 , 27.0071
4729 , 27.4412
4730 , 27.2421
4731 , 27.0392
4732 , 27.6047
4733 , 27.3614
4734 , 27.2153
4735 , 27.3942
4736 , 27.5859
4737 , 27.4225
4738 , 27.1845
4739 , 27.185
4740 , 27.1003
4741 , 27.194
4742 , 27.7719
4743 , 27.2217
4744 , 27.7144
4745 , 27.4054
4746 , 27.0297
4747 , 27.5122
4748 , 27.6444
4749 , 27.7569
4750 , 27.6226
4751 , 27.7738
4752 , 27.1727
4753 , 27.4144
4754 , 27.5134
4755 , 27.4605
4756 , 27.6532
4757 , 27.6195
4758 , 27.0479
4759 , 27.0951
4760 , 27.5178
4761 , 27.424
4762 , 27.5484
4763 , 27.2888
4764 , 27.2658
4765 , 27.5621
4766 , 27.6993
4767 , 27.1384
4768 , 27.9975
4769 , 27.0161
4770 , 27.7672
4771 , 27.8498
4772 , 27.782
4773 , 27.6036
4774 , 27.538
4775 , 27.0717
4776 , 27.8943
4777 , 27.715
4778 , 27.5883
4779 , 27.3112
4780 , 27.3853
4781 , 27.9734
4782 , 27.2567
4783 , 27.1384
4784 , 27.0824
4785 , 27.0364
4786 , 27.3489
4787 , 27.1347
4788 , 27.3318
4789 , 27.1873
4790 , 27.6907
4791 , 27.3531
4792 , 27.0893
4793 , 27.5324
4794 , 27.6211
4795 , 27.3443
4796 , 27.65
4797 , 27.8551
4798 , 27.6895
4799 , 27.1571
4800 , 27.3897
4801 , 27.0282
4802 , 27.8797
4803 , 27.1396
4804 , 27.1134
4805 , 27.0784
4806 , 27.0661
4807 , 27.9222
4808 , 27.8407
4809 , 27.4959
4810 , 27.541
4811 , 27.783
4812 , 27.0603
4813 , 27.0381
4814 , 27.3108
4815 , 27.9156
4816 , 27.0103
4817 , 27.262
4818 , 27.5117
4819 , 27.1404
4820 , 27.5157
4821 , 27.056
4822 , 27.0085
4823 , 27.0167
4824 , 27.6868
4825 , 27.0729
4826 , 27.9408
4827 , 27.8848
4828 , 27.8481
4829 , 27.9514
4830 , 27.3232
4831 , 27.0818
4832 , 27.1155
4833 , 27.6097
4834 , 27.2354
4835 , 27.6644
4836 , 27.2294
4837 , 27.549
4838 , 27.7849
4839 , 27.6703
4840 , 27.7851
4841 , 27.8503
4842 , 27.1606
4843 , 27.8515
4844 , 27.3592
4845 , 27.5328
4846 , 27.3377
4847 , 27.895
4848 , 27.547
4849 , 27.9852
4850 , 27.275
4851 , 27.355
4852 , 27.7814
4853 , 27.5866
4854 , 27.0174
4855 , 27.32
4856 , 27.7743
4857 , 27.3088
4858 , 27.6067
4859 , 27.5341
4860 , 27.4772
4861 , 27.5176
4862 , 27.3549
4863 , 27.2865
4864 , 27.7384
4865 , 27.4941
4866 , 27.7033
4867 , 27.9668
4868 , 27.3375
4869 , 27.1452
4870 , 27.9368
4871 , 27.2117
4872 , 27.8525
4873 , 27.3051
4874 , 27.1553
4875 , 27.9014
4876 , 27.0703
4877 , 27.4061
4878 , 27.3554
4879 , 27.0357
4880 , 27.0253
4881 , 27.8072
4882 , 27.1321
4883 , 27.1056
4884 , 27.4414
4885 , 27.6968
4886 , 27.7293
4887 , 27.8353
4888 , 27.5021
4889 , 27.1213
4890 , 27.2021
4891 , 27.6656
4892 , 27.206
4893 , 27.7231
4894 , 27.589
4895 , 27.105
4896 , 27.7313
4897 , 27.0192
4898 , 27.7986
4899 , 27.6657
4900 , 27.4803
4901 , 27.8818
4902 , 27.1916
4903 , 27.0987
4904 , 27.4769
4905 , 27.23
4906 , 27.5944
4907 , 27.9534
4908 , 27.695
4909 , 27.4031
4910 , 27.9616
4911 , 27.0477
4912 , 27.167
4913 , 27.6644
4914 , 27.223
4915 , 27.6303
4916 , 27.4609
4917 , 27.8052
4918 , 27.5495
4919 , 27.8393
4920 , 27.2484
4921 , 27.5877
4922 , 27.6818
4923 , 27.5458
4924 , 27.9631
4925 , 27.3771
4926 , 27.2693
4927 , 27.0846
4928 , 27.43
4929 , 27.676
4930 , 27.9451
4931 , 27.4356
4932 , 27.7853
4933 , 27.2759
4934 , 27.4857
4935 , 27.2877
4936 , 27.3053
4937 , 27.7456
4938 , 27.5478
4939 , 27.0155
4940 , 27.1621
4941 , 27.1856
4942 , 27.6645
4943 , 27.5184
4944 , 27.434
4945 , 27.1189
4946 , 27.5451
4947 , 27.0104
4948 , 27.0071
4949 , 27.3169
4950 , 27.288
4951 , 27.9519
4952 , 27.6226
4953 , 27.7222
4954 , 27.8011
4955 , 27.1376
4956 , 27.4667
4957 , 27.0313
4958 , 27.4927
4959 , 27.9343
4960 , 27.4775
4961 , 27.8473
4962 , 27.8565
4963 , 27.3963
4964 , 27.9741
4965 , 27.6411
4966 , 27.5161
4967 , 27.8842
4968 , 27.1572
4969 , 27.6709
4970 , 27.4211
4971 , 27.627
4972 , 27.9833
4973 , 27.8705
4974 , 27.5538
4975 , 27.4626
4976 , 27.9318
4977 , 27.5967
4978 , 27.2794
4979 , 27.3116
4980 , 27.6397
4981 , 27.1325
4982 , 27.9137
4983 , 27.4925
4984 , 27.993
4985 , 27.7263
4986 , 27.2845
4987 , 27.9718
4988 , 27.7329
4989 , 27.3044
4990 , 27.1697
4991 , 27.3471
4992 , 27.006
4993 , 27.8527
4994 , 27.0106
4995 , 27.0156
4996 , 27.9838
4997 , 27.7115
4998 , 27.6745
4999 , 27.8659
5000 , 270.216
