1 , 0.0
2 , 0.0
3 , 0.0
4 , 0.0
5 , 0.0
6 , 0.0
7 , 0.0
8 , 0.0
9 , 0.0
10 , 0.0
11 , 0.0
12 , 0.0
13 , 0.0
14 , 0.0
15 , 0.0
16 , 0.0
17 , 0.0
18 , 0.0
19 , 0.0
20 , 0.0
21 , 0.0
22 , 0.0
23 , 0.0
24 , 0.0
25 , 0.0
26 , 0.0
27 , 0.0
28 , 0.0
29 , 0.0
30 , 0.0
31 , 0.0
32 , 0.0
33 , 0.0
34 , 0.0
35 , 0.0
36 , 0.0
37 , 0.0
38 , 0.0
39 , 0.0
40 , 0.0
41 , 0.0
42 , 0.0
43 , 0.0
44 , 0.0
45 , 0.0
46 , 0.0
47 , 0.0
48 , 0.0
49 , 0.0
50 , 0.0
51 , 0.0
52 , 0.0
53 , 0.0
54 , 0.0
55 , 0.0
56 , 0.0
57 , 0.0
58 , 0.0
59 , 0.0
60 , 0.0
61 , 0.0
62 , 0.0
63 , 0.0
64 , 0.0
65 , 0.0
66 , 0.0
67 , 0.0
68 , 0.0
69 , 0.0
70 , 0.0
71 , 0.0
72 , 0.0
73 , 0.0
74 , 0.0
75 , 0.0
76 , 0.0
77 , 3.0
78 , 3.0
79 , 3.0
80 , 3.0
81 , 3.0
82 , 3.0
83 , 3.0
84 , 3.0
85 , 3.0
86 , 3.0
87 , 3.0
88 , 3.0
89 , 4.0
90 , 4.0
91 , 4.0
92 , 4.0
93 , 4.0
94 , 4.0
95 , 4.0
96 , 4.0
97 , 4.0
98 , 4.0
99 , 4.0
100 , 4.0
101 , 4.0
102 , 4.0
103 , 4.0
104 , 4.0
105 , 4.0
106 , 4.0
107 , 4.0
108 , 4.0
109 , 4.0
110 , 4.0
111 , 4.0
112 , 5.0
113 , 5.0
114 , 5.0
115 , 5.0
116 , 5.0
117 , 5.0
118 , 5.0
119 , 5.0
120 , 5.0
121 , 5.0
122 , 5.0
123 , 5.0
124 , 5.0
125 , 5.0
126 , 5.0
127 , 5.0
128 , 5.0
129 , 5.0
130 , 5.0
131 , 5.0
132 , 5.0
133 , 5.0
134 , 5.0
135 , 5.0
136 , 5.0
137 , 5.0
138 , 5.0
139 , 5.0
140 , 5.0
141 , 5.0
142 , 5.0
143 , 5.0
144 , 5.0
145 , 5.0
146 , 5.0
147 , 5.0
148 , 5.0
149 , 5.0
150 , 5.0
151 , 5.0
152 , 5.0
153 , 5.0
154 , 5.0
155 , 5.0
156 , 5.0
157 , 5.0
158 , 5.0
159 , 5.0
160 , 5.0
161 , 5.0
162 , 5.0
163 , 5.0
164 , 5.0
165 , 5.0
166 , 5.0
167 , 5.0
168 , 5.0
169 , 5.0
170 , 5.0
171 , 5.0
172 , 5.0
173 , 5.0
174 , 5.0
175 , 5.0
176 , 5.0
177 , 5.0
178 , 5.0
179 , 5.0
180 , 5.0
181 , 5.0
182 , 5.0
183 , 5.0
184 , 5.0
185 , 5.0
186 , 5.0
187 , 6.0
188 , 6.0
189 , 6.0
190 , 6.0
191 , 6.0
192 , 6.0
193 , 6.0
194 , 6.0
195 , 6.0
196 , 6.0
197 , 6.0
198 , 6.0
199 , 6.0
200 , 6.0
201 , 6.0
202 , 6.0
203 , 6.0
204 , 6.0
205 , 6.0
206 , 6.0
207 , 6.0
208 , 6.0
209 , 6.0
210 , 6.0
211 , 6.0
212 , 6.0
213 , 6.0
214 , 6.0
215 , 6.0
216 , 6.0
217 , 6.0
218 , 6.0
219 , 6.0
220 , 6.0
221 , 6.0
222 , 6.0
223 , 6.0
224 , 6.0
225 , 6.0
226 , 6.0
227 , 6.0
228 , 6.0
229 , 6.0
230 , 6.0
231 , 6.0
232 , 6.0
233 , 6.0
234 , 6.0
235 , 6.0
236 , 6.0
237 , 6.0
238 , 6.0
239 , 6.0
240 , 6.0
241 , 6.0
242 , 6.0
243 , 6.0
244 , 6.0
245 , 6.0
246 , 6.0
247 , 6.0
248 , 6.0
249 , 6.0
250 , 6.0
251 , 6.0
252 , 6.0
253 , 6.0
254 , 6.0
255 , 6.0
256 , 6.0
257 , 6.0
258 , 6.0
259 , 6.0
260 , 6.0
261 , 6.0
262 , 6.0
263 , 6.0
264 , 6.0
265 , 6.0
266 , 6.0
267 , 6.0
268 , 6.0
269 , 6.0
270 , 6.0
271 , 6.0
272 , 6.0
273 , 6.0
274 , 6.0
275 , 6.0
276 , 6.0
277 , 6.0
278 , 6.0
279 , 6.0
280 , 6.0
281 , 6.0
282 , 6.0
283 , 6.0
284 , 6.0
285 , 6.0
286 , 6.0
287 , 6.0
288 , 6.0
289 , 6.0
290 , 6.0
291 , 6.0
292 , 6.0
293 , 6.0
294 , 6.0
295 , 6.0
296 , 6.0
297 , 6.0
298 , 6.0
299 , 6.0
300 , 6.0
301 , 6.0
302 , 6.0
303 , 6.0
304 , 6.0
305 , 6.0
306 , 6.0
307 , 6.0
308 , 6.0
309 , 6.0
310 , 6.0
311 , 6.0
312 , 6.0
313 , 6.0
314 , 6.0
315 , 6.0
316 , 6.0
317 , 6.0
318 , 6.0
319 , 6.0
320 , 6.0
321 , 6.0
322 , 6.0
323 , 6.0
324 , 6.0
325 , 6.0
326 , 6.0
327 , 6.0
328 , 6.0
329 , 6.0
330 , 6.0
331 , 6.0
332 , 6.0
333 , 6.0
334 , 6.0
335 , 6.0
336 , 6.0
337 , 6.0
338 , 6.0
339 , 6.0
340 , 6.0
341 , 6.0
342 , 6.0
343 , 6.0
344 , 6.0
345 , 6.0
346 , 6.0
347 , 6.0
348 , 6.0
349 , 4.0
350 , 4.0
351 , 4.0
352 , 4.0
353 , 4.0
354 , 4.0
355 , 4.0
356 , 4.0
357 , 4.0
358 , 4.0
359 , 4.0
360 , 4.0
361 , 4.0
362 , 5.0
363 , 5.0
364 , 5.0
365 , 5.0
366 , 5.0
367 , 5.0
368 , 5.0
369 , 5.0
370 , 5.0
371 , 5.0
372 , 5.0
373 , 5.0
374 , 5.0
375 , 5.0
376 , 5.0
377 , 5.0
378 , 5.0
379 , 5.0
380 , 5.0
381 , 5.0
382 , 5.0
383 , 5.0
384 , 5.0
385 , 5.0
386 , 5.0
387 , 5.0
388 , 5.0
389 , 5.0
390 , 5.0
391 , 5.0
392 , 5.0
393 , 5.0
394 , 5.0
395 , 5.0
396 , 5.0
397 , 5.0
398 , 5.0
399 , 5.0
400 , 5.0
401 , 5.0
402 , 5.0
403 , 5.0
404 , 5.0
405 , 5.0
406 , 5.0
407 , 5.0
408 , 5.0
409 , 6.0
410 , 6.0
411 , 6.0
412 , 6.0
413 , 6.0
414 , 6.0
415 , 6.0
416 , 6.0
417 , 6.0
418 , 6.0
419 , 6.0
420 , 6.0
421 , 6.0
422 , 4.0
423 , 4.0
424 , 4.0
425 , 4.0
426 , 4.0
427 , 4.0
428 , 4.0
429 , 4.0
430 , 4.0
431 , 4.0
432 , 4.0
433 , 4.0
434 , 4.0
435 , 4.0
436 , 4.0
437 , 4.0
438 , 4.0
439 , 4.0
440 , 4.0
441 , 4.0
442 , 4.0
443 , 4.0
444 , 4.0
445 , 4.0
446 , 4.0
447 , 4.0
448 , 4.0
449 , 4.0
450 , 4.0
451 , 4.0
452 , 4.0
453 , 4.0
454 , 4.0
455 , 4.0
456 , 4.0
457 , 4.0
458 , 4.0
459 , 4.0
460 , 4.0
461 , 4.0
462 , 4.0
463 , 4.0
464 , 4.0
465 , 4.0
466 , 4.0
467 , 4.0
468 , 4.0
469 , 4.0
470 , 4.0
471 , 4.0
472 , 4.0
473 , 4.0
474 , 4.0
475 , 4.0
476 , 4.0
477 , 4.0
478 , 4.0
479 , 4.0
480 , 4.0
481 , 4.0
482 , 4.0
483 , 4.0
484 , 4.0
485 , 4.0
486 , 4.0
487 , 4.0
488 , 4.0
489 , 4.0
490 , 4.0
491 , 4.0
492 , 4.0
493 , 4.0
494 , 4.0
495 , 4.0
496 , 4.0
497 , 4.0
498 , 4.0
499 , 4.0
500 , 4.0
501 , 4.0
502 , 4.0
503 , 4.0
504 , 4.0
505 , 4.0
506 , 4.0
507 , 4.0
508 , 4.0
509 , 4.0
510 , 4.0
511 , 4.0
512 , 4.0
513 , 4.0
514 , 4.0
515 , 4.0
516 , 4.0
517 , 4.0
518 , 4.0
519 , 4.0
520 , 4.0
521 , 4.0
522 , 4.0
523 , 4.0
524 , 4.0
525 , 4.0
526 , 5.0
527 , 5.0
528 , 5.0
529 , 5.0
530 , 5.0
531 , 5.0
532 , 5.0
533 , 5.0
534 , 5.0
535 , 5.0
536 , 5.0
537 , 5.0
538 , 5.0
539 , 5.0
540 , 5.0
541 , 5.0
542 , 5.0
543 , 5.0
544 , 5.0
545 , 5.0
546 , 6.0
547 , 6.0
548 , 6.0
549 , 6.0
550 , 6.0
551 , 6.0
552 , 6.0
553 , 6.0
554 , 6.0
555 , 6.0
556 , 3.0
557 , 3.0
558 , 3.0
559 , 3.0
560 , 3.0
561 , 3.0
562 , 3.0
563 , 3.0
564 , 3.0
565 , 3.0
566 , 3.0
567 , 3.0
568 , 3.0
569 , 3.0
570 , 3.0
571 , 3.0
572 , 3.0
573 , 3.0
574 , 3.0
575 , 3.0
576 , 3.0
577 , 3.0
578 , 3.0
579 , 3.0
580 , 3.0
581 , 3.0
582 , 3.0
583 , 3.0
584 , 3.0
585 , 3.0
586 , 3.0
587 , 3.0
588 , 3.0
589 , 3.0
590 , 3.0
591 , 3.0
592 , 3.0
593 , 3.0
594 , 3.0
595 , 3.0
596 , 3.0
597 , 3.0
598 , 3.0
599 , 3.0
600 , 3.0
601 , 3.0
602 , 3.0
603 , 3.0
604 , 3.0
605 , 3.0
606 , 3.0
607 , 3.0
608 , 3.0
609 , 3.0
610 , 3.0
611 , 3.0
612 , 3.0
613 , 3.0
614 , 3.0
615 , 3.0
616 , 3.0
617 , 3.0
618 , 3.0
619 , 3.0
620 , 3.0
621 , 3.0
622 , 3.0
623 , 3.0
624 , 3.0
625 , 3.0
626 , 3.0
627 , 3.0
628 , 3.0
629 , 3.0
630 , 3.0
631 , 3.0
632 , 3.0
633 , 3.0
634 , 3.0
635 , 3.0
636 , 3.0
637 , 3.0
638 , 3.0
639 , 3.0
640 , 3.0
641 , 3.0
642 , 3.0
643 , 3.0
644 , 3.0
645 , 3.0
646 , 3.0
647 , 3.0
648 , 3.0
649 , 3.0
650 , 3.0
651 , 3.0
652 , 3.0
653 , 3.0
654 , 3.0
655 , 3.0
656 , 3.0
657 , 3.0
658 , 3.0
659 , 3.0
660 , 3.0
661 , 3.0
662 , 3.0
663 , 3.0
664 , 3.0
665 , 3.0
666 , 3.0
667 , 3.0
668 , 3.0
669 , 3.0
670 , 3.0
671 , 3.0
672 , 3.0
673 , 3.0
674 , 3.0
675 , 3.0
676 , 3.0
677 , 3.0
678 , 3.0
679 , 3.0
680 , 3.0
681 , 3.0
682 , 3.0
683 , 3.0
684 , 3.0
685 , 3.0
686 , 3.0
687 , 3.0
688 , 3.0
689 , 3.0
690 , 3.0
691 , 3.0
692 , 3.0
693 , 3.0
694 , 3.0
695 , 3.0
696 , 3.0
697 , 3.0
698 , 3.0
699 , 3.0
700 , 3.0
701 , 3.0
702 , 3.0
703 , 3.0
704 , 3.0
705 , 3.0
706 , 3.0
707 , 3.0
708 , 3.0
709 , 3.0
710 , 3.0
711 , 3.0
712 , 3.0
713 , 3.0
714 , 3.0
715 , 3.0
716 , 3.0
717 , 3.0
718 , 3.0
719 , 3.0
720 , 5.0
721 , 5.0
722 , 5.0
723 , 5.0
724 , 5.0
725 , 5.0
726 , 5.0
727 , 5.0
728 , 5.0
729 , 5.0
730 , 5.0
731 , 6.0
732 , 6.0
733 , 6.0
734 , 6.0
735 , 6.0
736 , 6.0
737 , 6.0
738 , 6.0
739 , 6.0
740 , 6.0
741 , 6.0
742 , 6.0
743 , 6.0
744 , 6.0
745 , 6.0
746 , 6.0
747 , 6.0
748 , 6.0
749 , 4.0
750 , 4.0
751 , 4.0
752 , 4.0
753 , 4.0
754 , 4.0
755 , 4.0
756 , 4.0
757 , 4.0
758 , 4.0
759 , 4.0
760 , 4.0
761 , 4.0
762 , 4.0
763 , 4.0
764 , 4.0
765 , 4.0
766 , 4.0
767 , 4.0
768 , 4.0
769 , 4.0
770 , 4.0
771 , 4.0
772 , 4.0
773 , 4.0
774 , 4.0
775 , 4.0
776 , 4.0
777 , 4.0
778 , 4.0
779 , 4.0
780 , 4.0
781 , 4.0
782 , 4.0
783 , 4.0
784 , 4.0
785 , 4.0
786 , 4.0
787 , 4.0
788 , 4.0
789 , 4.0
790 , 4.0
791 , 4.0
792 , 4.0
793 , 4.0
794 , 4.0
795 , 4.0
796 , 4.0
797 , 4.0
798 , 4.0
799 , 4.0
800 , 4.0
801 , 4.0
802 , 4.0
803 , 4.0
804 , 4.0
805 , 4.0
806 , 4.0
807 , 4.0
808 , 4.0
809 , 4.0
810 , 4.0
811 , 4.0
812 , 4.0
813 , 4.0
814 , 4.0
815 , 4.0
816 , 4.0
817 , 4.0
818 , 4.0
819 , 4.0
820 , 4.0
821 , 4.0
822 , 4.0
823 , 4.0
824 , 4.0
825 , 4.0
826 , 4.0
827 , 4.0
828 , 4.0
829 , 4.0
830 , 4.0
831 , 4.0
832 , 4.0
833 , 4.0
834 , 4.0
835 , 4.0
836 , 4.0
837 , 4.0
838 , 4.0
839 , 4.0
840 , 4.0
841 , 4.0
842 , 4.0
843 , 4.0
844 , 4.0
845 , 4.0
846 , 4.0
847 , 4.0
848 , 4.0
849 , 4.0
850 , 4.0
851 , 4.0
852 , 4.0
853 , 4.0
854 , 4.0
855 , 4.0
856 , 4.0
857 , 4.0
858 , 4.0
859 , 4.0
860 , 4.0
861 , 4.0
862 , 4.0
863 , 4.0
864 , 4.0
865 , 4.0
866 , 4.0
867 , 4.0
868 , 4.0
869 , 4.0
870 , 4.0
871 , 4.0
872 , 4.0
873 , 4.0
874 , 4.0
875 , 4.0
876 , 4.0
877 , 4.0
878 , 4.0
879 , 4.0
880 , 4.0
881 , 4.0
882 , 4.0
883 , 4.0
884 , 4.0
885 , 4.0
886 , 4.0
887 , 4.0
888 , 4.0
889 , 4.0
890 , 4.0
891 , 4.0
892 , 4.0
893 , 4.0
894 , 4.0
895 , 5.0
896 , 5.0
897 , 5.0
898 , 5.0
899 , 5.0
900 , 5.0
901 , 5.0
902 , 5.0
903 , 5.0
904 , 5.0
905 , 5.0
906 , 5.0
907 , 5.0
908 , 5.0
909 , 5.0
910 , 5.0
911 , 5.0
912 , 5.0
913 , 5.0
914 , 5.0
915 , 5.0
916 , 5.0
917 , 5.0
918 , 5.0
919 , 5.0
920 , 5.0
921 , 5.0
922 , 5.0
923 , 5.0
924 , 5.0
925 , 5.0
926 , 5.0
927 , 5.0
928 , 5.0
929 , 5.0
930 , 5.0
931 , 5.0
932 , 5.0
933 , 5.0
934 , 5.0
935 , 5.0
936 , 5.0
937 , 5.0
938 , 5.0
939 , 5.0
940 , 5.0
941 , 5.0
942 , 5.0
943 , 5.0
944 , 5.0
945 , 5.0
946 , 5.0
947 , 5.0
948 , 5.0
949 , 5.0
950 , 5.0
951 , 5.0
952 , 5.0
953 , 5.0
954 , 5.0
955 , 5.0
956 , 5.0
957 , 5.0
958 , 5.0
959 , 5.0
960 , 5.0
961 , 5.0
962 , 5.0
963 , 5.0
964 , 5.0
965 , 5.0
966 , 5.0
967 , 5.0
968 , 5.0
969 , 6.0
970 , 6.0
971 , 6.0
972 , 6.0
973 , 6.0
974 , 6.0
975 , 6.0
976 , 6.0
977 , 6.0
978 , 6.0
979 , 6.0
980 , 6.0
981 , 6.0
982 , 6.0
983 , 6.0
984 , 6.0
985 , 6.0
986 , 6.0
987 , 6.0
988 , 6.0
989 , 6.0
990 , 6.0
991 , 6.0
992 , 6.0
993 , 6.0
994 , 6.0
995 , 6.0
996 , 6.0
997 , 6.0
998 , 6.0
999 , 6.0
1000 , 6.0
1001 , 6.0
1002 , 6.0
1003 , 6.0
1004 , 6.0
1005 , 6.0
1006 , 6.0
1007 , 6.0
1008 , 6.0
1009 , 6.0
1010 , 6.0
1011 , 6.0
1012 , 6.0
1013 , 6.0
1014 , 6.0
1015 , 6.0
1016 , 6.0
1017 , 6.0
1018 , 6.0
1019 , 6.0
1020 , 6.0
1021 , 6.0
1022 , 6.0
1023 , 6.0
1024 , 6.0
1025 , 6.0
1026 , 6.0
1027 , 6.0
1028 , 6.0
1029 , 6.0
1030 , 6.0
1031 , 6.0
1032 , 6.0
1033 , 6.0
1034 , 6.0
1035 , 6.0
1036 , 6.0
1037 , 6.0
1038 , 6.0
1039 , 6.0
1040 , 6.0
1041 , 6.0
1042 , 6.0
1043 , 6.0
1044 , 6.0
1045 , 6.0
1046 , 6.0
1047 , 6.0
1048 , 6.0
1049 , 6.0
1050 , 6.0
1051 , 6.0
1052 , 6.0
1053 , 6.0
1054 , 6.0
1055 , 6.0
1056 , 6.0
1057 , 6.0
1058 , 6.0
1059 , 6.0
1060 , 6.0
1061 , 6.0
1062 , 6.0
1063 , 6.0
1064 , 6.0
1065 , 6.0
1066 , 6.0
1067 , 6.0
1068 , 6.0
1069 , 6.0
1070 , 6.0
1071 , 6.0
1072 , 6.0
1073 , 6.0
1074 , 6.0
1075 , 6.0
1076 , 6.0
1077 , 6.0
1078 , 6.0
1079 , 6.0
1080 , 6.0
1081 , 6.0
1082 , 6.0
1083 , 6.0
1084 , 6.0
1085 , 6.0
1086 , 6.0
1087 , 6.0
1088 , 6.0
1089 , 6.0
1090 , 6.0
1091 , 6.0
1092 , 6.0
1093 , 6.0
1094 , 6.0
1095 , 6.0
1096 , 6.0
1097 , 6.0
1098 , 6.0
1099 , 6.0
1100 , 6.0
1101 , 6.0
1102 , 6.0
1103 , 6.0
1104 , 6.0
1105 , 6.0
1106 , 6.0
1107 , 6.0
1108 , 6.0
1109 , 6.0
1110 , 6.0
1111 , 6.0
1112 , 6.0
1113 , 6.0
1114 , 6.0
1115 , 6.0
1116 , 6.0
1117 , 6.0
1118 , 6.0
1119 , 6.0
1120 , 6.0
1121 , 6.0
1122 , 6.0
1123 , 6.0
1124 , 6.0
1125 , 6.0
1126 , 6.0
1127 , 6.0
1128 , 6.0
1129 , 6.0
1130 , 6.0
1131 , 6.0
1132 , 6.0
1133 , 6.0
1134 , 6.0
1135 , 6.0
1136 , 6.0
1137 , 6.0
1138 , 6.0
1139 , 6.0
1140 , 6.0
1141 , 6.0
1142 , 6.0
1143 , 6.0
1144 , 6.0
1145 , 6.0
1146 , 6.0
1147 , 6.0
1148 , 6.0
1149 , 6.0
1150 , 6.0
1151 , 6.0
1152 , 6.0
1153 , 6.0
1154 , 6.0
1155 , 6.0
1156 , 6.0
1157 , 6.0
1158 , 6.0
1159 , 6.0
1160 , 6.0
1161 , 6.0
1162 , 6.0
1163 , 6.0
1164 , 6.0
1165 , 5.0
1166 , 3.0
1167 , 3.0
1168 , 3.0
1169 , 3.0
1170 , 3.0
1171 , 3.0
1172 , 3.0
1173 , 3.0
1174 , 3.0
1175 , 3.0
1176 , 3.0
1177 , 3.0
1178 , 3.0
1179 , 3.0
1180 , 3.0
1181 , 3.0
1182 , 3.0
1183 , 3.0
1184 , 3.0
1185 , 3.0
1186 , 3.0
1187 , 3.0
1188 , 3.0
1189 , 3.0
1190 , 3.0
1191 , 3.0
1192 , 3.0
1193 , 3.0
1194 , 3.0
1195 , 3.0
1196 , 3.0
1197 , 3.0
1198 , 3.0
1199 , 3.0
1200 , 3.0
1201 , 3.0
1202 , 3.0
1203 , 3.0
1204 , 3.0
1205 , 3.0
1206 , 3.0
1207 , 3.0
1208 , 3.0
1209 , 3.0
1210 , 3.0
1211 , 3.0
1212 , 3.0
1213 , 3.0
1214 , 3.0
1215 , 3.0
1216 , 3.0
1217 , 3.0
1218 , 3.0
1219 , 3.0
1220 , 3.0
1221 , 3.0
1222 , 3.0
1223 , 3.0
1224 , 3.0
1225 , 3.0
1226 , 3.0
1227 , 3.0
1228 , 3.0
1229 , 3.0
1230 , 3.0
1231 , 3.0
1232 , 3.0
1233 , 3.0
1234 , 3.0
1235 , 3.0
1236 , 3.0
1237 , 3.0
1238 , 3.0
1239 , 3.0
1240 , 3.0
1241 , 3.0
1242 , 3.0
1243 , 3.0
1244 , 3.0
1245 , 3.0
1246 , 3.0
1247 , 3.0
1248 , 3.0
1249 , 3.0
1250 , 3.0
1251 , 3.0
1252 , 3.0
1253 , 3.0
1254 , 3.0
1255 , 3.0
1256 , 3.0
1257 , 3.0
1258 , 3.0
1259 , 3.0
1260 , 3.0
1261 , 3.0
1262 , 3.0
1263 , 3.0
1264 , 3.0
1265 , 3.0
1266 , 3.0
1267 , 3.0
1268 , 3.0
1269 , 3.0
1270 , 3.0
1271 , 3.0
1272 , 3.0
1273 , 3.0
1274 , 3.0
1275 , 3.0
1276 , 3.0
1277 , 3.0
1278 , 3.0
1279 , 3.0
1280 , 3.0
1281 , 3.0
1282 , 3.0
1283 , 3.0
1284 , 3.0
1285 , 3.0
1286 , 3.0
1287 , 3.0
1288 , 3.0
1289 , 3.0
1290 , 3.0
1291 , 3.0
1292 , 3.0
1293 , 3.0
1294 , 3.0
1295 , 3.0
1296 , 3.0
1297 , 3.0
1298 , 3.0
1299 , 3.0
1300 , 3.0
1301 , 3.0
1302 , 3.0
1303 , 3.0
1304 , 3.0
1305 , 3.0
1306 , 3.0
1307 , 3.0
1308 , 3.0
1309 , 3.0
1310 , 3.0
1311 , 3.0
1312 , 3.0
1313 , 3.0
1314 , 3.0
1315 , 3.0
1316 , 3.0
1317 , 3.0
1318 , 3.0
1319 , 3.0
1320 , 3.0
1321 , 3.0
1322 , 3.0
1323 , 3.0
1324 , 3.0
1325 , 3.0
1326 , 3.0
1327 , 3.0
1328 , 3.0
1329 , 3.0
1330 , 3.0
1331 , 4.0
1332 , 4.0
1333 , 4.0
1334 , 4.0
1335 , 4.0
1336 , 4.0
1337 , 4.0
1338 , 4.0
1339 , 4.0
1340 , 4.0
1341 , 4.0
1342 , 4.0
1343 , 4.0
1344 , 4.0
1345 , 4.0
1346 , 4.0
1347 , 4.0
1348 , 4.0
1349 , 4.0
1350 , 4.0
1351 , 4.0
1352 , 4.0
1353 , 4.0
1354 , 4.0
1355 , 4.0
1356 , 4.0
1357 , 4.0
1358 , 4.0
1359 , 4.0
1360 , 4.0
1361 , 4.0
1362 , 4.0
1363 , 4.0
1364 , 4.0
1365 , 4.0
1366 , 4.0
1367 , 4.0
1368 , 4.0
1369 , 4.0
1370 , 4.0
1371 , 4.0
1372 , 4.0
1373 , 4.0
1374 , 4.0
1375 , 4.0
1376 , 4.0
1377 , 4.0
1378 , 4.0
1379 , 4.0
1380 , 4.0
1381 , 4.0
1382 , 4.0
1383 , 4.0
1384 , 4.0
1385 , 4.0
1386 , 4.0
1387 , 4.0
1388 , 4.0
1389 , 4.0
1390 , 4.0
1391 , 4.0
1392 , 4.0
1393 , 4.0
1394 , 4.0
1395 , 4.0
1396 , 4.0
1397 , 4.0
1398 , 4.0
1399 , 5.0
1400 , 5.0
1401 , 5.0
1402 , 5.0
1403 , 5.0
1404 , 5.0
1405 , 5.0
1406 , 5.0
1407 , 5.0
1408 , 5.0
1409 , 5.0
1410 , 5.0
1411 , 5.0
1412 , 5.0
1413 , 5.0
1414 , 5.0
1415 , 5.0
1416 , 5.0
1417 , 5.0
1418 , 5.0
1419 , 5.0
1420 , 5.0
1421 , 5.0
1422 , 5.0
1423 , 5.0
1424 , 5.0
1425 , 5.0
1426 , 5.0
1427 , 5.0
1428 , 5.0
1429 , 5.0
1430 , 5.0
1431 , 5.0
1432 , 5.0
1433 , 5.0
1434 , 5.0
1435 , 5.0
1436 , 5.0
1437 , 5.0
1438 , 5.0
1439 , 5.0
1440 , 5.0
1441 , 5.0
1442 , 5.0
1443 , 5.0
1444 , 5.0
1445 , 5.0
1446 , 5.0
1447 , 5.0
1448 , 5.0
1449 , 5.0
1450 , 5.0
1451 , 5.0
1452 , 5.0
1453 , 5.0
1454 , 5.0
1455 , 5.0
1456 , 5.0
1457 , 5.0
1458 , 5.0
1459 , 5.0
1460 , 5.0
1461 , 5.0
1462 , 5.0
1463 , 5.0
1464 , 5.0
1465 , 5.0
1466 , 5.0
1467 , 5.0
1468 , 5.0
1469 , 5.0
1470 , 5.0
1471 , 5.0
1472 , 5.0
1473 , 5.0
1474 , 5.0
1475 , 5.0
1476 , 5.0
1477 , 5.0
1478 , 5.0
1479 , 5.0
1480 , 5.0
1481 , 5.0
1482 , 5.0
1483 , 5.0
1484 , 5.0
1485 , 5.0
1486 , 5.0
1487 , 5.0
1488 , 5.0
1489 , 5.0
1490 , 5.0
1491 , 5.0
1492 , 5.0
1493 , 5.0
1494 , 5.0
1495 , 5.0
1496 , 5.0
1497 , 5.0
1498 , 5.0
1499 , 5.0
1500 , 5.0
1501 , 5.0
1502 , 5.0
1503 , 5.0
1504 , 5.0
1505 , 5.0
1506 , 5.0
1507 , 5.0
1508 , 5.0
1509 , 5.0
1510 , 5.0
1511 , 5.0
1512 , 5.0
1513 , 5.0
1514 , 5.0
1515 , 5.0
1516 , 5.0
1517 , 5.0
1518 , 5.0
1519 , 5.0
1520 , 5.0
1521 , 5.0
1522 , 5.0
1523 , 5.0
1524 , 5.0
1525 , 5.0
1526 , 5.0
1527 , 5.0
1528 , 5.0
1529 , 5.0
1530 , 5.0
1531 , 5.0
1532 , 5.0
1533 , 5.0
1534 , 5.0
1535 , 5.0
1536 , 5.0
1537 , 5.0
1538 , 5.0
1539 , 5.0
1540 , 5.0
1541 , 5.0
1542 , 5.0
1543 , 5.0
1544 , 5.0
1545 , 5.0
1546 , 5.0
1547 , 5.0
1548 , 5.0
1549 , 5.0
1550 , 5.0
1551 , 5.0
1552 , 5.0
1553 , 5.0
1554 , 5.0
1555 , 5.0
1556 , 5.0
1557 , 5.0
1558 , 5.0
1559 , 5.0
1560 , 5.0
1561 , 5.0
1562 , 5.0
1563 , 5.0
1564 , 5.0
1565 , 5.0
1566 , 5.0
1567 , 5.0
1568 , 5.0
1569 , 5.0
1570 , 5.0
1571 , 5.0
1572 , 5.0
1573 , 5.0
1574 , 5.0
1575 , 5.0
1576 , 5.0
1577 , 5.0
1578 , 5.0
1579 , 5.0
1580 , 5.0
1581 , 5.0
1582 , 5.0
1583 , 5.0
1584 , 5.0
1585 , 5.0
1586 , 5.0
1587 , 5.0
1588 , 5.0
1589 , 5.0
1590 , 5.0
1591 , 5.0
1592 , 5.0
1593 , 5.0
1594 , 5.0
1595 , 5.0
1596 , 5.0
1597 , 5.0
1598 , 5.0
1599 , 5.0
1600 , 5.0
1601 , 5.0
1602 , 5.0
1603 , 5.0
1604 , 5.0
1605 , 5.0
1606 , 5.0
1607 , 5.0
1608 , 5.0
1609 , 5.0
1610 , 5.0
1611 , 5.0
1612 , 5.0
1613 , 5.0
1614 , 5.0
1615 , 5.0
1616 , 5.0
1617 , 5.0
1618 , 5.0
1619 , 5.0
1620 , 5.0
1621 , 5.0
1622 , 5.0
1623 , 5.0
1624 , 5.0
1625 , 5.0
1626 , 5.0
1627 , 5.0
1628 , 5.0
1629 , 5.0
1630 , 5.0
1631 , 5.0
1632 , 5.0
1633 , 5.0
1634 , 5.0
1635 , 5.0
1636 , 5.0
1637 , 5.0
1638 , 5.0
1639 , 5.0
1640 , 5.0
1641 , 5.0
1642 , 5.0
1643 , 5.0
1644 , 5.0
1645 , 5.0
1646 , 5.0
1647 , 5.0
1648 , 5.0
1649 , 5.0
1650 , 5.0
1651 , 5.0
1652 , 5.0
1653 , 5.0
1654 , 5.0
1655 , 5.0
1656 , 5.0
1657 , 5.0
1658 , 5.0
1659 , 5.0
1660 , 5.0
1661 , 5.0
1662 , 5.0
1663 , 5.0
1664 , 5.0
1665 , 5.0
1666 , 5.0
1667 , 5.0
1668 , 5.0
1669 , 5.0
1670 , 5.0
1671 , 5.0
1672 , 5.0
1673 , 5.0
1674 , 5.0
1675 , 5.0
1676 , 5.0
1677 , 5.0
1678 , 5.0
1679 , 5.0
1680 , 5.0
1681 , 5.0
1682 , 5.0
1683 , 5.0
1684 , 5.0
1685 , 5.0
1686 , 5.0
1687 , 5.0
1688 , 5.0
1689 , 5.0
1690 , 5.0
1691 , 5.0
1692 , 5.0
1693 , 5.0
1694 , 5.0
1695 , 5.0
1696 , 5.0
1697 , 5.0
1698 , 5.0
1699 , 5.0
1700 , 5.0
1701 , 5.0
1702 , 5.0
1703 , 5.0
1704 , 5.0
1705 , 5.0
1706 , 5.0
1707 , 5.0
1708 , 5.0
1709 , 5.0
1710 , 5.0
1711 , 5.0
1712 , 5.0
1713 , 5.0
1714 , 5.0
1715 , 5.0
1716 , 5.0
1717 , 5.0
1718 , 5.0
1719 , 5.0
1720 , 5.0
1721 , 5.0
1722 , 5.0
1723 , 5.0
1724 , 5.0
1725 , 5.0
1726 , 5.0
1727 , 5.0
1728 , 5.0
1729 , 5.0
1730 , 5.0
1731 , 5.0
1732 , 5.0
1733 , 5.0
1734 , 5.0
1735 , 5.0
1736 , 5.0
1737 , 5.0
1738 , 5.0
1739 , 5.0
1740 , 5.0
1741 , 5.0
1742 , 5.0
1743 , 5.0
1744 , 5.0
1745 , 5.0
1746 , 5.0
1747 , 5.0
1748 , 5.0
1749 , 5.0
1750 , 5.0
1751 , 5.0
1752 , 5.0
1753 , 5.0
1754 , 5.0
1755 , 5.0
1756 , 5.0
1757 , 5.0
1758 , 5.0
1759 , 5.0
1760 , 5.0
1761 , 5.0
1762 , 5.0
1763 , 5.0
1764 , 5.0
1765 , 5.0
1766 , 5.0
1767 , 5.0
1768 , 5.0
1769 , 5.0
1770 , 5.0
1771 , 5.0
1772 , 5.0
1773 , 5.0
1774 , 5.0
1775 , 5.0
1776 , 5.0
1777 , 5.0
1778 , 5.0
1779 , 5.0
1780 , 5.0
1781 , 5.0
1782 , 5.0
1783 , 5.0
1784 , 5.0
1785 , 5.0
1786 , 5.0
1787 , 5.0
1788 , 5.0
1789 , 5.0
1790 , 5.0
1791 , 5.0
1792 , 5.0
1793 , 5.0
1794 , 5.0
1795 , 5.0
1796 , 5.0
1797 , 5.0
1798 , 5.0
1799 , 5.0
1800 , 5.0
1801 , 5.0
1802 , 5.0
1803 , 5.0
1804 , 5.0
1805 , 5.0
1806 , 5.0
1807 , 5.0
1808 , 5.0
1809 , 5.0
1810 , 5.0
1811 , 5.0
1812 , 5.0
1813 , 5.0
1814 , 5.0
1815 , 5.0
1816 , 5.0
1817 , 5.0
1818 , 5.0
1819 , 5.0
1820 , 5.0
1821 , 5.0
1822 , 5.0
1823 , 5.0
1824 , 5.0
1825 , 5.0
1826 , 5.0
1827 , 5.0
1828 , 5.0
1829 , 5.0
1830 , 5.0
1831 , 5.0
1832 , 5.0
1833 , 5.0
1834 , 5.0
1835 , 5.0
1836 , 5.0
1837 , 5.0
1838 , 5.0
1839 , 5.0
1840 , 5.0
1841 , 5.0
1842 , 5.0
1843 , 5.0
1844 , 7.0
1845 , 7.0
1846 , 7.0
1847 , 7.0
1848 , 7.0
1849 , 7.0
1850 , 7.0
1851 , 7.0
1852 , 7.0
1853 , 7.0
1854 , 7.0
1855 , 7.0
1856 , 7.0
1857 , 7.0
1858 , 5.0
1859 , 2.0
1860 , 2.0
1861 , 2.0
1862 , 2.0
1863 , 2.0
1864 , 2.0
1865 , 2.0
1866 , 2.0
1867 , 2.0
1868 , 2.0
1869 , 2.0
1870 , 2.0
1871 , 2.0
1872 , 2.0
1873 , 2.0
1874 , 2.0
1875 , 2.0
1876 , 2.0
1877 , 2.0
1878 , 2.0
1879 , 2.0
1880 , 2.0
1881 , 2.0
1882 , 2.0
1883 , 2.0
1884 , 2.0
1885 , 2.0
1886 , 2.0
1887 , 2.0
1888 , 2.0
1889 , 2.0
1890 , 2.0
1891 , 2.0
1892 , 2.0
1893 , 2.0
1894 , 2.0
1895 , 2.0
1896 , 2.0
1897 , 2.0
1898 , 2.0
1899 , 2.0
1900 , 2.0
1901 , 2.0
1902 , 2.0
1903 , 2.0
1904 , 2.0
1905 , 2.0
1906 , 2.0
1907 , 2.0
1908 , 2.0
1909 , 2.0
1910 , 2.0
1911 , 2.0
1912 , 2.0
1913 , 2.0
1914 , 2.0
1915 , 2.0
1916 , 2.0
1917 , 2.0
1918 , 2.0
1919 , 2.0
1920 , 2.0
1921 , 2.0
1922 , 2.0
1923 , 2.0
1924 , 2.0
1925 , 2.0
1926 , 2.0
1927 , 2.0
1928 , 2.0
1929 , 2.0
1930 , 2.0
1931 , 2.0
1932 , 2.0
1933 , 2.0
1934 , 2.0
1935 , 2.0
1936 , 2.0
1937 , 2.0
1938 , 2.0
1939 , 2.0
1940 , 2.0
1941 , 2.0
1942 , 2.0
1943 , 2.0
1944 , 2.0
1945 , 2.0
1946 , 2.0
1947 , 2.0
1948 , 2.0
1949 , 2.0
1950 , 2.0
1951 , 2.0
1952 , 2.0
1953 , 2.0
1954 , 2.0
1955 , 2.0
1956 , 2.0
1957 , 2.0
1958 , 2.0
1959 , 2.0
1960 , 2.0
1961 , 2.0
1962 , 2.0
1963 , 2.0
1964 , 2.0
1965 , 2.0
1966 , 2.0
1967 , 2.0
1968 , 2.0
1969 , 2.0
1970 , 2.0
1971 , 2.0
1972 , 2.0
1973 , 2.0
1974 , 2.0
1975 , 2.0
1976 , 2.0
1977 , 2.0
1978 , 2.0
1979 , 2.0
1980 , 2.0
1981 , 2.0
1982 , 2.0
1983 , 2.0
1984 , 2.0
1985 , 2.0
1986 , 2.0
1987 , 2.0
1988 , 2.0
1989 , 2.0
1990 , 2.0
1991 , 2.0
1992 , 2.0
1993 , 2.0
1994 , 2.0
1995 , 2.0
1996 , 2.0
1997 , 2.0
1998 , 2.0
1999 , 2.0
2000 , 2.0
2001 , 2.0
2002 , 2.0
2003 , 2.0
2004 , 2.0
2005 , 2.0
2006 , 2.0
2007 , 2.0
2008 , 2.0
2009 , 2.0
2010 , 2.0
2011 , 2.0
2012 , 2.0
2013 , 2.0
2014 , 2.0
2015 , 2.0
2016 , 2.0
2017 , 2.0
2018 , 2.0
2019 , 2.0
2020 , 2.0
2021 , 2.0
2022 , 2.0
2023 , 2.0
2024 , 2.0
2025 , 2.0
2026 , 2.0
2027 , 2.0
2028 , 2.0
2029 , 2.0
2030 , 2.0
2031 , 2.0
2032 , 2.0
2033 , 2.0
2034 , 2.0
2035 , 2.0
2036 , 2.0
2037 , 2.0
2038 , 2.0
2039 , 2.0
2040 , 2.0
2041 , 2.0
2042 , 2.0
2043 , 2.0
2044 , 2.0
2045 , 2.0
2046 , 2.0
2047 , 2.0
2048 , 2.0
2049 , 2.0
2050 , 2.0
2051 , 2.0
2052 , 2.0
2053 , 2.0
2054 , 2.0
2055 , 2.0
2056 , 2.0
2057 , 2.0
2058 , 2.0
2059 , 2.0
2060 , 2.0
2061 , 2.0
2062 , 2.0
2063 , 2.0
2064 , 2.0
2065 , 2.0
2066 , 2.0
2067 , 2.0
2068 , 2.0
2069 , 2.0
2070 , 2.0
2071 , 2.0
2072 , 2.0
2073 , 2.0
2074 , 2.0
2075 , 2.0
2076 , 2.0
2077 , 2.0
2078 , 2.0
2079 , 2.0
2080 , 2.0
2081 , 2.0
2082 , 2.0
2083 , 2.0
2084 , 2.0
2085 , 2.0
2086 , 2.0
2087 , 2.0
2088 , 2.0
2089 , 2.0
2090 , 2.0
2091 , 2.0
2092 , 2.0
2093 , 2.0
2094 , 2.0
2095 , 2.0
2096 , 2.0
2097 , 2.0
2098 , 2.0
2099 , 2.0
2100 , 2.0
2101 , 2.0
2102 , 2.0
2103 , 2.0
2104 , 2.0
2105 , 2.0
2106 , 2.0
2107 , 2.0
2108 , 2.0
2109 , 2.0
2110 , 2.0
2111 , 2.0
2112 , 2.0
2113 , 2.0
2114 , 2.0
2115 , 2.0
2116 , 2.0
2117 , 2.0
2118 , 2.0
2119 , 2.0
2120 , 2.0
2121 , 2.0
2122 , 2.0
2123 , 2.0
2124 , 2.0
2125 , 2.0
2126 , 2.0
2127 , 2.0
2128 , 2.0
2129 , 2.0
2130 , 2.0
2131 , 2.0
2132 , 2.0
2133 , 2.0
2134 , 2.0
2135 , 2.0
2136 , 2.0
2137 , 2.0
2138 , 2.0
2139 , 2.0
2140 , 2.0
2141 , 2.0
2142 , 2.0
2143 , 2.0
2144 , 2.0
2145 , 2.0
2146 , 2.0
2147 , 2.0
2148 , 2.0
2149 , 2.0
2150 , 2.0
2151 , 2.0
2152 , 2.0
2153 , 2.0
2154 , 2.0
2155 , 2.0
2156 , 2.0
2157 , 2.0
2158 , 2.0
2159 , 2.0
2160 , 2.0
2161 , 2.0
2162 , 2.0
2163 , 2.0
2164 , 2.0
2165 , 2.0
2166 , 2.0
2167 , 2.0
2168 , 2.0
2169 , 2.0
2170 , 2.0
2171 , 2.0
2172 , 2.0
2173 , 2.0
2174 , 2.0
2175 , 2.0
2176 , 2.0
2177 , 2.0
2178 , 2.0
2179 , 2.0
2180 , 2.0
2181 , 2.0
2182 , 2.0
2183 , 2.0
2184 , 2.0
2185 , 2.0
2186 , 2.0
2187 , 2.0
2188 , 2.0
2189 , 2.0
2190 , 2.0
2191 , 2.0
2192 , 2.0
2193 , 2.0
2194 , 2.0
2195 , 2.0
2196 , 2.0
2197 , 3.0
2198 , 3.0
2199 , 3.0
2200 , 3.0
2201 , 3.0
2202 , 3.0
2203 , 3.0
2204 , 3.0
2205 , 3.0
2206 , 3.0
2207 , 3.0
2208 , 3.0
2209 , 3.0
2210 , 3.0
2211 , 3.0
2212 , 3.0
2213 , 3.0
2214 , 3.0
2215 , 3.0
2216 , 3.0
2217 , 3.0
2218 , 3.0
2219 , 3.0
2220 , 3.0
2221 , 3.0
2222 , 3.0
2223 , 3.0
2224 , 3.0
2225 , 3.0
2226 , 3.0
2227 , 3.0
2228 , 3.0
2229 , 3.0
2230 , 3.0
2231 , 3.0
2232 , 3.0
2233 , 3.0
2234 , 3.0
2235 , 3.0
2236 , 3.0
2237 , 3.0
2238 , 3.0
2239 , 3.0
2240 , 3.0
2241 , 3.0
2242 , 3.0
2243 , 3.0
2244 , 3.0
2245 , 3.0
2246 , 3.0
2247 , 3.0
2248 , 3.0
2249 , 3.0
2250 , 3.0
2251 , 3.0
2252 , 3.0
2253 , 3.0
2254 , 3.0
2255 , 3.0
2256 , 3.0
2257 , 3.0
2258 , 3.0
2259 , 3.0
2260 , 3.0
2261 , 3.0
2262 , 3.0
2263 , 3.0
2264 , 3.0
2265 , 3.0
2266 , 3.0
2267 , 3.0
2268 , 3.0
2269 , 3.0
2270 , 3.0
2271 , 3.0
2272 , 3.0
2273 , 3.0
2274 , 3.0
2275 , 3.0
2276 , 3.0
2277 , 3.0
2278 , 3.0
2279 , 3.0
2280 , 3.0
2281 , 3.0
2282 , 3.0
2283 , 3.0
2284 , 3.0
2285 , 3.0
2286 , 3.0
2287 , 3.0
2288 , 3.0
2289 , 3.0
2290 , 3.0
2291 , 3.0
2292 , 3.0
2293 , 3.0
2294 , 3.0
2295 , 3.0
2296 , 3.0
2297 , 3.0
2298 , 3.0
2299 , 3.0
2300 , 3.0
2301 , 3.0
2302 , 3.0
2303 , 3.0
2304 , 3.0
2305 , 3.0
2306 , 3.0
2307 , 3.0
2308 , 3.0
2309 , 3.0
2310 , 3.0
2311 , 3.0
2312 , 3.0
2313 , 3.0
2314 , 3.0
2315 , 3.0
2316 , 3.0
2317 , 3.0
2318 , 3.0
2319 , 3.0
2320 , 3.0
2321 , 3.0
2322 , 3.0
2323 , 3.0
2324 , 3.0
2325 , 3.0
2326 , 3.0
2327 , 3.0
2328 , 3.0
2329 , 3.0
2330 , 3.0
2331 , 3.0
2332 , 3.0
2333 , 3.0
2334 , 3.0
2335 , 3.0
2336 , 3.0
2337 , 3.0
2338 , 3.0
2339 , 3.0
2340 , 3.0
2341 , 3.0
2342 , 3.0
2343 , 3.0
2344 , 3.0
2345 , 3.0
2346 , 3.0
2347 , 3.0
2348 , 3.0
2349 , 3.0
2350 , 3.0
2351 , 3.0
2352 , 3.0
2353 , 3.0
2354 , 3.0
2355 , 3.0
2356 , 3.0
2357 , 3.0
2358 , 3.0
2359 , 3.0
2360 , 3.0
2361 , 3.0
2362 , 3.0
2363 , 3.0
2364 , 3.0
2365 , 3.0
2366 , 3.0
2367 , 3.0
2368 , 3.0
2369 , 3.0
2370 , 3.0
2371 , 3.0
2372 , 3.0
2373 , 3.0
2374 , 3.0
2375 , 3.0
2376 , 3.0
2377 , 3.0
2378 , 3.0
2379 , 3.0
2380 , 3.0
2381 , 3.0
2382 , 3.0
2383 , 3.0
2384 , 3.0
2385 , 3.0
2386 , 3.0
2387 , 3.0
2388 , 3.0
2389 , 3.0
2390 , 3.0
2391 , 3.0
2392 , 3.0
2393 , 3.0
2394 , 3.0
2395 , 3.0
2396 , 3.0
2397 , 3.0
2398 , 3.0
2399 , 3.0
2400 , 3.0
2401 , 3.0
2402 , 3.0
2403 , 3.0
2404 , 3.0
2405 , 3.0
2406 , 3.0
2407 , 3.0
2408 , 3.0
2409 , 3.0
2410 , 3.0
2411 , 3.0
2412 , 3.0
2413 , 3.0
2414 , 3.0
2415 , 3.0
2416 , 3.0
2417 , 3.0
2418 , 3.0
2419 , 3.0
2420 , 3.0
2421 , 3.0
2422 , 3.0
2423 , 3.0
2424 , 3.0
2425 , 3.0
2426 , 3.0
2427 , 3.0
2428 , 3.0
2429 , 3.0
2430 , 3.0
2431 , 3.0
2432 , 3.0
2433 , 3.0
2434 , 3.0
2435 , 3.0
2436 , 3.0
2437 , 3.0
2438 , 3.0
2439 , 3.0
2440 , 3.0
2441 , 3.0
2442 , 3.0
2443 , 3.0
2444 , 3.0
2445 , 3.0
2446 , 3.0
2447 , 3.0
2448 , 3.0
2449 , 3.0
2450 , 3.0
2451 , 3.0
2452 , 3.0
2453 , 3.0
2454 , 3.0
2455 , 3.0
2456 , 3.0
2457 , 3.0
2458 , 3.0
2459 , 3.0
2460 , 3.0
2461 , 3.0
2462 , 3.0
2463 , 3.0
2464 , 3.0
2465 , 3.0
2466 , 3.0
2467 , 3.0
2468 , 3.0
2469 , 3.0
2470 , 3.0
2471 , 3.0
2472 , 3.0
2473 , 3.0
2474 , 3.0
2475 , 3.0
2476 , 3.0
2477 , 3.0
2478 , 3.0
2479 , 3.0
2480 , 3.0
2481 , 3.0
2482 , 3.0
2483 , 3.0
2484 , 3.0
2485 , 3.0
2486 , 3.0
2487 , 3.0
2488 , 3.0
2489 , 3.0
2490 , 3.0
2491 , 3.0
2492 , 3.0
2493 , 3.0
2494 , 3.0
2495 , 3.0
2496 , 3.0
2497 , 3.0
2498 , 3.0
2499 , 3.0
2500 , 3.0
2501 , 3.0
2502 , 3.0
2503 , 3.0
2504 , 3.0
2505 , 3.0
2506 , 3.0
2507 , 3.0
2508 , 3.0
2509 , 3.0
2510 , 3.0
2511 , 3.0
2512 , 3.0
2513 , 3.0
2514 , 4.0
2515 , 4.0
2516 , 4.0
2517 , 4.0
2518 , 4.0
2519 , 4.0
2520 , 4.0
2521 , 4.0
2522 , 4.0
2523 , 4.0
2524 , 4.0
2525 , 4.0
2526 , 4.0
2527 , 4.0
2528 , 4.0
2529 , 4.0
2530 , 4.0
2531 , 4.0
2532 , 4.0
2533 , 4.0
2534 , 4.0
2535 , 4.0
2536 , 4.0
2537 , 4.0
2538 , 4.0
2539 , 4.0
2540 , 4.0
2541 , 4.0
2542 , 4.0
2543 , 4.0
2544 , 4.0
2545 , 4.0
2546 , 4.0
2547 , 4.0
2548 , 4.0
2549 , 4.0
2550 , 4.0
2551 , 4.0
2552 , 4.0
2553 , 4.0
2554 , 4.0
2555 , 4.0
2556 , 4.0
2557 , 4.0
2558 , 4.0
2559 , 4.0
2560 , 4.0
2561 , 4.0
2562 , 4.0
2563 , 4.0
2564 , 4.0
2565 , 4.0
2566 , 4.0
2567 , 4.0
2568 , 4.0
2569 , 4.0
2570 , 4.0
2571 , 4.0
2572 , 4.0
2573 , 4.0
2574 , 4.0
2575 , 4.0
2576 , 4.0
2577 , 4.0
2578 , 4.0
2579 , 4.0
2580 , 4.0
2581 , 4.0
2582 , 4.0
2583 , 4.0
2584 , 4.0
2585 , 4.0
2586 , 4.0
2587 , 4.0
2588 , 4.0
2589 , 4.0
2590 , 4.0
2591 , 4.0
2592 , 4.0
2593 , 4.0
2594 , 4.0
2595 , 4.0
2596 , 4.0
2597 , 4.0
2598 , 4.0
2599 , 4.0
2600 , 4.0
2601 , 4.0
2602 , 4.0
2603 , 4.0
2604 , 4.0
2605 , 4.0
2606 , 4.0
2607 , 4.0
2608 , 4.0
2609 , 4.0
2610 , 4.0
2611 , 4.0
2612 , 4.0
2613 , 4.0
2614 , 4.0
2615 , 4.0
2616 , 4.0
2617 , 4.0
2618 , 4.0
2619 , 4.0
2620 , 4.0
2621 , 4.0
2622 , 4.0
2623 , 4.0
2624 , 4.0
2625 , 4.0
2626 , 4.0
2627 , 4.0
2628 , 4.0
2629 , 4.0
2630 , 4.0
2631 , 4.0
2632 , 4.0
2633 , 4.0
2634 , 4.0
2635 , 4.0
2636 , 4.0
2637 , 4.0
2638 , 4.0
2639 , 4.0
2640 , 4.0
2641 , 4.0
2642 , 4.0
2643 , 4.0
2644 , 4.0
2645 , 4.0
2646 , 4.0
2647 , 4.0
2648 , 4.0
2649 , 4.0
2650 , 4.0
2651 , 4.0
2652 , 4.0
2653 , 4.0
2654 , 4.0
2655 , 4.0
2656 , 4.0
2657 , 4.0
2658 , 4.0
2659 , 4.0
2660 , 4.0
2661 , 4.0
2662 , 4.0
2663 , 4.0
2664 , 4.0
2665 , 4.0
2666 , 4.0
2667 , 4.0
2668 , 4.0
2669 , 4.0
2670 , 4.0
2671 , 4.0
2672 , 4.0
2673 , 4.0
2674 , 4.0
2675 , 4.0
2676 , 4.0
2677 , 4.0
2678 , 4.0
2679 , 4.0
2680 , 4.0
2681 , 4.0
2682 , 4.0
2683 , 4.0
2684 , 4.0
2685 , 4.0
2686 , 4.0
2687 , 4.0
2688 , 4.0
2689 , 4.0
2690 , 4.0
2691 , 4.0
2692 , 4.0
2693 , 4.0
2694 , 4.0
2695 , 4.0
2696 , 4.0
2697 , 4.0
2698 , 4.0
2699 , 4.0
2700 , 4.0
2701 , 4.0
2702 , 4.0
2703 , 4.0
2704 , 4.0
2705 , 4.0
2706 , 4.0
2707 , 4.0
2708 , 4.0
2709 , 4.0
2710 , 4.0
2711 , 4.0
2712 , 4.0
2713 , 4.0
2714 , 4.0
2715 , 4.0
2716 , 4.0
2717 , 4.0
2718 , 4.0
2719 , 4.0
2720 , 4.0
2721 , 4.0
2722 , 4.0
2723 , 4.0
2724 , 4.0
2725 , 4.0
2726 , 4.0
2727 , 4.0
2728 , 4.0
2729 , 4.0
2730 , 4.0
2731 , 4.0
2732 , 4.0
2733 , 4.0
2734 , 4.0
2735 , 4.0
2736 , 4.0
2737 , 4.0
2738 , 4.0
2739 , 4.0
2740 , 4.0
2741 , 4.0
2742 , 4.0
2743 , 4.0
2744 , 4.0
2745 , 4.0
2746 , 4.0
2747 , 4.0
2748 , 4.0
2749 , 4.0
2750 , 4.0
2751 , 4.0
2752 , 4.0
2753 , 4.0
2754 , 4.0
2755 , 4.0
2756 , 4.0
2757 , 4.0
2758 , 4.0
2759 , 4.0
2760 , 4.0
2761 , 4.0
2762 , 4.0
2763 , 4.0
2764 , 4.0
2765 , 4.0
2766 , 4.0
2767 , 4.0
2768 , 4.0
2769 , 4.0
2770 , 4.0
2771 , 4.0
2772 , 4.0
2773 , 4.0
2774 , 4.0
2775 , 4.0
2776 , 4.0
2777 , 4.0
2778 , 4.0
2779 , 4.0
2780 , 4.0
2781 , 4.0
2782 , 4.0
2783 , 4.0
2784 , 4.0
2785 , 4.0
2786 , 4.0
2787 , 4.0
2788 , 4.0
2789 , 4.0
2790 , 4.0
2791 , 4.0
2792 , 4.0
2793 , 4.0
2794 , 4.0
2795 , 4.0
2796 , 4.0
2797 , 4.0
2798 , 4.0
2799 , 4.0
2800 , 4.0
2801 , 4.0
2802 , 4.0
2803 , 4.0
2804 , 4.0
2805 , 4.0
2806 , 4.0
2807 , 4.0
2808 , 4.0
2809 , 4.0
2810 , 4.0
2811 , 4.0
2812 , 4.0
2813 , 4.0
2814 , 4.0
2815 , 4.0
2816 , 4.0
2817 , 4.0
2818 , 4.0
2819 , 4.0
2820 , 4.0
2821 , 4.0
2822 , 4.0
2823 , 4.0
2824 , 4.0
2825 , 4.0
2826 , 4.0
2827 , 4.0
2828 , 4.0
2829 , 4.0
2830 , 4.0
2831 , 4.0
2832 , 4.0
2833 , 4.0
2834 , 4.0
2835 , 4.0
2836 , 4.0
2837 , 4.0
2838 , 4.0
2839 , 4.0
2840 , 4.0
2841 , 4.0
2842 , 4.0
2843 , 4.0
2844 , 4.0
2845 , 4.0
2846 , 4.0
2847 , 4.0
2848 , 4.0
2849 , 4.0
2850 , 4.0
2851 , 4.0
2852 , 4.0
2853 , 4.0
2854 , 4.0
2855 , 4.0
2856 , 4.0
2857 , 4.0
2858 , 4.0
2859 , 4.0
2860 , 4.0
2861 , 4.0
2862 , 4.0
2863 , 4.0
2864 , 4.0
2865 , 4.0
2866 , 4.0
2867 , 4.0
2868 , 4.0
2869 , 4.0
2870 , 4.0
2871 , 4.0
2872 , 4.0
2873 , 4.0
2874 , 4.0
2875 , 4.0
2876 , 4.0
2877 , 4.0
2878 , 4.0
2879 , 4.0
2880 , 4.0
2881 , 4.0
2882 , 4.0
2883 , 4.0
2884 , 4.0
2885 , 4.0
2886 , 4.0
2887 , 4.0
2888 , 4.0
2889 , 4.0
2890 , 4.0
2891 , 4.0
2892 , 4.0
2893 , 4.0
2894 , 4.0
2895 , 4.0
2896 , 4.0
2897 , 4.0
2898 , 4.0
2899 , 4.0
2900 , 4.0
2901 , 4.0
2902 , 4.0
2903 , 4.0
2904 , 4.0
2905 , 4.0
2906 , 4.0
2907 , 4.0
2908 , 4.0
2909 , 4.0
2910 , 4.0
2911 , 4.0
2912 , 4.0
2913 , 4.0
2914 , 4.0
2915 , 4.0
2916 , 4.0
2917 , 4.0
2918 , 4.0
2919 , 4.0
2920 , 4.0
2921 , 4.0
2922 , 4.0
2923 , 4.0
2924 , 4.0
2925 , 4.0
2926 , 4.0
2927 , 4.0
2928 , 4.0
2929 , 4.0
2930 , 4.0
2931 , 4.0
2932 , 4.0
2933 , 4.0
2934 , 4.0
2935 , 4.0
2936 , 4.0
2937 , 4.0
2938 , 4.0
2939 , 4.0
2940 , 4.0
2941 , 4.0
2942 , 4.0
2943 , 4.0
2944 , 4.0
2945 , 4.0
2946 , 4.0
2947 , 4.0
2948 , 4.0
2949 , 4.0
2950 , 4.0
2951 , 4.0
2952 , 4.0
2953 , 4.0
2954 , 4.0
2955 , 4.0
2956 , 4.0
2957 , 4.0
2958 , 4.0
2959 , 4.0
2960 , 4.0
2961 , 4.0
2962 , 4.0
2963 , 4.0
2964 , 4.0
2965 , 4.0
2966 , 4.0
2967 , 4.0
2968 , 4.0
2969 , 4.0
2970 , 4.0
2971 , 4.0
2972 , 4.0
2973 , 4.0
2974 , 4.0
2975 , 4.0
2976 , 4.0
2977 , 4.0
2978 , 4.0
2979 , 4.0
2980 , 4.0
2981 , 4.0
2982 , 4.0
2983 , 4.0
2984 , 4.0
2985 , 4.0
2986 , 4.0
2987 , 4.0
2988 , 4.0
2989 , 4.0
2990 , 4.0
2991 , 4.0
2992 , 4.0
2993 , 4.0
2994 , 4.0
2995 , 4.0
2996 , 4.0
2997 , 4.0
2998 , 4.0
2999 , 4.0
3000 , 4.0
