1 , 281.11
2 , 280.003
3 , 282.273
4 , 282.118
5 , 282.681
6 , 280.53
7 , 282.531
8 , 280.565
9 , 280.707
10 , 281.569
11 , 280.628
12 , 282.452
13 , 281.02
14 , 282.64
15 , 281.864
16 , 281.349
17 , 281.805
18 , 280.754
19 , 282.744
20 , 280
21 , 280.821
22 , 282.483
23 , 281.929
24 , 280.091
25 , 280.243
26 , 281.639
27 , 282.816
28 , 282.499
29 , 281.477
30 , 282.546
31 , 281.222
32 , 280.234
33 , 282.434
34 , 280.271
35 , 282.918
36 , 282.915
37 , 282.023
38 , 281.172
39 , 280.9
40 , 280.962
41 , 280.676
42 , 280.318
43 , 282.643
44 , 282.102
45 , 281.977
46 , 280.47
47 , 282.95
48 , 281.509
49 , 282.145
50 , 282.845
51 , 282.052
52 , 281.884
53 , 280.446
54 , 282.459
55 , 282.311
56 , 280.283
57 , 282.645
58 , 282.5
59 , 282.858
60 , 280.599
61 , 281.184
62 , 282.077
63 , 282.136
64 , 281.493
65 , 282.931
66 , 282.41
67 , 282.673
68 , 282.783
69 , 282.868
70 , 281.922
71 , 281.797
72 , 280.801
73 , 282.003
74 , 282.343
75 , 281.663
76 , 282.643
77 , 281.331
78 , 281.651
79 , 280.559
80 , 280.476
81 , 280.726
82 , 282.993
83 , 282.037
84 , 280.55
85 , 281.8
86 , 282.711
87 , 281.048
88 , 280.275
89 , 282.634
90 , 282.808
91 , 281.439
92 , 282.613
93 , 280.04
94 , 281.989
95 , 280.769
96 , 281.61
97 , 281.901
98 , 280.798
99 , 281.647
100 , 282.659
101 , 281.159
102 , 281.653
103 , 280.963
104 , 281.017
105 , 282.194
106 , 282.777
107 , 281.141
108 , 282.294
109 , 282.14
110 , 281.312
111 , 282.631
112 , 280.882
113 , 281.184
114 , 281.585
115 , 281.756
116 , 282.63
117 , 280.152
118 , 280.5
119 , 280.318
120 , 280.846
121 , 282.12
122 , 282.021
123 , 282.695
124 , 281.18
125 , 281.796
126 , 281.152
127 , 280.529
128 , 281.295
129 , 280.519
130 , 282.114
131 , 281.014
132 , 280.896
133 , 280.68
134 , 282.564
135 , 282.707
136 , 281.879
137 , 282.901
138 , 281.459
139 , 282.34
140 , 282.692
141 , 280.888
142 , 281.252
143 , 280.194
144 , 281.056
145 , 280.239
146 , 280.008
147 , 280.88
148 , 282.577
149 , 281.324
150 , 280.723
151 , 282.953
152 , 280.222
153 , 280.832
154 , 280.208
155 , 282.466
156 , 280.575
157 , 281.992
158 , 280.615
159 , 282.824
160 , 280.199
161 , 281.506
162 , 282.514
163 , 280.026
164 , 282.378
165 , 280.291
166 , 280.365
167 , 281.057
168 , 280.187
169 , 280.998
170 , 281.415
171 , 282.391
172 , 282.729
173 , 281.482
174 , 280.14
175 , 282.702
176 , 280.383
177 , 281.04
178 , 282.149
179 , 281.082
180 , 282.657
181 , 280.547
182 , 280.568
183 , 281.071
184 , 281.251
185 , 282.678
186 , 282.872
187 , 280.021
188 , 280.944
189 , 281.987
190 , 282.422
191 , 280.342
192 , 282.79
193 , 280.825
194 , 280.323
195 , 281.299
196 , 280.284
197 , 281.75
198 , 282.109
199 , 281.152
200 , 282.795
201 , 281.923
202 , 281.376
203 , 281.66
204 , 280.094
205 , 280.793
206 , 281.044
207 , 281.352
208 , 280.819
209 , 282.919
210 , 281.084
211 , 280.088
212 , 280.266
213 , 280.27
214 , 280.524
215 , 281.621
216 , 282.067
217 , 280.574
218 , 280.663
219 , 280.559
220 , 280.831
221 , 280.091
222 , 282.234
223 , 280.929
224 , 282.58
225 , 282.886
226 , 282.841
227 , 280.673
228 , 280.722
229 , 282.75
230 , 281.217
231 , 281.687
232 , 280.485
233 , 281.598
234 , 281.823
235 , 281.479
236 , 281.218
237 , 280.306
238 , 280.206
239 , 281.422
240 , 252.773
241 , 254.767
242 , 252.564
243 , 253.689
244 , 252.628
245 , 254.718
246 , 253.979
247 , 252.883
248 , 253.92
249 , 252.338
250 , 252.273
251 , 280.538
252 , 254.619
253 , 254.584
254 , 253.968
255 , 253.19
256 , 254.723
257 , 252.999
258 , 253.371
259 , 253.703
260 , 253.596
261 , 252.427
262 , 254.501
263 , 252.172
264 , 253.624
265 , 252.489
266 , 254.807
267 , 252.613
268 , 252.675
269 , 254.008
270 , 253.401
271 , 254.301
272 , 253.846
273 , 254.531
274 , 253.233
275 , 252.375
276 , 252.059
277 , 254.784
278 , 253.3
279 , 252.325
280 , 225.567
281 , 226.031
282 , 224.205
283 , 224.542
284 , 224.663
285 , 225.201
286 , 225.214
287 , 226.255
288 , 224.004
289 , 225.593
290 , 224.706
291 , 224.187
292 , 226.829
293 , 225.894
294 , 224.611
295 , 226.009
296 , 225.796
297 , 225.917
298 , 224.837
299 , 224.133
300 , 225.449
301 , 225.594
302 , 225.391
303 , 225.953
304 , 224.401
305 , 224.775
306 , 224.452
307 , 225.727
308 , 226.142
309 , 224.014
310 , 225.722
311 , 226.122
312 , 226.634
313 , 224.599
314 , 224.714
315 , 225.262
316 , 226.731
317 , 225.785
318 , 224.429
319 , 226.336
320 , 197.051
321 , 196.873
322 , 198.045
323 , 198.662
324 , 198.407
325 , 196.129
326 , 198.597
327 , 198.894
328 , 198.841
329 , 197.933
330 , 198.713
331 , 282.358
332 , 196.484
333 , 198.221
334 , 196.35
335 , 196.613
336 , 196.608
337 , 197.589
338 , 197.291
339 , 196.994
340 , 198.883
341 , 198.262
342 , 197.714
343 , 197.054
344 , 198.077
345 , 197.413
346 , 198.473
347 , 198.78
348 , 198.502
349 , 198.037
350 , 196.711
351 , 197.464
352 , 196.024
353 , 197.013
354 , 197.397
355 , 196.39
356 , 197.97
357 , 196.529
358 , 196.875
359 , 197.97
360 , 169.124
361 , 168.253
362 , 169.542
363 , 168.688
364 , 169.431
365 , 169.841
366 , 169.206
367 , 169.3
368 , 170.995
369 , 168.078
370 , 168.224
371 , 170.406
372 , 169.751
373 , 168.533
374 , 169.674
375 , 169.26
376 , 169.188
377 , 168.407
378 , 169.305
379 , 168.986
380 , 170.484
381 , 170.663
382 , 169.988
383 , 170.792
384 , 169.696
385 , 168.466
386 , 169.615
387 , 170.66
388 , 168.971
389 , 168.444
390 , 168.139
391 , 168.989
392 , 168.894
393 , 170.712
394 , 169.954
395 , 170.167
396 , 168.126
397 , 170.972
398 , 170.035
399 , 169.244
400 , 141.188
401 , 140.707
402 , 140.636
403 , 140.705
404 , 142.198
405 , 140.508
406 , 140.298
407 , 142.76
408 , 142.474
409 , 140.458
410 , 142.112
411 , 282.262
412 , 140.303
413 , 141.425
414 , 141.425
415 , 142.652
416 , 142.666
417 , 142.348
418 , 141.364
419 , 142.861
420 , 142.271
421 , 141.073
422 , 142.395
423 , 142.143
424 , 142.747
425 , 141.376
426 , 141.499
427 , 141.28
428 , 141.653
429 , 140.726
430 , 140.878
431 , 141.328
432 , 141.002
433 , 140.617
434 , 141.433
435 , 140.868
436 , 142.286
437 , 142.848
438 , 140.354
439 , 140.511
440 , 114.843
441 , 112.426
442 , 113.205
443 , 114.067
444 , 114.058
445 , 114.748
446 , 113.485
447 , 112.655
448 , 112.724
449 , 114.579
450 , 114.218
451 , 112.531
452 , 113.965
453 , 112.804
454 , 112.875
455 , 114.041
456 , 112.255
457 , 113.245
458 , 113.394
459 , 112.371
460 , 114.695
461 , 112.205
462 , 114.434
463 , 112.274
464 , 112.504
465 , 113.077
466 , 113.327
467 , 113.999
468 , 113.774
469 , 113.578
470 , 113.061
471 , 114.899
472 , 112.685
473 , 114.522
474 , 112.798
475 , 114.091
476 , 114.536
477 , 114.445
478 , 113.009
479 , 113.593
480 , 86.9567
481 , 86.9383
482 , 84.5318
483 , 86.1635
484 , 84.5554
485 , 84.7742
486 , 86.9179
487 , 86.8662
488 , 84.4637
489 , 85.0259
490 , 85.9416
491 , 85.8949
492 , 86.7537
493 , 84.7635
494 , 84.7407
495 , 85.1897
496 , 85.536
497 , 85.2425
498 , 85.0011
499 , 85.7188
500 , 85.7763
501 , 86.8881
502 , 84.8919
503 , 86.2727
504 , 84.1746
505 , 85.2447
506 , 85.5325
507 , 85.771
508 , 84.063
509 , 85.2769
510 , 85.301
511 , 85.919
512 , 84.8178
513 , 85.5884
514 , 84.0076
515 , 86.279
516 , 86.0215
517 , 84.0023
518 , 84.3827
519 , 86.2088
520 , 57.6961
521 , 58.0639
522 , 57.7855
523 , 57.8319
524 , 58.8788
525 , 56.5804
526 , 56.0924
527 , 57.4658
528 , 57.6483
529 , 56.8493
530 , 57.6734
531 , 56.7708
532 , 58.7608
533 , 58.754
534 , 56.4794
535 , 57.6591
536 , 58.7982
537 , 56.614
538 , 56.2637
539 , 58.6342
540 , 58.5737
541 , 56.937
542 , 58.1516
543 , 56.495
544 , 56.4686
545 , 57.6014
546 , 57.6349
547 , 57.0729
548 , 56.6403
549 , 56.5099
550 , 57.2686
551 , 56.8612
552 , 58.2736
553 , 56.9075
554 , 56.4029
555 , 58.8818
556 , 58.7584
557 , 58.9872
558 , 56.953
559 , 58.3881
560 , 29.4605
561 , 30.0183
562 , 30.4057
563 , 30.9694
564 , 28.0433
565 , 29.2389
566 , 28.817
567 , 30.8218
568 , 30.4144
569 , 30.0601
570 , 30.2771
571 , 28.9287
572 , 29.169
573 , 28.3565
574 , 29.4378
575 , 29.1366
576 , 30.6464
577 , 30.5582
578 , 29.7649
579 , 28.6873
580 , 30.9599
581 , 282.724
582 , 29.9052
583 , 30.7019
584 , 28.3619
585 , 28.6172
586 , 30.2752
587 , 29.5305
588 , 28.8646
589 , 28.9224
590 , 30.4079
591 , 28.8291
592 , 29.9944
593 , 30.6815
594 , 30.259
595 , 29.8751
596 , 30.9814
597 , 28.3699
598 , 28.9429
599 , 28.6082
600 , 0.33326
601 , 2.01746
602 , 2.22611
603 , 0.916917
604 , 0.571895
605 , 1.63635
606 , 0.686564
607 , 1.26715
608 , 1.79297
609 , 1.91481
610 , 0.993454
611 , 282.184
612 , 1.78445
613 , 2.93362
614 , 1.13598
615 , 1.59376
616 , 0.121557
617 , 1.79879
618 , 0.939847
619 , 2.52572
620 , 1.4937
621 , 0.112448
622 , 2.80355
623 , 2.15157
624 , 2.6369
625 , 2.393
626 , 0.72984
627 , 0.351364
628 , 2.68328
629 , 0.727737
630 , 2.12522
631 , 2.61374
632 , 2.68906
633 , 2.70442
634 , 1.1978
635 , 2.71431
636 , 1.44223
637 , 1.48177
638 , 1.528
639 , 0.180239
640 , 1.61806
641 , 1.21309
642 , 1.27387
643 , 2.71371
644 , 2.07803
645 , 1.7378
646 , 0.693071
647 , 0.488743
648 , 1.18115
649 , 1.57978
650 , 2.56195
651 , 0.983775
652 , 0.266019
653 , 0.643621
654 , 2.45891
655 , 1.90216
656 , 1.41249
657 , 1.51153
658 , 1.42907
659 , 1.34918
660 , 1.22633
661 , 1.24912
662 , 0.597833
663 , 1.70373
664 , 1.00551
665 , 2.32057
666 , 2.61422
667 , 0.807552
668 , 0.996733
669 , 2.09495
670 , 1.89772
671 , 1.48905
672 , 2.27638
673 , 2.98968
674 , 1.45851
675 , 0.415964
676 , 0.871634
677 , 1.38991
678 , 0.242652
679 , 0.715593
680 , 2.34242
681 , 1.60319
682 , 0.683615
683 , 1.80909
684 , 2.67317
685 , 1.84765
686 , 2.96343
687 , 0.490209
688 , 0.282315
689 , 1.40477
690 , 0.121808
691 , 2.05772
692 , 1.49141
693 , 2.64296
694 , 0.103838
695 , 1.18995
696 , 0.286258
697 , 2.5384
698 , 1.23192
699 , 2.56409
700 , 1.84974
701 , 0.499152
702 , 2.15879
703 , 1.87037
704 , 2.18419
705 , 1.53698
706 , 2.74247
707 , 1.61403
708 , 1.26085
709 , 0.425039
710 , 2.02371
711 , 0.76571
712 , 1.74627
713 , 1.48994
714 , 0.151939
715 , 1.12775
716 , 2.63088
717 , 2.6376
718 , 1.2701
719 , 1.6743
720 , 2.86366
721 , 2.4135
722 , 2.20118
723 , 1.54717
724 , 0.928395
725 , 0.576308
726 , 0.891388
727 , 1.63989
728 , 0.236463
729 , 2.45497
730 , 0.923098
731 , 0.0421103
732 , 1.16415
733 , 1.95674
734 , 0.875154
735 , 0.250734
736 , 0.517705
737 , 1.27647
738 , 0.735098
739 , 1.36799
740 , 2.00811
741 , 0.341333
742 , 0.911559
743 , 1.36547
744 , 1.04263
745 , 0.195698
746 , 1.45607
747 , 2.95395
748 , 2.0075
749 , 1.07837
750 , 0.231431
751 , 0.932057
752 , 2.71884
753 , 0.284232
754 , 0.259424
755 , 1.34719
756 , 1.58633
757 , 2.55197
758 , 2.31085
759 , 0.943009
760 , 1.89406
761 , 1.99024
762 , 0.291399
763 , 2.18822
764 , 2.30433
765 , 2.96235
766 , 2.53364
767 , 2.10643
768 , 1.10396
769 , 2.1565
770 , 1.61264
771 , 280.702
772 , 0.358545
773 , 0.0646699
774 , 1.21454
775 , 1.52536
776 , 0.409778
777 , 0.198741
778 , 0.465028
779 , 1.57289
780 , 0.914087
781 , 2.36578
782 , 1.65859
783 , 2.21688
784 , 1.34856
785 , 0.844369
786 , 0.366562
787 , 1.02624
788 , 2.44103
789 , 1.9129
790 , 1.51568
791 , 1.76944
792 , 0.952744
793 , 2.12023
794 , 2.46127
795 , 2.28578
796 , 2.5745
797 , 0.590441
798 , 2.74007
799 , 2.87038
800 , 2.90919
801 , 2.52192
802 , 1.37099
803 , 1.32462
804 , 2.43595
805 , 0.869766
806 , 1.90712
807 , 0.844125
808 , 0.87627
809 , 0.828271
810 , 2.44518
811 , 2.57412
812 , 2.30406
813 , 0.610897
814 , 0.0315965
815 , 1.60191
816 , 1.17533
817 , 2.74147
818 , 1.05296
819 , 2.69912
820 , 2.5642
821 , 2.28471
822 , 1.11498
823 , 1.80277
824 , 0.10463
825 , 1.75101
826 , 0.228791
827 , 0.94198
828 , 0.703652
829 , 2.85515
830 , 1.13919
831 , 1.03036
832 , 1.96307
833 , 1.22585
834 , 2.53599
835 , 2.57886
836 , 2.23498
837 , 2.88665
838 , 0.470415
839 , 1.59461
840 , 2.15801
841 , 0.653249
842 , 2.70605
843 , 1.28278
844 , 2.63087
845 , 2.84378
846 , 1.2028
847 , 2.65478
848 , 0.509889
849 , 1.35635
850 , 0.308519
851 , 280.932
852 , 2.90924
853 , 0.355576
854 , 0.514972
855 , 0.38443
856 , 0.47893
857 , 0.430595
858 , 1.58996
859 , 0.0472746
860 , 1.20889
861 , 1.17155
862 , 0.862454
863 , 0.535938
864 , 1.2023
865 , 2.02024
866 , 0.467198
867 , 1.38668
868 , 2.48859
869 , 2.42621
870 , 0.421532
871 , 1.61798
872 , 0.484407
873 , 0.288632
874 , 0.484898
875 , 1.50781
876 , 2.05021
877 , 1.90954
878 , 0.702641
879 , 2.0448
880 , 1.88852
881 , 2.98952
882 , 2.78205
883 , 1.66432
884 , 0.320533
885 , 2.72106
886 , 1.50743
887 , 0.261666
888 , 0.864308
889 , 1.88017
890 , 2.05001
891 , 1.58933
892 , 1.79037
893 , 0.21612
894 , 2.18242
895 , 2.63412
896 , 1.99026
897 , 0.174197
898 , 1.98598
899 , 1.94104
900 , 1.92874
901 , 0.305057
902 , 2.97094
903 , 2.09125
904 , 1.60234
905 , 0.613048
906 , 2.77748
907 , 1.03733
908 , 0.427911
909 , 1.03136
910 , 0.608683
911 , 0.126695
912 , 0.606078
913 , 2.12549
914 , 1.80259
915 , 2.67166
916 , 1.35369
917 , 1.59777
918 , 2.74076
919 , 0.378912
920 , 0.180281
921 , 0.152057
922 , 1.51946
923 , 1.36097
924 , 1.401
925 , 2.12485
926 , 2.02437
927 , 2.76135
928 , 2.79865
929 , 2.76161
930 , 2.18701
931 , 1.21649
932 , 2.98645
933 , 2.82214
934 , 2.96824
935 , 0.300318
936 , 1.61318
937 , 0.527628
938 , 0.0871034
939 , 2.6317
940 , 2.05392
941 , 280.41
942 , 0.761055
943 , 2.79476
944 , 0.178921
945 , 1.6563
946 , 2.00558
947 , 0.741447
948 , 0.0514509
949 , 2.02854
950 , 1.57028
951 , 2.60042
952 , 0.136301
953 , 0.244425
954 , 2.04834
955 , 2.02797
956 , 2.19563
957 , 1.89084
958 , 1.06195
959 , 0.254946
960 , 0.986827
961 , 2.99395
962 , 0.733497
963 , 1.95008
964 , 0.789126
965 , 0.25847
966 , 2.45728
967 , 1.17586
968 , 0.57035
969 , 1.46401
970 , 0.076154
971 , 1.16045
972 , 2.27116
973 , 2.87033
974 , 1.18581
975 , 1.74299
976 , 0.679743
977 , 0.937782
978 , 2.48767
979 , 1.94269
980 , 1.23446
981 , 0.29822
982 , 0.785631
983 , 2.41445
984 , 0.166024
985 , 2.39257
986 , 1.47059
987 , 2.37663
988 , 1.36148
989 , 0.715497
990 , 1.15257
991 , 0.68746
992 , 1.60133
993 , 1.38607
994 , 2.0959
995 , 1.56211
996 , 2.94801
997 , 0.379544
998 , 0.091127
999 , 2.17742
1000 , 2.11375
1001 , 282.247
1002 , 280.718
1003 , 280.868
1004 , 280.911
1005 , 280.467
1006 , 281.626
1007 , 280.735
1008 , 281.9
1009 , 281.307
1010 , 281.587
1011 , 282.304
1012 , 281.462
1013 , 282.596
1014 , 280.541
1015 , 280.461
1016 , 281.815
1017 , 282.809
1018 , 282.26
1019 , 280.23
1020 , 280.295
1021 , 282.589
1022 , 281.452
1023 , 280.073
1024 , 281.237
1025 , 282.261
1026 , 282.649
1027 , 281.137
1028 , 280.57
1029 , 281.607
1030 , 280.956
1031 , 281.5
1032 , 281.867
1033 , 281.026
1034 , 281.406
1035 , 282.587
1036 , 282.84
1037 , 281.538
1038 , 281.669
1039 , 280.966
1040 , 282.48
1041 , 282.817
1042 , 280.822
1043 , 280.865
1044 , 280.412
1045 , 282.331
1046 , 280.329
1047 , 280.614
1048 , 282.333
1049 , 280.852
1050 , 280.647
1051 , 282.789
1052 , 280.133
1053 , 280.263
1054 , 282.713
1055 , 282.998
1056 , 280.862
1057 , 280.688
1058 , 282.46
1059 , 282.127
1060 , 280.575
1061 , 281.432
1062 , 280.888
1063 , 281.628
1064 , 282.115
1065 , 281.928
1066 , 281.453
1067 , 281.631
1068 , 282.371
1069 , 281
1070 , 281.57
1071 , 281.861
1072 , 281.891
1073 , 281.734
1074 , 282.958
1075 , 282.14
1076 , 281.128
1077 , 280.526
1078 , 282.157
1079 , 280.343
1080 , 282.157
1081 , 281.836
1082 , 282.343
1083 , 282.549
1084 , 282.526
1085 , 280.228
1086 , 280.545
1087 , 280.106
1088 , 280.869
1089 , 280.913
1090 , 280.058
1091 , 280.032
1092 , 281.385
1093 , 281.53
1094 , 281.655
1095 , 280.637
1096 , 281.001
1097 , 280.855
1098 , 282.886
1099 , 281.305
1100 , 281.374
1101 , 281.261
1102 , 280.095
1103 , 282.007
1104 , 281.143
1105 , 282.898
1106 , 281.64
1107 , 280.677
1108 , 281.977
1109 , 282.067
1110 , 280.021
1111 , 282.704
1112 , 280.258
1113 , 281.354
1114 , 281.555
1115 , 281.076
1116 , 281.112
1117 , 282.412
1118 , 281.283
1119 , 281.44
1120 , 280.5
1121 , 281.579
1122 , 282.537
1123 , 281.02
1124 , 282.741
1125 , 281.6
1126 , 280.402
1127 , 282.344
1128 , 281.215
1129 , 281.366
1130 , 282.772
1131 , 281.444
1132 , 282.78
1133 , 281.655
1134 , 282.188
1135 , 281.047
1136 , 281.929
1137 , 280.11
1138 , 282.149
1139 , 282.368
1140 , 253.461
1141 , 254.759
1142 , 254.322
1143 , 253.463
1144 , 252.864
1145 , 254.067
1146 , 253.741
1147 , 254.623
1148 , 254.028
1149 , 254.184
1150 , 252.172
1151 , 252.883
1152 , 254.889
1153 , 252.152
1154 , 252.903
1155 , 252.157
1156 , 252.921
1157 , 252.263
1158 , 254.995
1159 , 252.305
1160 , 253.405
1161 , 254.424
1162 , 254.201
1163 , 252.321
1164 , 252.538
1165 , 253.26
1166 , 254.18
1167 , 252.934
1168 , 252.026
1169 , 253.009
1170 , 254.033
171 , 281.342
1172 , 254.716
1173 , 254.732
1174 , 252.676
1175 , 252.341
1176 , 254.039
1177 , 254.207
1178 , 253.39
1179 , 252.798
1180 , 224.009
1181 , 226.673
1182 , 224.677
1183 , 225.328
1184 , 224.884
1185 , 224.815
1186 , 224.532
1187 , 225.878
1188 , 224.49
1189 , 225.494
1190 , 225.188
1191 , 224.858
1192 , 225.35
1193 , 226.522
1194 , 224.714
1195 , 224.064
1196 , 224.179
1197 , 225.145
1198 , 224.802
1199 , 226.079
1200 , 224.071
1201 , 225.724
1202 , 225.086
1203 , 226.35
1204 , 224.013
1205 , 226.717
1206 , 225.653
1207 , 224.537
1208 , 224.031
1209 , 226.879
1210 , 224.84
1211 , 224.004
1212 , 226.731
1213 , 226.634
1214 , 226.353
1215 , 226.285
1216 , 226.656
1217 , 224.6
1218 , 226.571
1219 , 225.504
1220 , 196.952
1221 , 198.385
1222 , 197.49
1223 , 197.764
1224 , 197.283
1225 , 198.141
1226 , 196.314
1227 , 198.515
1228 , 197.347
1229 , 196.808
1230 , 196.524
1231 , 197.517
1232 , 198.082
1233 , 198.704
1234 , 197.591
1235 , 196.159
1236 , 196.375
1237 , 197.325
1238 , 197.984
1239 , 196.191
1240 , 198.07
1241 , 198.208
1242 , 197.576
1243 , 198.605
1244 , 197.134
1245 , 197.132
1246 , 197.484
1247 , 198.993
1248 , 198.323
1249 , 197.019
1250 , 197.724
251 , 281.865
1252 , 196.427
1253 , 198.033
1254 , 196.107
1255 , 198.338
1256 , 196.755
1257 , 197.88
1258 , 196.347
1259 , 197.36
1260 , 168.831
1261 , 168.745
1262 , 170.68
1263 , 168.225
1264 , 168.586
1265 , 170.1
1266 , 170.515
1267 , 170.308
1268 , 168.118
1269 , 169.097
1270 , 169.6
1271 , 168.398
1272 , 170.628
1273 , 170.489
1274 , 169.337
1275 , 170.562
1276 , 169.768
1277 , 169.128
1278 , 170.098
1279 , 169.273
1280 , 170.524
1281 , 170.062
1282 , 168.681
1283 , 169.252
1284 , 168.12
1285 , 170.979
1286 , 168.024
1287 , 169.184
1288 , 169.814
1289 , 170.769
1290 , 170.224
1291 , 169.983
1292 , 169.161
1293 , 170.862
1294 , 170.815
1295 , 169.086
1296 , 169.615
1297 , 169.595
1298 , 168.675
1299 , 170.021
1300 , 142.879
1301 , 140.264
1302 , 141.261
1303 , 142.131
1304 , 142.978
1305 , 142.136
1306 , 140.448
1307 , 142.649
1308 , 142.285
1309 , 142.315
1310 , 141.093
1311 , 141.375
1312 , 141.989
1313 , 140.886
1314 , 140.489
1315 , 142.707
1316 , 141.801
1317 , 142.108
1318 , 142.928
1319 , 142.186
1320 , 140.249
1321 , 141.808
1322 , 140.345
1323 , 141.436
1324 , 142.11
1325 , 141.571
1326 , 141.717
1327 , 141.775
1328 , 141.112
1329 , 140.336
1330 , 140.026
331 , 281.578
1332 , 141.722
1333 , 141.537
1334 , 140.63
1335 , 140.839
1336 , 142.304
1337 , 141.401
1338 , 141.59
1339 , 142.874
1340 , 112.016
1341 , 114.823
1342 , 112.288
1343 , 112.316
1344 , 112.562
1345 , 112.291
1346 , 113.831
1347 , 113.482
1348 , 113.371
1349 , 114.755
1350 , 114.959
1351 , 113.177
1352 , 112.466
1353 , 114.99
1354 , 113.298
1355 , 112.519
1356 , 112.793
1357 , 114.741
1358 , 114.239
1359 , 113.828
1360 , 114.708
1361 , 112.136
1362 , 114.187
1363 , 114.201
1364 , 113.497
1365 , 113.189
1366 , 113.081
1367 , 114.277
1368 , 113.603
1369 , 114.782
1370 , 112.991
1371 , 113.22
1372 , 112.615
1373 , 114.207
1374 , 112.3
1375 , 112.384
1376 , 113.666
1377 , 114.694
1378 , 112.357
1379 , 114.154
1380 , 86.104
1381 , 86.6704
1382 , 84.0102
1383 , 85.0313
1384 , 84.0633
1385 , 86.3225
1386 , 84.6893
1387 , 86.2603
1388 , 85.0866
1389 , 85.4613
1390 , 84.2652
1391 , 86.4517
1392 , 84.177
1393 , 86.1693
1394 , 84.6175
1395 , 84.2607
1396 , 84.7181
1397 , 85.2482
1398 , 86.7333
1399 , 85.4442
1400 , 84.2129
1401 , 86.3107
1402 , 84.0428
1403 , 86.9471
1404 , 86.1406
1405 , 85.4472
1406 , 86.8768
1407 , 86.3064
1408 , 86.8238
1409 , 86.3472
1410 , 84.4766
411 , 282.591
1412 , 86.1162
1413 , 85.3912
1414 , 86.8314
1415 , 85.9245
1416 , 84.324
1417 , 84.9348
1418 , 86.7604
1419 , 85.6729
1420 , 57.7052
1421 , 56.8495
1422 , 57.2971
1423 , 57.6464
1424 , 56.7178
1425 , 58.6142
1426 , 56.1842
1427 , 56.0663
1428 , 57.1861
1429 , 58.7294
1430 , 56.1376
1431 , 56.6164
1432 , 56.7271
1433 , 58.2689
1434 , 57.4036
1435 , 58.9623
1436 , 57.0901
1437 , 58.4459
1438 , 56.8606
1439 , 57.0353
1440 , 57.5376
1441 , 58.6902
1442 , 58.386
1443 , 58.5558
1444 , 56.4821
1445 , 57.5472
1446 , 56.1108
1447 , 56.1533
1448 , 58.2889
1449 , 57.9626
1450 , 57.761
1451 , 56.2042
1452 , 56.1098
1453 , 56.8932
1454 , 57.184
1455 , 57.0691
1456 , 58.1955
1457 , 58.9334
1458 , 57.6519
1459 , 57.4141
1460 , 28.4552
1461 , 28.1046
1462 , 28.5746
1463 , 29.5728
1464 , 30.2781
1465 , 29.7611
1466 , 28.7835
1467 , 30.1256
1468 , 28.4073
1469 , 30.7384
1470 , 29.2737
1471 , 28.4749
1472 , 30.4482
1473 , 30.1211
1474 , 28.1052
1475 , 30.603
1476 , 28.5419
1477 , 29.658
1478 , 28.5612
1479 , 30.2804
1480 , 29.7728
1481 , 30.4125
1482 , 28.2385
1483 , 28.0188
1484 , 28.2995
1485 , 28.9219
1486 , 28.7064
1487 , 28.6942
1488 , 29.7999
1489 , 29.0242
1490 , 30.5083
1491 , 29.3731
1492 , 30.0364
1493 , 30.8625
1494 , 30.1064
1495 , 29.6545
1496 , 29.4497
1497 , 28.1552
1498 , 28.2091
1499 , 30.1355
1500 , 0.69434
1501 , 1.10358
1502 , 0.0930389
1503 , 0.280516
1504 , 0.327758
1505 , 1.39102
1506 , 2.65491
1507 , 2.42824
1508 , 1.24284
1509 , 0.894867
1510 , 1.66943
1511 , 1.6072
1512 , 0.647855
1513 , 0.0815069
1514 , 0.155488
1515 , 2.85608
1516 , 1.95574
1517 , 2.81704
1518 , 0.679792
1519 , 1.8845
1520 , 1.81452
1521 , 1.89004
1522 , 2.39076
1523 , 0.354957
1524 , 0.800094
1525 , 2.21981
1526 , 1.43176
1527 , 1.34659
1528 , 2.13753
1529 , 2.26233
1530 , 0.635068
1531 , 2.17427
1532 , 2.33725
1533 , 0.3406
1534 , 2.0749
1535 , 0.364338
1536 , 2.21012
1537 , 2.47316
1538 , 1.92238
1539 , 0.615566
1540 , 0.307224
1541 , 0.145086
1542 , 1.77031
1543 , 2.36381
1544 , 2.77348
1545 , 1.10818
1546 , 0.749978
1547 , 0.106547
1548 , 1.91789
1549 , 1.51162
1550 , 1.31897
1551 , 2.96068
1552 , 1.38984
1553 , 1.83416
1554 , 0.819651
1555 , 1.75371
1556 , 2.82934
1557 , 2.08609
1558 , 0.321295
1559 , 1.93506
1560 , 0.0686502
1561 , 1.78111
1562 , 0.765596
1563 , 0.641793
1564 , 0.243131
1565 , 0.652175
1566 , 2.7712
1567 , 0.560652
1568 , 1.25398
1569 , 0.599001
1570 , 0.910361
1571 , 0.571832
1572 , 1.76731
1573 , 2.49138
1574 , 2.06401
1575 , 0.118915
1576 , 0.794416
1577 , 2.86036
1578 , 2.36401
1579 , 0.0773066
1580 , 2.51183
581 , 282.095
1582 , 1.04348
1583 , 2.47583
1584 , 0.110985
1585 , 0.0887188
1586 , 0.295646
1587 , 0.933721
1588 , 2.91227
1589 , 1.32794
1590 , 0.266422
1591 , 2.0286
1592 , 2.41663
1593 , 2.60664
1594 , 1.89945
1595 , 0.594102
1596 , 0.913935
1597 , 1.0123
1598 , 0.934102
1599 , 0.392587
1600 , 2.20674
1601 , 2.83221
1602 , 1.65869
1603 , 0.862817
1604 , 2.29796
1605 , 0.841928
1606 , 0.0553998
1607 , 0.461761
1608 , 1.79195
1609 , 0.609737
1610 , 2.2874
611 , 281.175
1612 , 1.75734
1613 , 1.14989
1614 , 2.37315
1615 , 1.2418
1616 , 0.35495
1617 , 2.23897
1618 , 2.46908
1619 , 1.58623
1620 , 2.88508
1621 , 1.62062
1622 , 1.53239
1623 , 2.27822
1624 , 0.896114
1625 , 0.435943
1626 , 1.74792
1627 , 2.78981
1628 , 2.20459
1629 , 0.871576
1630 , 2.83535
1631 , 1.65685
1632 , 2.30394
1633 , 2.29032
1634 , 1.88343
1635 , 0.163595
1636 , 1.74395
1637 , 2.97482
1638 , 1.52285
1639 , 0.220478
1640 , 1.69501
1641 , 0.438794
1642 , 1.36508
1643 , 2.9201
1644 , 2.15122
1645 , 2.18826
1646 , 1.35926
1647 , 1.10769
1648 , 1.01095
1649 , 1.95644
1650 , 0.415914
1651 , 0.645871
1652 , 0.629042
1653 , 0.853631
1654 , 0.761621
1655 , 2.08677
1656 , 2.11497
1657 , 2.53291
1658 , 2.7719
1659 , 0.456076
1660 , 0.665119
1661 , 1.29128
1662 , 1.86397
1663 , 1.59361
1664 , 2.22755
1665 , 0.728395
1666 , 0.835518
1667 , 1.90583
1668 , 1.37829
1669 , 2.70579
1670 , 2.15181
1671 , 2.35902
1672 , 2.5256
1673 , 2.6816
1674 , 0.360899
1675 , 2.54045
1676 , 1.57878
1677 , 0.247267
1678 , 1.18652
1679 , 1.11886
1680 , 2.80125
1681 , 1.4116
1682 , 1.99271
1683 , 1.84636
1684 , 0.0623855
1685 , 2.29165
1686 , 1.15252
1687 , 0.0371359
1688 , 0.375083
1689 , 1.47949
1690 , 0.132203
1691 , 1.52067
1692 , 2.53216
1693 , 2.67131
1694 , 1.31577
1695 , 0.0743283
1696 , 2.6821
1697 , 2.72387
1698 , 1.40852
1699 , 1.01502
1700 , 1.53826
1701 , 1.96838
1702 , 0.685452
1703 , 2.65711
1704 , 1.66545
1705 , 1.77906
1706 , 0.204722
1707 , 1.70427
1708 , 0.0779901
1709 , 1.81614
1710 , 1.93738
1711 , 1.94207
1712 , 1.76498
1713 , 2.72819
1714 , 0.124377
1715 , 0.0422986
1716 , 0.646531
1717 , 2.45426
1718 , 1.09141
1719 , 0.347474
1720 , 2.31157
1721 , 1.14327
1722 , 0.497523
1723 , 0.310889
1724 , 2.16361
1725 , 0.142245
1726 , 0.816444
1727 , 2.80799
1728 , 1.50908
1729 , 0.567668
1730 , 1.38665
1731 , 2.31268
1732 , 0.166324
1733 , 1.14733
1734 , 1.79323
1735 , 2.71409
1736 , 0.0335195
1737 , 1.61268
1738 , 1.09477
1739 , 0.209823
1740 , 2.15138
1741 , 1.2346
1742 , 2.0258
1743 , 1.16154
1744 , 2.32386
1745 , 2.23894
1746 , 1.57977
1747 , 0.489595
1748 , 1.66358
1749 , 2.62864
1750 , 0.754014
1751 , 0.591342
1752 , 1.44507
1753 , 2.04043
1754 , 2.41556
1755 , 0.706438
1756 , 0.407355
1757 , 1.14561
1758 , 2.6263
1759 , 0.560662
1760 , 1.17054
1761 , 2.12389
1762 , 2.0153
1763 , 1.43569
1764 , 0.431778
1765 , 2.41106
1766 , 2.49866
1767 , 2.22215
1768 , 2.18838
1769 , 0.549549
1770 , 0.856598
771 , 280.124
1772 , 1.20527
1773 , 0.555141
1774 , 0.0591029
1775 , 0.360657
1776 , 2.67772
1777 , 2.37998
1778 , 0.0669964
1779 , 0.787926
1780 , 1.76153
1781 , 2.06084
1782 , 1.8795
1783 , 2.25989
1784 , 1.9308
1785 , 0.499419
1786 , 1.15169
1787 , 1.23863
1788 , 2.80932
1789 , 1.77023
1790 , 2.45135
1791 , 2.65711
1792 , 0.283758
1793 , 0.427281
1794 , 2.76341
1795 , 1.59749
1796 , 2.03131
1797 , 2.49204
1798 , 2.182
1799 , 0.944308
1800 , 2.65346
1801 , 1.0916
1802 , 0.687102
1803 , 1.13999
1804 , 1.05696
1805 , 2.44717
1806 , 2.71449
1807 , 0.421515
1808 , 2.76174
1809 , 2.49785
1810 , 2.86512
1811 , 0.834232
1812 , 0.949468
1813 , 0.208903
1814 , 2.5711
1815 , 1.7419
1816 , 0.128167
1817 , 2.99379
1818 , 2.96748
1819 , 2.79454
1820 , 2.3491
1821 , 1.45342
1822 , 2.5065
1823 , 0.160852
1824 , 1.32444
1825 , 0.0473524
1826 , 1.05886
1827 , 1.57756
1828 , 0.07169
1829 , 2.88664
1830 , 0.981833
1831 , 0.675397
1832 , 0.770522
1833 , 2.79388
1834 , 0.491566
1835 , 1.24158
1836 , 0.15725
1837 , 2.96642
1838 , 0.159986
1839 , 1.08536
1840 , 2.35482
1841 , 0.476578
1842 , 2.27829
1843 , 0.454044
1844 , 1.61283
1845 , 0.701588
1846 , 0.853148
1847 , 0.650945
1848 , 2.25014
1849 , 0.450086
1850 , 0.382838
851 , 280.408
1852 , 1.72067
1853 , 2.82499
1854 , 2.42806
1855 , 1.19706
1856 , 2.01037
1857 , 2.38785
1858 , 2.58842
1859 , 0.673864
1860 , 0.727408
1861 , 0.708513
1862 , 0.199924
1863 , 1.41912
1864 , 0.483419
1865 , 1.92016
1866 , 1.4181
1867 , 0.752626
1868 , 1.19878
1869 , 2.64285
1870 , 1.32424
1871 , 1.91585
1872 , 1.22552
1873 , 2.92432
1874 , 1.84638
1875 , 2.98731
1876 , 1.9146
1877 , 1.81123
1878 , 0.446244
1879 , 1.16361
1880 , 0.442339
1881 , 0.863302
1882 , 0.490275
1883 , 1.62165
1884 , 0.644698
1885 , 1.55618
1886 , 0.136181
1887 , 1.15489
1888 , 2.51167
1889 , 0.56965
1890 , 1.42737
1891 , 0.369907
1892 , 1.96871
1893 , 0.618224
1894 , 0.793553
1895 , 1.65478
1896 , 0.866459
1897 , 1.9769
1898 , 0.569508
1899 , 2.43288
1900 , 2.24945
1901 , 2.74899
1902 , 1.2989
1903 , 1.3476
1904 , 0.61235
1905 , 1.27266
1906 , 2.40546
1907 , 1.03176
1908 , 1.18477
1909 , 1.46698
1910 , 1.49539
1911 , 1.6032
1912 , 0.356015
1913 , 0.396181
1914 , 1.67618
1915 , 2.66676
1916 , 2.34904
1917 , 2.41692
1918 , 2.37999
1919 , 0.65348
1920 , 2.26013
1921 , 0.73578
1922 , 0.599135
1923 , 1.03794
1924 , 1.49133
1925 , 2.29813
1926 , 1.04551
1927 , 0.430149
1928 , 1.44558
1929 , 0.337085
1930 , 0.570419
1931 , 1.85551
1932 , 0.199968
1933 , 1.50825
1934 , 0.719834
1935 , 2.98102
1936 , 2.86138
1937 , 0.0206998
1938 , 1.73441
1939 , 2.89866
1940 , 1.66831
941 , 282.543
1942 , 2.9453
1943 , 0.116633
1944 , 1.92348
1945 , 1.87894
1946 , 1.73182
1947 , 2.84592
1948 , 2.50653
1949 , 1.45297
1950 , 0.120531
1951 , 1.20202
1952 , 0.373608
1953 , 1.05144
1954 , 0.0602924
1955 , 2.60102
1956 , 2.87087
1957 , 2.89042
1958 , 0.572559
1959 , 0.47876
1960 , 0.251374
1961 , 1.65853
1962 , 0.577744
1963 , 1.66904
1964 , 2.19926
1965 , 0.604281
1966 , 1.98454
1967 , 1.23884
1968 , 1.71876
1969 , 2.20455
1970 , 0.703934
1971 , 0.217979
1972 , 1.84242
1973 , 0.276509
1974 , 1.45014
1975 , 2.93713
1976 , 0.976914
1977 , 2.69591
1978 , 0.53253
1979 , 0.733384
1980 , 2.10447
1981 , 2.29837
1982 , 1.30736
1983 , 0.11164
1984 , 2.87467
1985 , 1.26958
1986 , 0.892244
1987 , 2.03393
1988 , 2.35088
1989 , 2.35483
1990 , 0.0390879
1991 , 1.6676
1992 , 1.67909
1993 , 0.864722
1994 , 2.49441
1995 , 0.0424051
1996 , 1.78266
1997 , 0.606908
1998 , 0.0859214
1999 , 2.90697
2000 , 1.19356
2001 , 280.937
2002 , 280.82
2003 , 282.576
2004 , 282.302
2005 , 280.446
2006 , 280.601
2007 , 282.581
2008 , 280.653
2009 , 282.112
2010 , 281.846
2011 , 280.806
2012 , 281.867
2013 , 282.095
2014 , 282.969
2015 , 281.953
2016 , 282.545
2017 , 281.077
2018 , 282.124
2019 , 280.298
2020 , 280.058
2021 , 282.668
2022 , 282.676
2023 , 282.184
2024 , 281.252
2025 , 280.063
2026 , 281.086
2027 , 280.24
2028 , 280.484
2029 , 280.347
2030 , 282.739
2031 , 281.015
2032 , 281.336
2033 , 281.768
2034 , 280.351
2035 , 282.781
2036 , 280.201
2037 , 282.85
2038 , 280.687
2039 , 281.947
2040 , 281.789
2041 , 282.501
2042 , 282.883
2043 , 280.642
2044 , 280.491
2045 , 280.571
2046 , 282.556
2047 , 282.741
2048 , 281.632
2049 , 282.779
2050 , 280.152
2051 , 281.718
2052 , 282.546
2053 , 280.497
2054 , 281.711
2055 , 282.63
2056 , 282.05
2057 , 282.167
2058 , 281.095
2059 , 280.354
2060 , 281.408
2061 , 282.189
2062 , 280.178
2063 , 281.801
2064 , 281.832
2065 , 280.857
2066 , 282.163
2067 , 281.477
2068 , 280.516
2069 , 282.727
2070 , 280.795
2071 , 281.914
2072 , 281.214
2073 , 281.199
2074 , 280.549
2075 , 282.61
2076 , 282.427
2077 , 282.375
2078 , 281.898
2079 , 280.666
2080 , 282.885
81 , 282.961
2082 , 281.062
2083 , 281.068
2084 , 281.206
2085 , 280.848
2086 , 282.454
2087 , 280.754
2088 , 282.473
2089 , 280.527
2090 , 254.908
2091 , 252.47
2092 , 252.697
2093 , 252.762
2094 , 253.206
2095 , 254.941
2096 , 252.269
2097 , 252.07
2098 , 254.391
2099 , 253.24
2100 , 253.68
2101 , 254.817
2102 , 253.598
2103 , 254.117
2104 , 254.804
2105 , 254.939
2106 , 253.797
2107 , 254.827
2108 , 254.222
2109 , 252.497
2110 , 253.307
2111 , 252.821
2112 , 252.085
2113 , 254.732
2114 , 254.466
2115 , 252.611
2116 , 253.373
2117 , 252.295
2118 , 254.422
2119 , 252.573
2120 , 254.681
2121 , 252.186
2122 , 254.416
2123 , 253.657
2124 , 254.461
2125 , 253.427
2126 , 253.728
2127 , 252.868
2128 , 254.874
2129 , 252.535
2130 , 225.696
2131 , 226.649
2132 , 224.215
2133 , 226.75
2134 , 226.819
2135 , 226.792
2136 , 225.385
2137 , 226.816
2138 , 226.313
2139 , 226.431
2140 , 225.17
2141 , 224.788
2142 , 226.858
2143 , 226.626
2144 , 224.172
2145 , 225.617
2146 , 226.148
2147 , 224.953
2148 , 226.063
2149 , 225.84
2150 , 225.038
2151 , 226.829
2152 , 224.721
2153 , 225.174
2154 , 224.133
2155 , 224.373
2156 , 226.686
2157 , 224.013
2158 , 225.962
2159 , 224.164
2160 , 224.335
2161 , 224.147
2162 , 224.983
2163 , 224.273
2164 , 226.294
2165 , 226.67
2166 , 224.542
2167 , 226.112
2168 , 225.243
2169 , 224.708
2170 , 196.562
171 , 281.889
2172 , 196.626
2173 , 198.224
2174 , 197.288
2175 , 198.872
2176 , 196.229
2177 , 198.728
2178 , 198.512
2179 , 196.764
2180 , 196.165
2181 , 198.212
2182 , 197.808
2183 , 196.215
2184 , 196.338
2185 , 197.96
2186 , 198.468
2187 , 197.388
2188 , 198.974
2189 , 196.541
2190 , 196.521
2191 , 198.823
2192 , 198.369
2193 , 198.925
2194 , 198.176
2195 , 197.602
2196 , 196.742
2197 , 197.598
2198 , 198.849
2199 , 196
2200 , 198.37
2201 , 196.103
2202 , 198.595
2203 , 196.344
2204 , 196.163
2205 , 196.098
2206 , 198.979
2207 , 198.772
2208 , 198.998
2209 , 198.369
2210 , 168.971
2211 , 168.001
2212 , 168.737
2213 , 170.419
2214 , 168.831
2215 , 170.489
2216 , 170.149
2217 , 168.235
2218 , 170.538
2219 , 170.333
2220 , 168.295
2221 , 170.155
2222 , 169.591
2223 , 170.499
2224 , 169.811
2225 , 168.086
2226 , 168.638
2227 , 170.728
2228 , 168.111
2229 , 168.74
2230 , 170.488
2231 , 168.675
2232 , 170.982
2233 , 170.787
2234 , 168.749
2235 , 170.628
2236 , 170.734
2237 , 169.865
2238 , 169.648
2239 , 170.94
2240 , 170.592
2241 , 169.59
2242 , 170.616
2243 , 170.213
2244 , 168.028
2245 , 169.297
2246 , 168.266
2247 , 168.559
2248 , 168.576
2249 , 170.092
2250 , 140.951
251 , 281.059
2252 , 141.485
2253 , 142.893
2254 , 141.51
2255 , 140.825
2256 , 141.039
2257 , 140.581
2258 , 141.025
2259 , 142.933
2260 , 140.476
2261 , 140.987
2262 , 142.981
2263 , 142.429
2264 , 142.602
2265 , 141.726
2266 , 141.371
2267 , 142.625
2268 , 140.083
2269 , 140.784
2270 , 141.987
2271 , 141.873
2272 , 142.681
2273 , 140.698
2274 , 141.502
2275 , 142.505
2276 , 141.236
2277 , 142.338
2278 , 141.117
2279 , 140.738
2280 , 142.139
2281 , 140.461
2282 , 140.684
2283 , 140.664
2284 , 141.494
2285 , 141.609
2286 , 141.837
2287 , 142.813
2288 , 142.266
2289 , 141.964
2290 , 114.74
2291 , 113.855
2292 , 112.366
2293 , 112.771
2294 , 112.208
2295 , 112.949
2296 , 113.091
2297 , 113.856
2298 , 114.097
2299 , 112.07
2300 , 112.704
2301 , 112.769
2302 , 114.985
2303 , 113.902
2304 , 113.077
2305 , 114.697
2306 , 113.489
2307 , 113.611
2308 , 114.888
2309 , 114.492
2310 , 114.982
2311 , 112.484
2312 , 113.828
2313 , 112.745
2314 , 113.972
2315 , 113.915
2316 , 112.564
2317 , 113.61
2318 , 112.967
2319 , 114.075
2320 , 112.312
2321 , 113.913
2322 , 113.575
2323 , 112.476
2324 , 113.659
2325 , 114.393
2326 , 112.859
2327 , 114.974
2328 , 113.708
2329 , 112.014
2330 , 85.2905
331 , 280.15
2332 , 85.8575
2333 , 84.2457
2334 , 84.8873
2335 , 86.1686
2336 , 85.3907
2337 , 85.3108
2338 , 84.8756
2339 , 84.8675
2340 , 85.53
2341 , 85.526
2342 , 85.7727
2343 , 86.5853
2344 , 86.4477
2345 , 84.343
2346 , 85.0245
2347 , 85.8007
2348 , 85.9095
2349 , 84.9942
2350 , 86.1345
2351 , 85.7256
2352 , 85.2788
2353 , 86.7677
2354 , 84.0266
2355 , 85.9086
2356 , 84.75
2357 , 85.2278
2358 , 84.6417
2359 , 86.839
2360 , 85.6729
2361 , 85.7722
2362 , 84.9893
2363 , 84.5273
2364 , 84.5233
2365 , 84.2513
2366 , 84.7625
2367 , 85.8478
2368 , 84.5245
2369 , 85.1214
2370 , 58.536
2371 , 58.9392
2372 , 58.4798
2373 , 58.2577
2374 , 56.2697
2375 , 57.4098
2376 , 56.0964
2377 , 57.0725
2378 , 57.629
2379 , 57.4805
2380 , 57.1695
2381 , 56.6192
2382 , 56.6341
2383 , 58.4358
2384 , 58.2957
2385 , 56.5926
2386 , 58.2661
2387 , 57.7717
2388 , 56.9037
2389 , 56.4676
2390 , 56.628
2391 , 57.5403
2392 , 57.0404
2393 , 58.2061
2394 , 56.2661
2395 , 56.2154
2396 , 58.9116
2397 , 56.2348
2398 , 58.8412
2399 , 56.7562
2400 , 58.0768
2401 , 56.1816
2402 , 56.4096
2403 , 56.6736
2404 , 56.9772
2405 , 57.9309
2406 , 57.0158
2407 , 56.4088
2408 , 58.7968
2409 , 56.3687
2410 , 28.258
411 , 282.444
2412 , 29.1821
2413 , 29.6686
2414 , 29.4981
2415 , 28.4571
2416 , 29.6781
2417 , 29.411
2418 , 29.4883
2419 , 28.2561
2420 , 29.0469
2421 , 28.1328
2422 , 30.5702
2423 , 28.1
2424 , 28.9128
2425 , 28.5891
2426 , 30.5934
2427 , 30.392
2428 , 30.0076
2429 , 29.5426
2430 , 29.8883
2431 , 30.3262
2432 , 30.6531
2433 , 30.7186
2434 , 30.5666
2435 , 29.4891
2436 , 29.5613
2437 , 28.0932
2438 , 29.0611
2439 , 28.9486
2440 , 29.3048
2441 , 30.8911
2442 , 29.1732
2443 , 28.2551
2444 , 28.9518
2445 , 28.3293
2446 , 28.2417
2447 , 30.3447
2448 , 28.4248
2449 , 28.6852
2450 , 1.26165
2451 , 2.16234
2452 , 0.826844
2453 , 0.422658
2454 , 0.168354
2455 , 2.02536
2456 , 0.846742
2457 , 1.45707
2458 , 0.131722
2459 , 2.45564
2460 , 0.511197
2461 , 0.664777
2462 , 2.84245
2463 , 1.28395
2464 , 2.97063
2465 , 2.99742
2466 , 2.22944
2467 , 0.402655
2468 , 1.91839
2469 , 0.526901
2470 , 2.59759
2471 , 2.53715
2472 , 2.11445
2473 , 2.83951
2474 , 1.56545
2475 , 2.80258
2476 , 2.6
2477 , 0.114859
2478 , 0.95982
2479 , 2.7123
2480 , 2.20043
2481 , 0.176281
2482 , 0.688496
2483 , 2.02332
2484 , 2.94708
2485 , 0.854565
2486 , 0.545916
2487 , 2.24905
2488 , 2.79778
2489 , 2.00311
2490 , 0.78158
2491 , 2.21316
2492 , 0.0965152
2493 , 2.44649
2494 , 2.772
2495 , 2.58086
2496 , 1.34663
2497 , 1.35023
2498 , 2.87091
2499 , 2.74871
2500 , 0.868954
2501 , 1.81066
2502 , 1.53758
2503 , 0.758152
2504 , 0.346738
2505 , 2.40095
2506 , 2.69095
2507 , 2.5782
2508 , 0.684391
2509 , 1.88614
2510 , 2.84284
2511 , 1.60232
2512 , 0.861983
2513 , 2.83978
2514 , 2.27123
2515 , 2.40811
2516 , 2.28885
2517 , 1.17364
2518 , 1.07269
2519 , 1.08538
2520 , 2.01551
2521 , 1.10736
2522 , 0.0639907
2523 , 0.912531
2524 , 2.51259
2525 , 2.94518
2526 , 0.854951
2527 , 0.341065
2528 , 1.07753
2529 , 2.88881
2530 , 0.875126
2531 , 2.80144
2532 , 1.6557
2533 , 0.882325
2534 , 0.56415
2535 , 0.375001
2536 , 2.25978
2537 , 1.64591
2538 , 2.67128
2539 , 2.80283
2540 , 2.33575
2541 , 2.85273
2542 , 1.05183
2543 , 1.18904
2544 , 0.549733
2545 , 0.968999
2546 , 1.50389
2547 , 0.344007
2548 , 0.585331
2549 , 1.00381
2550 , 1.67262
2551 , 0.302996
2552 , 1.4177
2553 , 1.01051
2554 , 1.53661
2555 , 0.854737
2556 , 0.647154
2557 , 0.337582
2558 , 1.29729
2559 , 1.86846
2560 , 2.04402
2561 , 1.74375
2562 , 1.76263
2563 , 1.6621
2564 , 2.66358
2565 , 1.57286
2566 , 0.703173
2567 , 1.49871
2568 , 1.69655
2569 , 1.85572
2570 , 0.181766
2571 , 2.65236
2572 , 2.46976
2573 , 0.646011
2574 , 2.26647
2575 , 2.46212
2576 , 1.6162
2577 , 1.51227
2578 , 1.62108
2579 , 0.465484
2580 , 1.06766
581 , 280.77
2582 , 1.00833
2583 , 2.45952
2584 , 1.73529
2585 , 0.571218
2586 , 0.0704718
2587 , 0.0514496
2588 , 0.649159
2589 , 0.704912
2590 , 0.602965
2591 , 2.88409
2592 , 0.112696
2593 , 0.557636
2594 , 1.63541
2595 , 0.92197
2596 , 2.23959
2597 , 0.0296707
2598 , 1.41017
2599 , 2.80544
2600 , 1.79898
2601 , 1.02065
2602 , 1.54018
2603 , 1.45932
2604 , 0.551065
2605 , 2.2666
2606 , 2.37256
2607 , 0.0202367
2608 , 1.48171
2609 , 1.39417
2610 , 2.98015
611 , 280.874
2612 , 2.90936
2613 , 1.59361
2614 , 2.97775
2615 , 1.0994
2616 , 2.53517
2617 , 0.783035
2618 , 1.99872
2619 , 2.25276
2620 , 1.92551
2621 , 1.4493
2622 , 1.66027
2623 , 1.82091
2624 , 2.80221
2625 , 0.97793
2626 , 2.93381
2627 , 0.649801
2628 , 0.812548
2629 , 2.0675
2630 , 0.316141
2631 , 2.0437
2632 , 2.63312
2633 , 2.11851
2634 , 0.44717
2635 , 0.299254
2636 , 0.142412
2637 , 1.84157
2638 , 1.98735
2639 , 0.383371
2640 , 0.65463
2641 , 0.936472
2642 , 0.308433
2643 , 1.91646
2644 , 0.944071
2645 , 2.52331
2646 , 0.185373
2647 , 2.89704
2648 , 1.69494
2649 , 1.42779
2650 , 0.296169
2651 , 0.698164
2652 , 2.74363
2653 , 0.299955
2654 , 0.195314
2655 , 0.344599
2656 , 0.173746
2657 , 0.161025
2658 , 0.698923
2659 , 2.53812
2660 , 2.34642
2661 , 1.74046
2662 , 2.88662
2663 , 1.95667
2664 , 1.47121
2665 , 2.11838
2666 , 2.21167
2667 , 1.29369
2668 , 2.94231
2669 , 1.20689
2670 , 0.799748
2671 , 0.502707
2672 , 1.14933
2673 , 2.62874
2674 , 1.65213
2675 , 0.962252
2676 , 1.42845
2677 , 1.6889
2678 , 1.0099
2679 , 2.69524
2680 , 0.552159
2681 , 2.33262
2682 , 1.38463
2683 , 1.92529
2684 , 2.09299
2685 , 0.345573
2686 , 0.215991
2687 , 2.5663
2688 , 2.9116
2689 , 2.98703
2690 , 2.9226
2691 , 0.9633
2692 , 2.09646
2693 , 1.65341
2694 , 1.28872
2695 , 0.605019
2696 , 0.703285
2697 , 1.39479
2698 , 0.163071
2699 , 2.77253
2700 , 1.00259
2701 , 2.7213
2702 , 2.31636
2703 , 2.79823
2704 , 0.0882245
2705 , 0.185515
2706 , 0.559596
2707 , 1.2668
2708 , 0.661328
2709 , 1.95344
2710 , 1.66847
2711 , 0.26261
2712 , 0.0806853
2713 , 2.59575
2714 , 2.00382
2715 , 1.22369
2716 , 2.11606
2717 , 0.593393
2718 , 2.156
2719 , 1.87163
2720 , 2.07433
2721 , 1.4548
2722 , 0.529126
2723 , 0.815955
2724 , 2.86724
2725 , 0.678295
2726 , 0.211413
2727 , 2.62969
2728 , 2.05607
2729 , 1.55688
2730 , 2.3048
2731 , 2.93757
2732 , 0.172798
2733 , 2.60781
2734 , 2.02345
2735 , 1.52015
2736 , 0.0578103
2737 , 0.116285
2738 , 1.73252
2739 , 1.9281
2740 , 1.65438
2741 , 0.0339662
2742 , 0.569232
2743 , 2.92483
2744 , 2.46242
2745 , 0.109939
2746 , 2.54987
2747 , 0.0444634
2748 , 2.90454
2749 , 2.95335
2750 , 2.07161
2751 , 2.37749
2752 , 2.3388
2753 , 0.779593
2754 , 2.66588
2755 , 1.12569
2756 , 2.36189
2757 , 2.18694
2758 , 1.68093
2759 , 2.972
2760 , 2.19256
2761 , 1.42497
2762 , 2.12604
2763 , 2.4763
2764 , 2.95696
2765 , 1.84242
2766 , 1.15139
2767 , 1.43166
2768 , 0.329105
2769 , 0.829333
2770 , 1.17029
771 , 282.994
2772 , 1.38852
2773 , 2.43063
2774 , 2.29974
2775 , 1.25923
2776 , 0.293294
2777 , 2.64034
2778 , 0.557722
2779 , 0.607407
2780 , 2.97965
2781 , 1.62111
2782 , 0.178557
2783 , 1.6323
2784 , 1.84936
2785 , 2.43951
2786 , 0.63632
2787 , 1.48247
2788 , 0.628127
2789 , 1.77909
2790 , 0.25735
2791 , 1.94782
2792 , 0.601303
2793 , 0.461458
2794 , 0.410636
2795 , 0.857543
2796 , 0.293462
2797 , 2.74926
2798 , 1.69785
2799 , 0.204141
2800 , 2.12075
2801 , 2.38029
2802 , 0.0902798
2803 , 1.18765
2804 , 1.10327
2805 , 0.637604
2806 , 1.13921
2807 , 1.97274
2808 , 1.66796
2809 , 2.42238
2810 , 1.61487
2811 , 0.647672
2812 , 0.841092
2813 , 1.36917
2814 , 0.40695
2815 , 1.08942
2816 , 2.50222
2817 , 1.93667
2818 , 0.7908
2819 , 2.24291
2820 , 0.670785
2821 , 2.59375
2822 , 0.174934
2823 , 0.812229
2824 , 2.43946
2825 , 0.657678
2826 , 0.0756936
2827 , 1.90866
2828 , 2.17997
2829 , 2.13677
2830 , 2.47602
2831 , 0.89578
2832 , 1.40734
2833 , 1.98611
2834 , 2.49298
2835 , 0.973854
2836 , 0.0404128
2837 , 2.56842
2838 , 2.53049
2839 , 2.72592
2840 , 0.487001
2841 , 1.3094
2842 , 0.0175791
2843 , 1.68734
2844 , 1.90354
2845 , 1.69283
2846 , 2.09001
2847 , 2.09914
2848 , 0.605799
2849 , 2.70325
2850 , 0.11815
851 , 282.909
2852 , 1.27266
2853 , 1.81879
2854 , 2.30612
2855 , 2.87844
2856 , 1.14634
2857 , 2.92296
2858 , 1.7331
2859 , 1.54718
2860 , 0.386935
2861 , 2.08347
2862 , 2.31476
2863 , 1.25599
2864 , 1.9153
2865 , 1.32285
2866 , 0.688253
2867 , 0.135361
2868 , 1.09119
2869 , 2.58689
2870 , 2.60517
2871 , 0.589729
2872 , 0.980546
2873 , 1.90744
2874 , 2.53317
2875 , 0.331268
2876 , 1.9939
2877 , 0.944733
2878 , 2.47771
2879 , 0.247641
2880 , 0.0580502
2881 , 2.45375
2882 , 2.65933
2883 , 0.178876
2884 , 2.16146
2885 , 0.377006
2886 , 1.89125
2887 , 0.65196
2888 , 1.92223
2889 , 1.86177
2890 , 1.05288
2891 , 2.33168
2892 , 0.252133
2893 , 2.05692
2894 , 1.59873
2895 , 2.93122
2896 , 1.23419
2897 , 1.55546
2898 , 1.99582
2899 , 1.02552
2900 , 0.248731
2901 , 0.499008
2902 , 1.35247
2903 , 2.47774
2904 , 2.56179
2905 , 0.321251
2906 , 1.93859
2907 , 2.56085
2908 , 1.69086
2909 , 0.255063
2910 , 2.36902
2911 , 2.4068
2912 , 2.85902
2913 , 0.0185716
2914 , 0.274356
2915 , 0.747981
2916 , 0.186475
2917 , 2.05584
2918 , 0.177764
2919 , 2.36387
2920 , 2.64574
2921 , 1.89044
2922 , 2.73896
2923 , 2.95101
2924 , 1.28449
2925 , 0.0617539
2926 , 1.51588
2927 , 0.20985
2928 , 2.52784
2929 , 0.364788
2930 , 1.17181
2931 , 2.45289
2932 , 0.898979
2933 , 0.119679
2934 , 2.75462
2935 , 1.2512
2936 , 0.0149085
2937 , 2.12991
2938 , 1.87258
2939 , 2.45945
2940 , 0.083341
941 , 282.069
2942 , 0.224349
2943 , 1.94349
2944 , 0.54537
2945 , 2.58697
2946 , 0.614804
2947 , 0.781035
2948 , 1.31161
2949 , 2.21214
2950 , 0.533695
2951 , 0.915383
2952 , 2.67903
2953 , 2.47261
2954 , 2.0728
2955 , 1.58123
2956 , 1.58746
2957 , 2.58529
2958 , 0.811955
2959 , 2.86744
2960 , 0.891943
2961 , 0.547969
2962 , 1.80784
2963 , 1.96587
2964 , 1.71354
2965 , 1.23383
2966 , 0.388307
2967 , 0.210775
2968 , 0.364503
2969 , 2.59175
2970 , 1.56028
2971 , 2.644
2972 , 2.70547
2973 , 0.399634
2974 , 1.28
2975 , 1.00121
2976 , 2.74487
2977 , 1.09413
2978 , 0.236102
2979 , 2.43266
2980 , 1.73826
2981 , 1.44562
2982 , 0.306872
2983 , 2.95466
2984 , 2.2335
2985 , 2.88909
2986 , 0.443154
2987 , 1.35016
2988 , 0.401773
2989 , 0.338212
2990 , 0.318867
2991 , 2.31296
2992 , 0.968966
2993 , 2.3426
2994 , 1.2913
2995 , 0.4029
2996 , 2.64994
2997 , 1.79037
2998 , 0.80996
2999 , 2.42617
3000 , 0.0594904
3001 , 1.95261
3002 , 0.127998
3003 , 0.863829
3004 , 0.170637
3005 , 2.83121
3006 , 0.812942
3007 , 0.430571
3008 , 2.81109
3009 , 2.43391
3010 , 2.48674
3011 , 0.894067
3012 , 2.79401
3013 , 2.5816
3014 , 0.922939
3015 , 0.965244
3016 , 2.05043
3017 , 0.915908
3018 , 2.74554
3019 , 2.65513
3020 , 0.875434
3021 , 0.468315
3022 , 0.992945
3023 , 2.4062
3024 , 2.61602
3025 , 1.62206
3026 , 1.4462
3027 , 2.58599
3028 , 0.911605
3029 , 2.70687
3030 , 1.64497
3031 , 2.98319
3032 , 0.802746
3033 , 2.62741
3034 , 2.84778
3035 , 0.743264
3036 , 2.93536
3037 , 1.0749
3038 , 0.440692
3039 , 1.65351
3040 , 2.98824
3041 , 0.791545
3042 , 2.54563
3043 , 2.38558
3044 , 2.24955
3045 , 2.74408
3046 , 1.92012
3047 , 0.899119
3048 , 2.6136
3049 , 0.138213
3050 , 1.43952
3051 , 0.923149
3052 , 0.952802
3053 , 0.386966
3054 , 0.0168818
3055 , 2.72984
3056 , 1.24508
3057 , 1.44135
3058 , 2.74842
3059 , 1.35981
3060 , 1.93417
3061 , 1.16162
3062 , 2.89581
3063 , 1.71701
3064 , 0.484148
3065 , 0.396351
3066 , 1.2495
3067 , 2.88707
3068 , 1.25353
3069 , 1.24621
3070 , 0.545965
3071 , 0.29357
3072 , 0.643092
3073 , 0.64162
3074 , 2.60747
3075 , 2.2626
3076 , 2.76312
3077 , 1.99781
3078 , 2.27484
3079 , 0.426536
3080 , 0.362226
81 , 280.531
3082 , 1.5577
3083 , 1.40339
3084 , 1.01271
3085 , 0.430077
3086 , 0.941781
3087 , 1.26336
3088 , 0.250123
3089 , 0.508509
3090 , 2.53638
3091 , 1.53864
3092 , 1.27318
3093 , 1.47047
3094 , 1.37194
3095 , 0.416924
3096 , 0.409721
3097 , 2.87637
3098 , 1.0882
3099 , 1.42063
3100 , 0.442852
3101 , 2.75408
3102 , 2.80181
3103 , 2.79452
3104 , 2.81981
3105 , 0.117334
3106 , 0.910035
3107 , 1.38593
3108 , 0.726366
3109 , 1.28051
3110 , 0.399919
3111 , 2.61073
3112 , 0.376304
3113 , 0.361754
3114 , 0.972144
3115 , 2.18075
3116 , 0.52998
3117 , 1.92615
3118 , 0.0291169
3119 , 0.366646
3120 , 0.739535
3121 , 2.656
3122 , 1.10526
3123 , 0.525648
3124 , 0.260448
3125 , 0.448046
3126 , 1.57341
3127 , 2.78035
3128 , 1.68794
3129 , 1.42014
3130 , 1.25072
3131 , 0.348754
3132 , 2.14364
3133 , 0.972264
3134 , 1.85164
3135 , 0.871294
3136 , 0.796731
3137 , 1.16279
3138 , 1.05947
3139 , 0.238659
3140 , 1.39064
3141 , 1.39766
3142 , 1.64753
3143 , 1.44285
3144 , 0.302129
3145 , 1.20665
3146 , 1.0365
3147 , 2.13021
3148 , 0.957002
3149 , 1.68567
3150 , 0.829488
3151 , 2.62811
3152 , 1.49484
3153 , 0.889836
3154 , 1.10772
3155 , 1.36313
3156 , 2.69507
3157 , 1.43826
3158 , 2.78589
3159 , 1.33324
3160 , 0.301104
3161 , 0.260856
3162 , 1.00263
3163 , 2.40917
3164 , 1.60873
3165 , 0.204519
3166 , 0.69254
3167 , 2.89819
3168 , 0.0282267
3169 , 0.499378
3170 , 2.94331
171 , 282.409
3172 , 2.99744
3173 , 2.90953
3174 , 1.97847
3175 , 2.42854
3176 , 1.83134
3177 , 0.774873
3178 , 0.274206
3179 , 2.17655
3180 , 1.72847
3181 , 1.78728
3182 , 0.828282
3183 , 2.84334
3184 , 2.93648
3185 , 0.467421
3186 , 2.51607
3187 , 2.7454
3188 , 0.314949
3189 , 1.18506
3190 , 2.75278
3191 , 0.519228
3192 , 1.90659
3193 , 2.18098
3194 , 0.485805
3195 , 1.05164
3196 , 1.25808
3197 , 1.51093
3198 , 0.330029
3199 , 0.979952
3200 , 2.16673
3201 , 1.5486
3202 , 1.79777
3203 , 0.940615
3204 , 2.49915
3205 , 2.61548
3206 , 1.16361
3207 , 1.68022
3208 , 1.99256
3209 , 2.47366
3210 , 1.84596
3211 , 2.35556
3212 , 0.175964
3213 , 0.705557
3214 , 0.274466
3215 , 1.87509
3216 , 2.25691
3217 , 0.765237
3218 , 0.171413
3219 , 2.1163
3220 , 1.87553
3221 , 2.03236
3222 , 2.95323
3223 , 0.236164
3224 , 1.53155
3225 , 1.25568
3226 , 1.39224
3227 , 2.7503
3228 , 1.07244
3229 , 0.194424
3230 , 0.0852327
3231 , 0.417779
3232 , 2.10943
3233 , 1.85685
3234 , 0.944212
3235 , 0.970267
3236 , 2.74619
3237 , 2.5275
3238 , 0.154053
3239 , 1.80938
3240 , 1.90707
3241 , 1.28254
3242 , 0.645871
3243 , 0.436482
3244 , 1.30912
3245 , 2.33495
3246 , 1.30375
3247 , 0.408381
3248 , 2.45743
3249 , 0.314355
3250 , 0.378898
251 , 281.562
3252 , 0.148789
3253 , 2.31097
3254 , 2.16617
3255 , 2.34943
3256 , 1.50012
3257 , 1.3587
3258 , 2.49083
3259 , 2.76643
3260 , 0.677273
3261 , 1.36029
3262 , 2.18197
3263 , 1.01589
3264 , 0.59379
3265 , 1.32269
3266 , 0.729766
3267 , 0.0300114
3268 , 0.711873
3269 , 2.1436
3270 , 0.446298
3271 , 2.58369
3272 , 1.30169
3273 , 1.06516
3274 , 1.14338
3275 , 0.592217
3276 , 1.90237
3277 , 1.07632
3278 , 1.92125
3279 , 2.74042
3280 , 1.60641
3281 , 2.14926
3282 , 2.81577
3283 , 1.26082
3284 , 2.58101
3285 , 1.77607
3286 , 1.10764
3287 , 2.13208
3288 , 1.64442
3289 , 2.24673
3290 , 1.67592
3291 , 2.59299
3292 , 0.767637
3293 , 2.51092
3294 , 1.57226
3295 , 0.098823
3296 , 1.11923
3297 , 0.713087
3298 , 0.25173
3299 , 0.508936
3300 , 0.969935
3301 , 1.00012
3302 , 0.725045
3303 , 2.86443
3304 , 2.26796
3305 , 0.821818
3306 , 0.579665
3307 , 0.988799
3308 , 1.03785
3309 , 1.9759
3310 , 1.64902
3311 , 0.644327
3312 , 0.864202
3313 , 2.03551
3314 , 1.14371
3315 , 2.92362
3316 , 1.21675
3317 , 0.1334
3318 , 2.68182
3319 , 1.5733
3320 , 0.454899
3321 , 2.85604
3322 , 0.489004
3323 , 2.79368
3324 , 1.43108
3325 , 1.47792
3326 , 0.709713
3327 , 0.673121
3328 , 1.26024
3329 , 1.3153
3330 , 0.309643
331 , 282.743
3332 , 0.157633
3333 , 0.73303
3334 , 1.46751
3335 , 1.48959
3336 , 1.32696
3337 , 0.023406
3338 , 2.64729
3339 , 1.45604
3340 , 0.950629
3341 , 1.33604
3342 , 1.94695
3343 , 2.68484
3344 , 1.82753
3345 , 1.54688
3346 , 1.67005
3347 , 1.33982
3348 , 1.49148
3349 , 1.06756
3350 , 0.260266
3351 , 2.34272
3352 , 1.9109
3353 , 2.24826
3354 , 0.271518
3355 , 2.59277
3356 , 2.1771
3357 , 0.934677
3358 , 2.99172
3359 , 0.710044
3360 , 1.20082
3361 , 2.32989
3362 , 1.85075
3363 , 0.0228469
3364 , 2.19024
3365 , 1.09421
3366 , 0.345207
3367 , 0.720433
3368 , 0.365972
3369 , 2.56785
3370 , 1.66404
3371 , 2.35493
3372 , 2.5051
3373 , 1.18321
3374 , 2.32831
3375 , 1.00651
3376 , 0.22597
3377 , 1.23066
3378 , 1.88654
3379 , 2.84723
3380 , 0.986476
3381 , 1.59157
3382 , 1.61417
3383 , 1.88099
3384 , 0.841983
3385 , 0.920229
3386 , 1.61278
3387 , 2.83384
3388 , 0.490367
3389 , 1.031
3390 , 2.52806
3391 , 1.85181
3392 , 2.73194
3393 , 1.4781
3394 , 1.64796
3395 , 2.1988
3396 , 2.32496
3397 , 1.79928
3398 , 1.04064
3399 , 1.93457
3400 , 0.676561
3401 , 1.78071
3402 , 0.722611
3403 , 0.624527
3404 , 2.41179
3405 , 1.46762
3406 , 0.975588
3407 , 0.598473
3408 , 1.67472
3409 , 1.60032
3410 , 1.24262
411 , 281.593
3412 , 2.93786
3413 , 0.164073
3414 , 2.44671
3415 , 0.64364
3416 , 0.47662
3417 , 2.24957
3418 , 0.33459
3419 , 0.0758899
3420 , 0.858456
3421 , 1.38166
3422 , 0.378361
3423 , 0.933435
3424 , 0.698001
3425 , 2.20911
3426 , 1.83198
3427 , 2.2555
3428 , 2.76903
3429 , 1.377
3430 , 2.86904
3431 , 1.30496
3432 , 0.296692
3433 , 2.8995
3434 , 2.06246
3435 , 0.760056
3436 , 1.73007
3437 , 0.986318
3438 , 0.738988
3439 , 2.30807
3440 , 1.03621
3441 , 2.65595
3442 , 1.65451
3443 , 0.677685
3444 , 0.122624
3445 , 2.52682
3446 , 1.46825
3447 , 0.860937
3448 , 2.51389
3449 , 2.37747
3450 , 0.681443
3451 , 0.32371
3452 , 2.63698
3453 , 2.83493
3454 , 1.21751
3455 , 2.42414
3456 , 1.63438
3457 , 2.26819
3458 , 1.49359
3459 , 1.308
3460 , 0.137208
3461 , 1.84635
3462 , 0.80669
3463 , 1.46064
3464 , 2.63322
3465 , 0.76727
3466 , 0.941305
3467 , 2.97494
3468 , 2.25912
3469 , 1.74208
3470 , 0.986018
3471 , 0.867878
3472 , 0.990931
3473 , 0.479143
3474 , 1.65327
3475 , 0.457297
3476 , 1.8825
3477 , 1.26432
3478 , 1.40651
3479 , 2.90621
3480 , 1.87836
3481 , 0.803227
3482 , 0.417742
3483 , 2.30523
3484 , 2.99995
3485 , 0.878532
3486 , 1.46805
3487 , 1.74932
3488 , 1.01982
3489 , 0.110447
3490 , 0.179014
3491 , 1.52212
3492 , 2.50582
3493 , 1.04199
3494 , 0.0153907
3495 , 1.44402
3496 , 0.555572
3497 , 1.62338
3498 , 2.20535
3499 , 2.95634
3500 , 2.42005
3501 , 2.99602
3502 , 2.46447
3503 , 1.2925
3504 , 1.58262
3505 , 1.5238
3506 , 2.68137
3507 , 1.88476
3508 , 2.16272
3509 , 1.86547
3510 , 1.04503
3511 , 1.53777
3512 , 1.12952
3513 , 2.01147
3514 , 2.87109
3515 , 0.340699
3516 , 0.506995
3517 , 1.14239
3518 , 0.61105
3519 , 0.859967
3520 , 1.32929
3521 , 1.58033
3522 , 0.696441
3523 , 0.481161
3524 , 2.79973
3525 , 1.10099
3526 , 2.99153
3527 , 0.935329
3528 , 1.375
3529 , 0.507057
3530 , 2.0284
3531 , 2.79915
3532 , 0.995191
3533 , 1.12228
3534 , 0.170834
3535 , 0.673966
3536 , 2.52603
3537 , 1.75536
3538 , 2.36961
3539 , 0.872573
3540 , 0.61228
3541 , 0.393747
3542 , 1.99034
3543 , 2.96857
3544 , 0.278652
3545 , 2.06462
3546 , 2.33465
3547 , 1.5812
3548 , 0.417104
3549 , 0.0763798
3550 , 2.47646
3551 , 0.160525
3552 , 0.786784
3553 , 1.91204
3554 , 2.85815
3555 , 0.824554
3556 , 2.30517
3557 , 2.33274
3558 , 2.79113
3559 , 0.287872
3560 , 0.742365
3561 , 1.64483
3562 , 2.51816
3563 , 1.6574
3564 , 2.67389
3565 , 1.04439
3566 , 2.00861
3567 , 1.90179
3568 , 1.90906
3569 , 2.10436
3570 , 0.183136
3571 , 0.823176
3572 , 2.39679
3573 , 2.84957
3574 , 0.0522994
3575 , 0.445842
3576 , 0.820749
3577 , 1.72125
3578 , 1.95878
3579 , 0.231188
3580 , 1.38919
581 , 282.584
3582 , 0.546788
3583 , 2.50025
3584 , 2.75644
3585 , 0.871791
3586 , 2.78669
3587 , 2.47673
3588 , 2.82902
3589 , 1.87529
3590 , 0.399597
3591 , 2.2372
3592 , 2.08362
3593 , 2.73605
3594 , 0.229764
3595 , 0.944442
3596 , 2.90114
3597 , 0.149959
3598 , 1.91673
3599 , 2.97431
3600 , 2.17996
3601 , 1.45149
3602 , 2.12901
3603 , 0.737587
3604 , 1.01729
3605 , 2.7253
3606 , 0.810253
3607 , 1.71463
3608 , 2.88893
3609 , 1.23048
3610 , 0.270467
611 , 281.623
3612 , 1.76655
3613 , 2.02106
3614 , 2.67172
3615 , 2.5575
3616 , 2.84615
3617 , 1.90646
3618 , 0.477064
3619 , 0.210143
3620 , 0.247262
3621 , 2.99564
3622 , 2.11786
3623 , 2.24829
3624 , 2.93519
3625 , 1.997
3626 , 1.31372
3627 , 2.95295
3628 , 0.569832
3629 , 0.774814
3630 , 1.81947
3631 , 0.999134
3632 , 1.02555
3633 , 0.583164
3634 , 0.502605
3635 , 0.221752
3636 , 2.51461
3637 , 2.78363
3638 , 0.609074
3639 , 2.47376
3640 , 2.94349
3641 , 1.1832
3642 , 2.74108
3643 , 1.70326
3644 , 1.26282
3645 , 1.69126
3646 , 0.0183229
3647 , 1.22785
3648 , 2.12718
3649 , 1.44797
3650 , 2.39976
3651 , 1.29307
3652 , 1.9995
3653 , 0.853777
3654 , 2.49612
3655 , 0.57104
3656 , 0.843336
3657 , 1.5296
3658 , 0.945663
3659 , 2.03665
3660 , 2.56634
3661 , 0.61196
3662 , 2.53902
3663 , 2.67913
3664 , 1.67661
3665 , 2.55183
3666 , 1.89069
3667 , 0.170869
3668 , 2.19327
3669 , 0.519599
3670 , 1.81603
3671 , 1.71288
3672 , 0.270555
3673 , 1.758
3674 , 0.208371
3675 , 2.76653
3676 , 0.351241
3677 , 1.55359
3678 , 0.516006
3679 , 0.851603
3680 , 0.366417
3681 , 2.54748
3682 , 2.55972
3683 , 0.0612071
3684 , 2.9359
3685 , 0.459491
3686 , 1.54465
3687 , 1.3945
3688 , 0.578687
3689 , 1.36129
3690 , 2.19102
3691 , 2.60573
3692 , 0.228708
3693 , 1.60066
3694 , 0.0736164
3695 , 1.88046
3696 , 0.623672
3697 , 2.69148
3698 , 1.8048
3699 , 2.90842
3700 , 1.57342
3701 , 2.10845
3702 , 0.164701
3703 , 0.343941
3704 , 2.16192
3705 , 0.691923
3706 , 0.712743
3707 , 2.29144
3708 , 0.523149
3709 , 1.16621
3710 , 1.00981
3711 , 0.304522
3712 , 2.65518
3713 , 2.4039
3714 , 1.70515
3715 , 2.46903
3716 , 0.246368
3717 , 0.26091
3718 , 1.05218
3719 , 0.175079
3720 , 0.0695236
3721 , 1.05232
3722 , 0.809423
3723 , 2.04189
3724 , 2.19225
3725 , 0.442343
3726 , 2.72307
3727 , 0.413496
3728 , 1.79781
3729 , 0.128816
3730 , 2.39205
3731 , 1.14045
3732 , 2.74419
3733 , 1.68348
3734 , 0.920012
3735 , 0.622729
3736 , 2.53323
3737 , 1.1193
3738 , 1.11763
3739 , 2.49399
3740 , 2.75369
3741 , 1.91595
3742 , 0.0457229
3743 , 1.68717
3744 , 1.11879
3745 , 2.15104
3746 , 2.41836
3747 , 2.79872
3748 , 1.94558
3749 , 0.132561
3750 , 0.0249823
3751 , 1.67769
3752 , 0.271851
3753 , 1.56207
3754 , 0.108383
3755 , 1.35653
3756 , 2.0291
3757 , 1.40856
3758 , 1.05275
3759 , 1.25235
3760 , 1.86019
3761 , 1.17067
3762 , 1.68339
3763 , 2.83826
3764 , 0.792471
3765 , 2.4787
3766 , 2.27779
3767 , 0.629754
3768 , 1.72614
3769 , 2.0891
3770 , 2.70816
771 , 281.44
3772 , 2.97189
3773 , 0.154476
3774 , 0.309764
3775 , 0.910724
3776 , 0.986351
3777 , 1.75751
3778 , 2.82412
3779 , 0.11896
3780 , 2.65101
3781 , 0.337242
3782 , 2.61473
3783 , 0.939923
3784 , 0.554965
3785 , 1.59975
3786 , 2.61034
3787 , 0.248256
3788 , 0.361725
3789 , 0.595587
3790 , 1.3565
3791 , 2.9238
3792 , 2.3444
3793 , 1.93806
3794 , 1.00503
3795 , 1.35487
3796 , 1.45149
3797 , 0.0965526
3798 , 2.66305
3799 , 1.41094
3800 , 0.82391
3801 , 0.933513
3802 , 2.70556
3803 , 1.84211
3804 , 2.85088
3805 , 2.0674
3806 , 0.157669
3807 , 1.38674
3808 , 0.0171687
3809 , 0.117752
3810 , 1.76673
3811 , 1.11147
3812 , 0.93701
3813 , 0.530006
3814 , 0.269851
3815 , 2.93011
3816 , 0.34737
3817 , 2.10792
3818 , 2.8029
3819 , 0.106174
3820 , 0.406261
3821 , 0.0477101
3822 , 0.930357
3823 , 0.856661
3824 , 1.45806
3825 , 2.82446
3826 , 2.73541
3827 , 0.265119
3828 , 2.23966
3829 , 1.82266
3830 , 0.665881
3831 , 0.623849
3832 , 1.40276
3833 , 1.30947
3834 , 0.500206
3835 , 0.641747
3836 , 0.516377
3837 , 2.36933
3838 , 0.526602
3839 , 0.624856
3840 , 1.84235
3841 , 2.29074
3842 , 1.41991
3843 , 1.50011
3844 , 1.40165
3845 , 1.17617
3846 , 0.587722
3847 , 1.65432
3848 , 0.613889
3849 , 0.173972
3850 , 1.21523
851 , 280.535
3852 , 1.99118
3853 , 0.0968514
3854 , 2.40546
3855 , 0.899674
3856 , 0.363975
3857 , 0.614673
3858 , 1.01378
3859 , 2.72186
3860 , 0.925342
3861 , 1.20238
3862 , 0.450289
3863 , 2.66954
3864 , 1.30495
3865 , 0.316241
3866 , 2.7538
3867 , 0.524138
3868 , 1.93649
3869 , 2.28111
3870 , 0.18792
3871 , 1.74846
3872 , 1.176
3873 , 2.94413
3874 , 1.94205
3875 , 2.46164
3876 , 1.21364
3877 , 1.46014
3878 , 0.785166
3879 , 2.9381
3880 , 0.264829
3881 , 1.06581
3882 , 1.59898
3883 , 1.62734
3884 , 0.173025
3885 , 1.57244
3886 , 2.32702
3887 , 2.02368
3888 , 2.95689
3889 , 0.67312
3890 , 0.135189
3891 , 1.05332
3892 , 2.62447
3893 , 0.811856
3894 , 1.31291
3895 , 1.69962
3896 , 2.89665
3897 , 1.34263
3898 , 1.92751
3899 , 0.146331
3900 , 1.5396
3901 , 0.613528
3902 , 1.25874
3903 , 0.496251
3904 , 0.817563
3905 , 1.54606
3906 , 0.754843
3907 , 1.21087
3908 , 0.77606
3909 , 1.46384
3910 , 0.521157
3911 , 1.41991
3912 , 0.108069
3913 , 0.929537
3914 , 2.15416
3915 , 2.44045
3916 , 2.04772
3917 , 0.0136372
3918 , 1.05562
3919 , 1.85816
3920 , 1.5218
3921 , 0.00760611
3922 , 0.925763
3923 , 1.99973
3924 , 0.737795
3925 , 1.94452
3926 , 2.36557
3927 , 0.807585
3928 , 1.78805
3929 , 0.278734
3930 , 2.72875
3931 , 0.362552
3932 , 0.801315
3933 , 2.26627
3934 , 0.0376199
3935 , 0.0569103
3936 , 0.977019
3937 , 2.5077
3938 , 0.947339
3939 , 2.82747
3940 , 0.958757
941 , 281.551
3942 , 0.0304352
3943 , 0.565161
3944 , 2.68005
3945 , 1.97571
3946 , 0.917375
3947 , 0.394915
3948 , 0.916952
3949 , 0.891983
3950 , 2.18436
3951 , 0.276266
3952 , 2.78566
3953 , 0.359967
3954 , 1.56382
3955 , 2.05965
3956 , 0.218137
3957 , 2.91401
3958 , 2.03117
3959 , 2.20751
3960 , 0.201913
3961 , 0.30598
3962 , 1.16154
3963 , 0.252916
3964 , 1.96599
3965 , 1.59028
3966 , 0.521128
3967 , 1.60398
3968 , 1.01052
3969 , 1.72282
3970 , 0.027331
3971 , 2.00702
3972 , 1.21485
3973 , 1.68093
3974 , 0.508037
3975 , 1.53163
3976 , 0.401478
3977 , 2.94859
3978 , 1.93441
3979 , 1.87707
3980 , 2.5066
3981 , 0.996054
3982 , 1.97652
3983 , 2.81549
3984 , 0.586327
3985 , 1.9946
3986 , 1.07338
3987 , 1.56084
3988 , 0.0312037
3989 , 0.251343
3990 , 2.05955
3991 , 1.49156
3992 , 2.97311
3993 , 2.24021
3994 , 2.47088
3995 , 1.6327
3996 , 1.29971
3997 , 2.38512
3998 , 1.08776
3999 , 2.56195
4000 , 0.0665502
4001 , 1.56756
4002 , 0.694733
4003 , 2.37086
4004 , 2.98722
4005 , 0.578081
4006 , 1.27818
4007 , 0.546583
4008 , 2.42345
4009 , 1.71291
4010 , 2.31204
4011 , 2.15632
4012 , 2.54219
4013 , 2.21123
4014 , 0.976088
4015 , 2.76131
4016 , 2.6097
4017 , 0.211081
4018 , 0.787676
4019 , 1.7695
4020 , 2.70746
4021 , 1.85988
4022 , 0.625577
4023 , 2.97369
4024 , 1.41599
4025 , 1.75545
4026 , 1.11145
4027 , 1.16185
4028 , 1.02995
4029 , 0.782022
4030 , 0.152674
4031 , 0.644559
4032 , 0.40452
4033 , 0.506978
4034 , 2.40528
4035 , 1.09843
4036 , 2.23251
4037 , 0.590633
4038 , 1.08556
4039 , 2.03046
4040 , 1.28669
4041 , 2.85385
4042 , 2.01628
4043 , 1.01617
4044 , 2.34369
4045 , 1.49815
4046 , 0.407169
4047 , 1.0407
4048 , 0.187254
4049 , 2.86373
4050 , 2.52304
4051 , 1.60389
4052 , 0.517122
4053 , 0.0767887
4054 , 1.48634
4055 , 2.83635
4056 , 1.60641
4057 , 0.0555838
4058 , 1.20355
4059 , 1.91403
4060 , 0.311807
4061 , 0.868258
4062 , 2.31632
4063 , 0.780769
4064 , 1.83038
4065 , 2.63661
4066 , 2.19401
4067 , 1.31184
4068 , 0.461024
4069 , 1.45602
4070 , 0.562855
4071 , 0.588423
4072 , 2.15844
4073 , 0.535215
4074 , 2.35034
4075 , 2.60493
4076 , 2.28782
4077 , 1.53147
4078 , 0.21543
4079 , 1.21853
4080 , 0.0641914
81 , 281.76
4082 , 0.950758
4083 , 2.97814
4084 , 0.342848
4085 , 2.10999
4086 , 2.40517
4087 , 1.71505
4088 , 0.459825
4089 , 2.99245
4090 , 0.677112
4091 , 1.21649
4092 , 0.630475
4093 , 2.9717
4094 , 2.91344
4095 , 1.05665
4096 , 1.68361
4097 , 0.368529
4098 , 1.61809
4099 , 2.80767
4100 , 0.798053
4101 , 2.16792
4102 , 1.03106
4103 , 2.7727
4104 , 2.25314
4105 , 1.88493
4106 , 1.76418
4107 , 2.16309
4108 , 1.74382
4109 , 2.79206
4110 , 0.679546
4111 , 2.77041
4112 , 2.50552
4113 , 2.19019
4114 , 2.93442
4115 , 0.0735624
4116 , 1.1779
4117 , 0.19573
4118 , 1.33455
4119 , 0.441706
4120 , 2.41548
4121 , 1.93293
4122 , 2.0159
4123 , 2.8409
4124 , 0.754861
4125 , 1.36456
4126 , 1.27659
4127 , 2.5157
4128 , 0.635402
4129 , 2.66351
4130 , 1.85629
4131 , 2.6571
4132 , 0.535639
4133 , 1.47759
4134 , 0.21463
4135 , 1.31221
4136 , 1.81429
4137 , 2.19192
4138 , 1.55663
4139 , 0.754362
4140 , 1.61148
4141 , 0.508132
4142 , 1.57198
4143 , 2.60773
4144 , 1.90293
4145 , 1.31653
4146 , 0.676007
4147 , 1.04226
4148 , 1.87303
4149 , 2.68034
4150 , 1.3043
4151 , 0.380754
4152 , 0.806664
4153 , 2.55952
4154 , 1.06128
4155 , 0.665962
4156 , 2.83501
4157 , 1.12455
4158 , 1.96816
4159 , 2.9189
4160 , 2.92813
4161 , 1.95975
4162 , 2.06628
4163 , 0.891842
4164 , 0.754833
4165 , 0.0975653
4166 , 2.88572
4167 , 1.72697
4168 , 1.21786
4169 , 1.54098
4170 , 0.521685
171 , 282.814
4172 , 0.34962
4173 , 1.38952
4174 , 1.62951
4175 , 1.33183
4176 , 0.0549879
4177 , 1.92042
4178 , 0.287302
4179 , 0.250533
4180 , 2.5187
4181 , 0.333472
4182 , 1.34009
4183 , 0.421011
4184 , 1.78289
4185 , 1.96153
4186 , 0.961662
4187 , 2.61581
4188 , 0.383034
4189 , 1.21059
4190 , 1.1085
4191 , 2.5016
4192 , 1.1403
4193 , 0.909017
4194 , 2.32386
4195 , 1.76319
4196 , 1.11375
4197 , 2.64071
4198 , 0.60806
4199 , 0.28249
4200 , 2.56201
4201 , 0.739847
4202 , 1.92417
4203 , 2.28756
4204 , 2.80077
4205 , 0.441118
4206 , 1.52516
4207 , 2.50008
4208 , 0.234252
4209 , 2.19248
4210 , 2.93549
4211 , 1.90392
4212 , 2.74286
4213 , 2.70668
4214 , 1.90046
4215 , 1.15102
4216 , 1.90346
4217 , 2.47419
4218 , 2.99178
4219 , 0.684709
4220 , 1.88942
4221 , 2.4195
4222 , 1.22788
4223 , 1.7097
4224 , 2.17177
4225 , 0.79956
4226 , 2.92826
4227 , 0.702939
4228 , 2.5535
4229 , 0.930468
4230 , 2.46689
4231 , 0.000177297
4232 , 2.80621
4233 , 0.371593
4234 , 1.90809
4235 , 2.00696
4236 , 0.960805
4237 , 1.38535
4238 , 1.22939
4239 , 2.93976
4240 , 1.35045
4241 , 2.5347
4242 , 1.93204
4243 , 2.97732
4244 , 2.84282
4245 , 1.59813
4246 , 1.33316
4247 , 0.911383
4248 , 2.57839
4249 , 1.21538
4250 , 1.11893
251 , 281.065
4252 , 2.23078
4253 , 0.955425
4254 , 2.16472
4255 , 0.360122
4256 , 0.0850778
4257 , 1.57239
4258 , 2.0478
4259 , 1.29594
4260 , 0.510979
4261 , 1.3835
4262 , 1.27431
4263 , 2.62811
4264 , 1.57909
4265 , 2.12709
4266 , 2.53893
4267 , 0.882644
4268 , 1.38194
4269 , 2.7585
4270 , 2.12883
4271 , 2.90479
4272 , 2.76043
4273 , 1.15231
4274 , 0.44258
4275 , 2.06792
4276 , 0.0496533
4277 , 2.06242
4278 , 1.25164
4279 , 1.35613
4280 , 1.25796
4281 , 1.35668
4282 , 1.66585
4283 , 0.317188
4284 , 2.82604
4285 , 2.15562
4286 , 1.43355
4287 , 0.640142
4288 , 2.96611
4289 , 0.0184418
4290 , 0.992194
4291 , 2.54306
4292 , 1.44517
4293 , 1.98767
4294 , 2.39785
4295 , 0.425946
4296 , 2.45549
4297 , 1.56066
4298 , 2.09669
4299 , 1.65419
4300 , 2.57149
4301 , 0.919347
4302 , 0.936647
4303 , 0.696297
4304 , 1.63909
4305 , 0.22736
4306 , 0.0523042
4307 , 1.8174
4308 , 2.37492
4309 , 2.08649
4310 , 0.652562
4311 , 2.09347
4312 , 2.59777
4313 , 0.353322
4314 , 0.54073
4315 , 0.0579763
4316 , 2.87899
4317 , 0.731433
4318 , 1.35787
4319 , 0.876308
4320 , 2.72817
4321 , 0.816146
4322 , 1.44276
4323 , 0.987012
4324 , 2.29524
4325 , 2.461
4326 , 1.01582
4327 , 2.206
4328 , 0.424367
4329 , 0.713339
4330 , 1.05846
331 , 280.686
4332 , 2.97791
4333 , 1.50063
4334 , 0.528154
4335 , 2.43995
4336 , 1.39119
4337 , 0.638727
4338 , 1.84306
4339 , 2.48504
4340 , 1.03122
4341 , 1.33247
4342 , 2.28704
4343 , 1.83684
4344 , 0.0715614
4345 , 1.8275
4346 , 1.63558
4347 , 1.93763
4348 , 0.643132
4349 , 2.57464
4350 , 1.53154
4351 , 2.85357
4352 , 1.62647
4353 , 1.31682
4354 , 1.04068
4355 , 2.67091
4356 , 0.23507
4357 , 0.365077
4358 , 0.670534
4359 , 1.2622
4360 , 0.472987
4361 , 0.637074
4362 , 0.308874
4363 , 0.360799
4364 , 1.70717
4365 , 0.610671
4366 , 2.60792
4367 , 2.80244
4368 , 0.34328
4369 , 2.32687
4370 , 2.63414
4371 , 1.85352
4372 , 0.603269
4373 , 2.1295
4374 , 1.33042
4375 , 2.12892
4376 , 2.15611
4377 , 1.86385
4378 , 0.467691
4379 , 0.363252
4380 , 1.23879
4381 , 2.4274
4382 , 2.70815
4383 , 2.80514
4384 , 2.45003
4385 , 1.59444
4386 , 2.5347
4387 , 1.64333
4388 , 2.74289
4389 , 1.82699
4390 , 1.81557
4391 , 1.9974
4392 , 1.63247
4393 , 2.12884
4394 , 0.565792
4395 , 0.132359
4396 , 1.94531
4397 , 2.90679
4398 , 2.37836
4399 , 2.2886
4400 , 1.70439
4401 , 1.80109
4402 , 1.73763
4403 , 2.30003
4404 , 1.95883
4405 , 1.85035
4406 , 1.07018
4407 , 0.533623
4408 , 1.12325
4409 , 1.29677
4410 , 1.3448
411 , 282.533
4412 , 1.15116
4413 , 1.67436
4414 , 0.800891
4415 , 1.26397
4416 , 2.64659
4417 , 2.1661
4418 , 1.75083
4419 , 0.476364
4420 , 0.463304
4421 , 0.288958
4422 , 2.31305
4423 , 2.97725
4424 , 1.36769
4425 , 1.35467
4426 , 1.76288
4427 , 2.38401
4428 , 2.86236
4429 , 0.0184399
4430 , 0.503803
4431 , 0.803092
4432 , 1.00535
4433 , 1.64041
4434 , 1.86526
4435 , 1.6556
4436 , 2.36031
4437 , 0.902186
4438 , 0.962845
4439 , 2.23123
4440 , 1.45311
4441 , 0.845386
4442 , 1.38108
4443 , 2.27289
4444 , 1.44672
4445 , 2.74273
4446 , 0.311084
4447 , 1.18723
4448 , 0.593164
4449 , 2.24853
4450 , 0.280146
4451 , 2.31984
4452 , 2.20051
4453 , 0.113854
4454 , 1.95066
4455 , 2.4936
4456 , 0.0180729
4457 , 1.10902
4458 , 2.86207
4459 , 0.796495
4460 , 0.464695
4461 , 1.46446
4462 , 2.25912
4463 , 1.66419
4464 , 0.255673
4465 , 0.46337
4466 , 0.412036
4467 , 2.62192
4468 , 0.112255
4469 , 1.28571
4470 , 2.95018
4471 , 1.98902
4472 , 0.399027
4473 , 0.913105
4474 , 2.22318
4475 , 1.75091
4476 , 2.42786
4477 , 0.0210087
4478 , 2.0512
4479 , 2.03997
4480 , 0.711145
4481 , 2.75069
4482 , 2.21548
4483 , 1.8042
4484 , 0.147004
4485 , 2.193
4486 , 1.75885
4487 , 2.1147
4488 , 0.771987
4489 , 0.156804
4490 , 1.72116
4491 , 2.45517
4492 , 1.50048
4493 , 2.39397
4494 , 2.93979
4495 , 2.60907
4496 , 1.93233
4497 , 0.559932
4498 , 0.554873
4499 , 1.24493
4500 , 1.73032
4501 , 2.85981
4502 , 1.32139
4503 , 2.49156
4504 , 1.94293
4505 , 2.13961
4506 , 2.97872
4507 , 0.426494
4508 , 1.73607
4509 , 0.828652
4510 , 2.47075
4511 , 0.803546
4512 , 0.61282
4513 , 0.183861
4514 , 1.70985
4515 , 0.726495
4516 , 2.56109
4517 , 1.52335
4518 , 1.47676
4519 , 1.99561
4520 , 1.12084
4521 , 1.42854
4522 , 1.13915
4523 , 1.30049
4524 , 2.88227
4525 , 2.55102
4526 , 0.422538
4527 , 0.188674
4528 , 0.274565
4529 , 1.72083
4530 , 1.49353
4531 , 2.58831
4532 , 2.86057
4533 , 1.92538
4534 , 2.67476
4535 , 0.0522942
4536 , 0.160974
4537 , 0.305348
4538 , 1.01696
4539 , 2.61841
4540 , 1.45814
4541 , 0.687343
4542 , 2.61646
4543 , 2.34655
4544 , 0.51275
4545 , 0.123073
4546 , 2.70588
4547 , 1.47747
4548 , 2.1384
4549 , 1.25627
4550 , 1.6267
4551 , 2.82969
4552 , 2.97629
4553 , 0.900002
4554 , 1.39627
4555 , 2.09153
4556 , 0.968297
4557 , 0.447169
4558 , 2.93173
4559 , 1.6999
4560 , 2.84203
4561 , 2.97627
4562 , 2.40372
4563 , 0.978402
4564 , 0.148841
4565 , 2.36581
4566 , 0.827208
4567 , 0.162327
4568 , 1.9427
4569 , 0.628511
4570 , 1.75186
4571 , 0.939734
4572 , 0.940507
4573 , 0.120514
4574 , 1.86652
4575 , 1.15273
4576 , 0.892976
4577 , 2.59447
4578 , 2.48579
4579 , 0.991518
4580 , 1.53697
581 , 280.316
4582 , 1.43707
4583 , 0.159167
4584 , 0.639742
4585 , 2.43838
4586 , 2.72729
4587 , 2.30096
4588 , 2.27586
4589 , 1.50235
4590 , 2.17699
4591 , 0.855186
4592 , 1.352
4593 , 0.401011
4594 , 0.15652
4595 , 0.658741
4596 , 0.723552
4597 , 0.656703
4598 , 0.0113531
4599 , 0.555073
4600 , 0.0811356
4601 , 0.651242
4602 , 0.703296
4603 , 1.51714
4604 , 1.59857
4605 , 1.11646
4606 , 1.58426
4607 , 1.57593
4608 , 2.65477
4609 , 0.495271
4610 , 2.77582
611 , 281.102
4612 , 1.83995
4613 , 0.153546
4614 , 0.909817
4615 , 0.664785
4616 , 0.763185
4617 , 1.6481
4618 , 0.498905
4619 , 1.28305
4620 , 0.547161
4621 , 1.09059
4622 , 2.52827
4623 , 0.146741
4624 , 1.2981
4625 , 1.76614
4626 , 1.00948
4627 , 0.823374
4628 , 1.24387
4629 , 2.52384
4630 , 1.56693
4631 , 0.745494
4632 , 2.4916
4633 , 2.57641
4634 , 0.490691
4635 , 2.09952
4636 , 2.74014
4637 , 2.34297
4638 , 2.16328
4639 , 1.91998
4640 , 0.725706
4641 , 0.675896
4642 , 1.22981
4643 , 1.96777
4644 , 0.143126
4645 , 0.8203
4646 , 0.595061
4647 , 0.440215
4648 , 1.5158
4649 , 2.35806
4650 , 0.881773
4651 , 0.662753
4652 , 0.386205
4653 , 0.759341
4654 , 1.91637
4655 , 1.27017
4656 , 1.32608
4657 , 2.05049
4658 , 1.62537
4659 , 0.565036
4660 , 2.19794
4661 , 2.79495
4662 , 2.62182
4663 , 1.09418
4664 , 0.658062
4665 , 0.832019
4666 , 0.460959
4667 , 0.172225
4668 , 1.02892
4669 , 1.51971
4670 , 1.78927
4671 , 2.13873
4672 , 1.34341
4673 , 1.14245
4674 , 2.63703
4675 , 2.24553
4676 , 2.59421
4677 , 1.65385
4678 , 0.682425
4679 , 1.08315
4680 , 1.41347
4681 , 1.45135
4682 , 0.651328
4683 , 2.40216
4684 , 0.252798
4685 , 2.31121
4686 , 1.51732
4687 , 2.4581
4688 , 0.049295
4689 , 0.435942
4690 , 1.99444
4691 , 0.19526
4692 , 2.56848
4693 , 2.4367
4694 , 1.58428
4695 , 2.07077
4696 , 1.0583
4697 , 0.392932
4698 , 0.680962
4699 , 2.67806
4700 , 2.2126
4701 , 2.30019
4702 , 2.47531
4703 , 1.47391
4704 , 1.08388
4705 , 0.22207
4706 , 1.84204
4707 , 1.51458
4708 , 2.20618
4709 , 1.44028
4710 , 2.10677
4711 , 1.94999
4712 , 2.47272
4713 , 0.802757
4714 , 1.89893
4715 , 0.591621
4716 , 1.80304
4717 , 0.197792
4718 , 1.9079
4719 , 0.749364
4720 , 0.28908
4721 , 1.57221
4722 , 0.485868
4723 , 1.67257
4724 , 2.04321
4725 , 1.9935
4726 , 0.373978
4727 , 2.66468
4728 , 1.07101
4729 , 0.342068
4730 , 2.3992
4731 , 2.66638
4732 , 1.53138
4733 , 1.08365
4734 , 1.57471
4735 , 1.21594
4736 , 0.715907
4737 , 1.26253
4738 , 0.215234
4739 , 0.589816
4740 , 2.34787
4741 , 2.28596
4742 , 0.600074
4743 , 1.82708
4744 , 1.28464
4745 , 0.320539
4746 , 0.130347
4747 , 2.13946
4748 , 1.01846
4749 , 1.37112
4750 , 0.624361
4751 , 2.88871
4752 , 0.190554
4753 , 0.996228
4754 , 2.58366
4755 , 0.063938
4756 , 2.57026
4757 , 1.598
4758 , 1.48112
4759 , 1.95817
4760 , 2.07988
4761 , 0.92293
4762 , 0.113124
4763 , 1.5207
4764 , 0.0474891
4765 , 1.8031
4766 , 1.38443
4767 , 2.76956
4768 , 1.09682
4769 , 1.20476
4770 , 0.145888
771 , 282.726
4772 , 0.0810679
4773 , 2.84123
4774 , 1.90219
4775 , 1.60705
4776 , 0.673481
4777 , 2.0858
4778 , 2.953
4779 , 2.04271
4780 , 0.291703
4781 , 2.46937
4782 , 2.7898
4783 , 1.17624
4784 , 1.85769
4785 , 1.41147
4786 , 0.618217
4787 , 0.701552
4788 , 0.0267816
4789 , 2.64068
4790 , 1.85614
4791 , 2.28365
4792 , 1.23062
4793 , 1.75059
4794 , 1.24875
4795 , 2.96625
4796 , 0.848803
4797 , 1.10165
4798 , 2.27237
4799 , 2.36396
4800 , 1.50047
4801 , 0.505452
4802 , 1.72047
4803 , 2.19872
4804 , 0.0944633
4805 , 0.398794
4806 , 2.13351
4807 , 0.23491
4808 , 1.7734
4809 , 1.52472
4810 , 1.19004
4811 , 1.43407
4812 , 0.945323
4813 , 2.3549
4814 , 2.71527
4815 , 0.56075
4816 , 1.00191
4817 , 1.79015
4818 , 1.77128
4819 , 2.0694
4820 , 1.18659
4821 , 2.86218
4822 , 2.62478
4823 , 2.39024
4824 , 2.46855
4825 , 2.45705
4826 , 2.11438
4827 , 2.31121
4828 , 1.1402
4829 , 1.16394
4830 , 2.39232
4831 , 0.63369
4832 , 2.39927
4833 , 1.87838
4834 , 0.869878
4835 , 1.42834
4836 , 2.08651
4837 , 0.324311
4838 , 2.40636
4839 , 2.63267
4840 , 1.1945
4841 , 2.70898
4842 , 1.86661
4843 , 0.166237
4844 , 1.48692
4845 , 0.566641
4846 , 2.79871
4847 , 0.405596
4848 , 1.74818
4849 , 1.50923
4850 , 2.54081
851 , 280.992
4852 , 2.16113
4853 , 0.556095
4854 , 2.7928
4855 , 2.18517
4856 , 2.33183
4857 , 0.974685
4858 , 0.121829
4859 , 0.318066
4860 , 2.02156
4861 , 1.78141
4862 , 2.00259
4863 , 0.516159
4864 , 0.305517
4865 , 1.6379
4866 , 0.946403
4867 , 2.8497
4868 , 1.93743
4869 , 1.5245
4870 , 1.91181
4871 , 2.75087
4872 , 1.62573
4873 , 2.72257
4874 , 2.6261
4875 , 1.81599
4876 , 0.829394
4877 , 1.40117
4878 , 0.931853
4879 , 2.65418
4880 , 1.54317
4881 , 0.897043
4882 , 2.75229
4883 , 2.93408
4884 , 2.4347
4885 , 2.87248
4886 , 2.77527
4887 , 1.62628
4888 , 2.2119
4889 , 0.777885
4890 , 2.70616
4891 , 1.44964
4892 , 2.53689
4893 , 1.88234
4894 , 0.537816
4895 , 2.13799
4896 , 2.34668
4897 , 1.25025
4898 , 1.32076
4899 , 2.03154
4900 , 2.52589
4901 , 0.101353
4902 , 2.02807
4903 , 1.2034
4904 , 1.01103
4905 , 1.07221
4906 , 0.873203
4907 , 2.7235
4908 , 0.758063
4909 , 1.89316
4910 , 0.469054
4911 , 0.929571
4912 , 0.049361
4913 , 0.520169
4914 , 0.0165326
4915 , 0.870851
4916 , 2.67937
4917 , 0.580624
4918 , 1.16238
4919 , 1.36654
4920 , 1.44744
4921 , 1.58416
4922 , 2.16532
4923 , 1.0045
4924 , 0.0896411
4925 , 1.83088
4926 , 2.61336
4927 , 1.15109
4928 , 2.83923
4929 , 2.1724
4930 , 1.07985
4931 , 0.490055
4932 , 1.13392
4933 , 0.079574
4934 , 0.673669
4935 , 0.800576
4936 , 0.064002
4937 , 0.250224
4938 , 2.45961
4939 , 1.04943
4940 , 0.0758827
941 , 280.802
4942 , 0.582307
4943 , 1.54344
4944 , 1.0496
4945 , 2.91081
4946 , 2.275
4947 , 1.97191
4948 , 0.25106
4949 , 0.846466
4950 , 0.238244
4951 , 1.27056
4952 , 0.402151
4953 , 1.27313
4954 , 2.34224
4955 , 1.79829
4956 , 1.55627
4957 , 1.81647
4958 , 1.56204
4959 , 0.247105
4960 , 2.99122
4961 , 0.232627
4962 , 0.462957
4963 , 0.00774315
4964 , 0.472385
4965 , 2.85142
4966 , 2.7452
4967 , 1.35696
4968 , 0.419995
4969 , 1.64071
4970 , 1.25772
4971 , 1.77943
4972 , 1.65748
4973 , 1.0571
4974 , 2.91926
4975 , 1.7143
4976 , 1.68619
4977 , 1.25491
4978 , 1.72981
4979 , 0.182693
4980 , 2.74325
4981 , 2.2524
4982 , 2.83904
4983 , 0.493971
4984 , 1.76787
4985 , 1.21081
4986 , 2.38801
4987 , 1.51726
4988 , 2.68992
4989 , 0.129002
4990 , 0.758587
4991 , 0.434209
4992 , 1.24794
4993 , 1.57728
4994 , 2.40776
4995 , 2.5797
4996 , 2.84552
4997 , 2.50142
4998 , 1.23013
4999 , 2.89886
5000 , 1.29216
