1 , 23.01
2 , 21.97
3 , 21.87
4 , 21.91
5 , 21.91
6 , 22.19
7 , 18.72
8 , 18.55
9 , 18.52
10 , 18.51
11 , 18.13
12 , 16.68
13 , 16.07
14 , 15.98
15 , 15.96
16 , 16.0
17 , 16.12
18 , 14.94
19 , 14.13
20 , 13.96
21 , 13.94
22 , 13.96
23 , 14.1
24 , 13.07
25 , 12.08
26 , 11.95
27 , 11.94
28 , 11.96
29 , 12.08
30 , 11.06
31 , 10.04
32 , 9.94
33 , 9.92
34 , 10.01
35 , 10.03
36 , 9.44
37 , 8.65
38 , 7.92
39 , 7.91
40 , 7.92
41 , 7.94
42 , 8.01
43 , 7.43
44 , 6.98
45 , 6.33
46 , 6.15
47 , 5.91
48 , 5.95
49 , 5.96
50 , 5.96
51 , 5.54
52 , 5.33
53 , 4.95
54 , 4.55
55 , 4.14
56 , 3.9
57 , 3.89
58 , 3.89
59 , 3.9
60 , 3.93
61 , 3.72
62 , 3.53
63 , 3.11
64 , 2.92
65 , 2.71
66 , 2.72
67 , 2.51
68 , 2.32
69 , 2.09
70 , 1.9
71 , 1.88
72 , 1.89
73 , 1.88
74 , 1.96
75 , 1.9
76 , 1.7
77 , 1.49
78 , 1.5
79 , 1.3
80 , 1.09
81 , 1.09
82 , 1.09
83 , 0.89
84 , 0.89
85 , 0.89
86 , 0.69
87 , 0.69
88 , 0.68
89 , 0.48
90 , 0.48
91 , 0.48
92 , 0.48
93 , 0.48
94 , 0.49
95 , 0.28
96 , 0.27
97 , 0.27
98 , 0.28
99 , 0.28
100 , 0.28
101 , 24.33
102 , 24.23
103 , 24.12
104 , 24.29
105 , 24.15
106 , 24.8
107 , 22.99
108 , 22.66
109 , 22.59
110 , 22.69
111 , 23.5
112 , 23.66
113 , 20.16
114 , 19.61
115 , 19.6
116 , 19.7
117 , 19.66
118 , 20.13
119 , 17.96
120 , 17.14
121 , 17.13
122 , 17.21
123 , 17.14
124 , 17.57
125 , 15.8
126 , 14.67
127 , 14.66
128 , 14.74
129 , 14.73
130 , 15.03
131 , 13.6
132 , 12.21
133 , 12.2
134 , 12.26
135 , 12.19
136 , 12.52
137 , 11.35
138 , 10.28
139 , 9.72
140 , 9.77
141 , 9.73
142 , 9.86
143 , 9.87
144 , 9.1
145 , 8.09
146 , 7.3
147 , 7.26
148 , 7.41
149 , 7.27
150 , 7.36
151 , 6.61
152 , 6.15
153 , 5.34
154 , 4.87
155 , 4.8
156 , 4.79
157 , 4.79
158 , 4.88
159 , 4.61
160 , 4.18
161 , 3.61
162 , 3.12
163 , 2.86
164 , 2.61
165 , 2.32
166 , 2.35
167 , 2.32
168 , 2.33
169 , 2.36
170 , 2.37
171 , 2.11
172 , 1.88
173 , 1.61
174 , 1.6
175 , 1.35
176 , 1.12
177 , 1.11
178 , 1.12
179 , 0.86
180 , 0.86
181 , 0.86
182 , 0.61
183 , 0.61
184 , 0.61
185 , 0.61
186 , 0.36
187 , 0.36
188 , 0.36
189 , 0.36
190 , 0.36
191 , 0.36
192 , 0.1
193 , 0.1
194 , 0.1
195 , 0.1
196 , 0.1
197 , 0.11
198 , 0.11
199 , 0.1
200 , 0.1
201 , 22.09
202 , 22.11
203 , 22.1
204 , 22.05
205 , 21.98
206 , 22.3
207 , 18.96
208 , 18.78
209 , 18.81
210 , 18.69
211 , 18.7
212 , 18.3
213 , 16.81
214 , 16.2
215 , 16.37
216 , 16.14
217 , 16.17
218 , 16.31
219 , 14.78
220 , 14.15
221 , 14.22
222 , 14.08
223 , 14.1
224 , 14.25
225 , 13.2
226 , 12.1
227 , 12.19
228 , 12.05
229 , 12.13
230 , 12.18
231 , 11.36
232 , 10.51
233 , 10.13
234 , 10.04
235 , 10.03
236 , 10.05
237 , 10.12
238 , 9.53
239 , 8.77
240 , 8.0
241 , 8.0
242 , 8.0
243 , 8.01
244 , 8.09
245 , 7.74
246 , 7.03
247 , 6.62
248 , 6.19
249 , 5.98
250 , 6.0
251 , 6.08
252 , 5.96
253 , 6.01
254 , 5.82
255 , 5.4
256 , 5.0
257 , 4.83
258 , 4.58
259 , 4.16
260 , 3.94
261 , 3.93
262 , 3.95
263 , 3.97
264 , 3.96
265 , 3.77
266 , 3.56
267 , 3.35
268 , 3.16
269 , 2.97
270 , 2.74
271 , 2.54
272 , 2.32
273 , 2.13
274 , 2.12
275 , 1.93
276 , 1.9
277 , 1.9
278 , 1.9
279 , 1.92
280 , 1.92
281 , 1.74
282 , 1.71
283 , 1.52
284 , 1.51
285 , 1.3
286 , 1.31
287 , 1.1
288 , 1.1
289 , 1.1
290 , 0.9
291 , 0.89
292 , 0.69
293 , 0.7
294 , 0.69
295 , 0.7
296 , 0.69
297 , 0.48
298 , 0.48
299 , 0.49
300 , 0.48
301 , 21.25
302 , 21.17
303 , 22.37
304 , 21.44
305 , 21.31
306 , 21.38
307 , 20.48
308 , 20.28
309 , 20.04
310 , 20.06
311 , 20.1
312 , 19.63
313 , 18.05
314 , 17.41
315 , 17.32
316 , 17.34
317 , 17.4
318 , 17.45
319 , 16.11
320 , 15.15
321 , 15.13
322 , 15.14
323 , 15.19
324 , 15.25
325 , 14.15
326 , 13.26
327 , 12.96
328 , 12.95
329 , 13.01
330 , 12.97
331 , 13.06
332 , 11.96
333 , 11.02
334 , 10.79
335 , 10.81
336 , 10.78
337 , 10.78
338 , 10.85
339 , 10.2
340 , 9.31
341 , 8.63
342 , 8.6
343 , 8.6
344 , 8.59
345 , 8.72
346 , 8.0
347 , 7.36
348 , 6.88
349 , 6.42
350 , 6.41
351 , 6.42
352 , 6.4
353 , 6.48
354 , 6.02
355 , 5.58
356 , 5.36
357 , 4.92
358 , 4.47
359 , 4.25
360 , 4.23
361 , 4.22
362 , 4.23
363 , 4.26
364 , 4.04
365 , 3.83
366 , 3.38
367 , 3.16
368 , 2.94
369 , 2.73
370 , 2.51
371 , 2.29
372 , 2.27
373 , 2.04
374 , 2.05
375 , 2.04
376 , 2.05
377 , 2.07
378 , 2.07
379 , 1.84
380 , 1.63
381 , 1.62
382 , 1.41
383 , 1.41
384 , 1.18
385 , 1.19
386 , 0.96
387 , 0.96
388 , 0.96
389 , 0.75
390 , 0.75
391 , 0.74
392 , 0.53
393 , 0.52
394 , 0.52
395 , 0.52
396 , 0.53
397 , 0.3
398 , 0.3
399 , 0.3
400 , 0.3
401 , 0.08
402 , 0.07
403 , 0.07
404 , 0.07
405 , 0.07
406 , 0.07
407 , 0.07
408 , 0.07
409 , 0.07
410 , 0.07
411 , 0.07
412 , 0.07
413 , 0.07
414 , 0.07
415 , 0.07
416 , 0.07
417 , 0.07
418 , 0.07
419 , 0.07
420 , 0.07
421 , 0.07
422 , 0.07
423 , 0.07
424 , 0.07
425 , 0.08
426 , 0.07
427 , 0.07
428 , 0.07
429 , 0.07
430 , 0.07
431 , 0.07
432 , 0.07
433 , 0.07
434 , 0.07
435 , 0.07
436 , 0.07
437 , 0.07
438 , 0.07
439 , 0.07
440 , 0.07
441 , 0.07
442 , 0.07
443 , 0.07
444 , 0.07
445 , 0.07
446 , 0.07
447 , 0.07
448 , 0.07
449 , 0.07
450 , 0.07
451 , 0.07
452 , 0.07
453 , 0.07
454 , 0.08
455 , 0.07
456 , 0.07
457 , 0.06
458 , 0.06
459 , 0.07
460 , 0.06
461 , 0.07
462 , 0.07
463 , 0.07
464 , 0.06
465 , 0.06
466 , 0.07
467 , 0.07
468 , 0.06
469 , 0.07
470 , 0.06
471 , 0.06
472 , 0.06
473 , 0.06
474 , 0.07
475 , 0.06
476 , 0.06
477 , 0.07
478 , 0.06
479 , 0.07
480 , 0.06
481 , 0.06
482 , 0.06
483 , 0.06
484 , 0.07
485 , 0.07
486 , 0.06
487 , 0.07
488 , 0.07
489 , 0.07
490 , 0.07
491 , 0.07
492 , 0.06
493 , 0.07
494 , 0.07
495 , 0.06
496 , 0.07
497 , 0.07
498 , 0.07
499 , 0.07
500 , 0.06
501 , 25.85
502 , 25.77
503 , 26.09
504 , 26.08
505 , 24.27
506 , 23.98
507 , 24.13
508 , 24.0
509 , 24.34
510 , 21.21
511 , 21.08
512 , 20.83
513 , 21.01
514 , 20.85
515 , 21.34
516 , 19.1
517 , 18.43
518 , 18.21
519 , 18.38
520 , 18.22
521 , 18.65
522 , 16.76
523 , 15.77
524 , 15.59
525 , 15.64
526 , 15.58
527 , 15.95
528 , 14.44
529 , 13.37
530 , 12.96
531 , 12.95
532 , 13.03
533 , 13.12
534 , 13.1
535 , 12.2
536 , 10.93
537 , 10.46
538 , 10.34
539 , 10.46
540 , 10.33
541 , 10.58
542 , 9.71
543 , 8.59
544 , 7.71
545 , 7.8
546 , 7.7
547 , 7.8
548 , 7.83
549 , 7.07
550 , 6.5
551 , 5.73
552 , 5.09
553 , 5.15
554 , 5.1
555 , 5.19
556 , 5.17
557 , 4.69
558 , 4.36
559 , 3.89
560 , 3.31
561 , 3.04
562 , 2.76
563 , 2.5
564 , 2.48
565 , 2.5
566 , 2.47
567 , 2.54
568 , 2.24
569 , 2.27
570 , 1.98
571 , 1.74
572 , 1.44
573 , 1.46
574 , 1.18
575 , 1.19
576 , 0.92
577 , 0.93
578 , 0.65
579 , 0.66
580 , 0.65
581 , 0.65
582 , 0.39
583 , 0.39
584 , 0.39
585 , 0.38
586 , 0.38
587 , 0.39
588 , 0.12
589 , 0.11
590 , 0.11
591 , 0.11
592 , 0.11
593 , 0.11
594 , 0.12
595 , 0.11
596 , 0.11
597 , 0.11
598 , 0.11
599 , 0.11
600 , 0.11
601 , 0.11
602 , 0.11
603 , 0.12
604 , 0.11
605 , 0.11
606 , 0.11
607 , 0.11
608 , 0.11
609 , 0.11
610 , 0.11
611 , 0.11
612 , 0.11
613 , 0.11
614 , 0.11
615 , 0.11
616 , 0.11
617 , 0.11
618 , 0.11
619 , 0.11
620 , 0.11
621 , 0.11
622 , 0.11
623 , 0.11
624 , 0.11
625 , 0.11
626 , 0.11
627 , 0.11
628 , 0.11
629 , 0.11
630 , 0.11
631 , 0.11
632 , 0.11
633 , 0.11
634 , 0.11
635 , 0.11
636 , 0.11
637 , 0.11
638 , 0.11
639 , 0.11
640 , 0.11
641 , 0.11
642 , 0.11
643 , 0.11
644 , 0.11
645 , 0.11
646 , 0.11
647 , 0.11
648 , 0.11
649 , 0.11
650 , 0.11
651 , 0.11
652 , 0.11
653 , 0.11
654 , 0.11
655 , 0.11
656 , 0.11
657 , 0.11
658 , 0.11
659 , 0.11
660 , 0.11
661 , 0.11
662 , 0.11
663 , 0.11
664 , 0.11
665 , 0.11
666 , 0.11
667 , 0.11
668 , 0.11
669 , 0.11
670 , 0.11
671 , 0.11
672 , 0.11
673 , 0.11
674 , 0.11
675 , 0.11
676 , 0.11
677 , 0.11
678 , 0.11
679 , 0.11
680 , 0.11
681 , 0.11
682 , 0.11
683 , 0.11
684 , 0.11
685 , 0.11
686 , 0.11
687 , 0.11
688 , 0.11
689 , 0.11
690 , 0.11
691 , 0.11
692 , 0.11
693 , 0.11
694 , 0.11
695 , 0.11
696 , 0.11
697 , 0.11
698 , 0.11
699 , 0.11
700 , 0.11
701 , 0.11
702 , 0.11
703 , 0.11
704 , 0.11
705 , 0.11
706 , 0.11
707 , 0.11
708 , 0.11
709 , 0.11
710 , 0.11
711 , 0.11
712 , 0.11
713 , 0.11
714 , 0.11
715 , 0.11
716 , 0.11
717 , 0.11
718 , 0.11
719 , 0.11
720 , 0.11
721 , 0.11
722 , 0.11
723 , 0.11
724 , 0.11
725 , 0.1
726 , 0.11
727 , 0.11
728 , 0.11
729 , 0.11
730 , 0.11
731 , 0.11
732 , 0.11
733 , 0.11
734 , 0.11
735 , 0.11
736 , 0.11
737 , 0.11
738 , 0.11
739 , 0.11
740 , 0.11
741 , 0.11
742 , 0.11
743 , 0.11
744 , 0.11
745 , 0.11
746 , 0.11
747 , 0.11
748 , 0.11
749 , 0.11
750 , 0.11
751 , 0.11
752 , 0.11
753 , 0.11
754 , 0.11
755 , 0.11
756 , 0.11
757 , 0.11
758 , 0.11
759 , 0.11
760 , 0.11
761 , 0.11
762 , 0.11
763 , 0.11
764 , 0.11
765 , 0.11
766 , 0.11
767 , 0.11
768 , 0.11
769 , 0.11
770 , 0.11
771 , 0.11
772 , 0.11
773 , 0.11
774 , 0.11
775 , 0.11
776 , 0.11
777 , 0.11
778 , 0.11
779 , 0.11
780 , 0.11
781 , 0.11
782 , 0.11
783 , 0.11
784 , 0.11
785 , 0.11
786 , 0.11
787 , 0.11
788 , 0.11
789 , 0.11
790 , 0.11
791 , 0.11
792 , 0.11
793 , 0.11
794 , 0.11
795 , 0.11
796 , 0.11
797 , 0.11
798 , 0.11
799 , 0.11
800 , 0.11
801 , 21.31
802 , 21.06
803 , 21.26
804 , 20.31
805 , 19.95
806 , 19.87
807 , 20.11
808 , 19.88
809 , 19.47
810 , 17.7
811 , 17.21
812 , 17.2
813 , 17.4
814 , 17.19
815 , 17.33
816 , 16.05
817 , 15.03
818 , 15.03
819 , 15.19
820 , 15.03
821 , 15.14
822 , 13.82
823 , 13.08
824 , 12.87
825 , 13.01
826 , 12.86
827 , 12.96
828 , 11.88
829 , 10.93
830 , 10.69
831 , 10.77
832 , 10.75
833 , 10.7
834 , 10.8
835 , 9.9
836 , 9.22
837 , 8.63
838 , 8.54
839 , 8.53
840 , 8.54
841 , 8.59
842 , 7.94
843 , 7.37
844 , 6.83
845 , 6.36
846 , 6.39
847 , 6.36
848 , 6.36
849 , 6.48
850 , 5.97
851 , 5.54
852 , 5.11
853 , 4.66
854 , 4.2
855 , 4.25
856 , 4.19
857 , 4.2
858 , 4.23
859 , 4.01
860 , 3.57
861 , 3.44
862 , 3.14
863 , 2.92
864 , 2.7
865 , 2.7
866 , 2.48
867 , 2.28
868 , 2.04
869 , 2.03
870 , 2.05
871 , 2.03
872 , 2.05
873 , 2.07
874 , 1.84
875 , 1.83
876 , 1.62
877 , 1.39
878 , 1.39
879 , 1.19
880 , 1.17
881 , 0.96
882 , 0.96
883 , 0.96
884 , 0.95
885 , 0.75
886 , 0.74
887 , 0.74
888 , 0.75
889 , 0.52
890 , 0.52
891 , 0.52
892 , 0.52
893 , 0.52
894 , 0.31
895 , 0.31
896 , 0.3
897 , 0.3
898 , 0.3
899 , 0.3
900 , 0.31
901 , 0.09
902 , 0.07
903 , 0.07
904 , 0.07
905 , 0.07
906 , 0.07
907 , 0.07
908 , 0.07
909 , 0.07
910 , 0.07
911 , 0.07
912 , 0.07
913 , 0.07
914 , 0.07
915 , 0.07
916 , 0.07
917 , 0.07
918 , 0.07
919 , 0.07
920 , 0.07
921 , 0.07
922 , 0.07
923 , 0.07
924 , 0.07
925 , 0.07
926 , 0.07
927 , 0.07
928 , 0.07
929 , 0.07
930 , 0.07
931 , 0.07
932 , 0.07
933 , 0.07
934 , 0.07
935 , 0.07
936 , 0.07
937 , 0.07
938 , 0.08
939 , 0.07
940 , 0.07
941 , 0.07
942 , 0.07
943 , 0.07
944 , 0.07
945 , 0.07
946 , 0.06
947 , 0.07
948 , 0.07
949 , 0.07
950 , 0.07
951 , 0.06
952 , 0.07
953 , 0.07
954 , 0.06
955 , 0.06
956 , 0.07
957 , 0.06
958 , 0.07
959 , 0.07
960 , 0.07
961 , 0.07
962 , 0.07
963 , 0.07
964 , 0.07
965 , 0.07
966 , 0.07
967 , 0.07
968 , 0.07
969 , 0.07
970 , 0.07
971 , 0.07
972 , 0.07
973 , 0.07
974 , 0.07
975 , 0.06
976 , 0.06
977 , 0.07
978 , 0.06
979 , 0.06
980 , 0.06
981 , 0.07
982 , 0.07
983 , 0.07
984 , 0.07
985 , 0.06
986 , 0.06
987 , 0.06
988 , 0.06
989 , 0.06
990 , 0.06
991 , 0.06
992 , 0.06
993 , 0.07
994 , 0.07
995 , 0.06
996 , 0.07
997 , 0.06
998 , 0.07
999 , 0.07
1000 , 0.07
1001 , 0.07
1002 , 0.07
1003 , 0.07
1004 , 0.06
1005 , 0.07
1006 , 0.06
1007 , 0.06
1008 , 0.07
1009 , 0.06
1010 , 0.06
1011 , 0.06
1012 , 0.06
1013 , 0.06
1014 , 0.07
1015 , 0.07
1016 , 0.06
1017 , 0.06
1018 , 0.06
1019 , 0.06
1020 , 0.06
1021 , 0.06
1022 , 0.06
1023 , 0.07
1024 , 0.07
1025 , 0.06
1026 , 0.06
1027 , 0.07
1028 , 0.07
1029 , 0.06
1030 , 0.06
1031 , 0.07
1032 , 0.06
1033 , 0.07
1034 , 0.06
1035 , 0.06
1036 , 0.06
1037 , 0.06
1038 , 0.07
1039 , 0.07
1040 , 0.07
1041 , 0.07
1042 , 0.07
1043 , 0.07
1044 , 0.07
1045 , 0.06
1046 , 0.06
1047 , 0.07
1048 , 0.07
1049 , 0.07
1050 , 0.06
1051 , 0.06
1052 , 0.07
1053 , 0.07
1054 , 0.06
1055 , 0.07
1056 , 0.07
1057 , 0.07
1058 , 0.07
1059 , 0.07
1060 , 0.06
1061 , 0.06
1062 , 0.06
1063 , 0.07
1064 , 0.07
1065 , 0.07
1066 , 0.06
1067 , 0.07
1068 , 0.07
1069 , 0.07
1070 , 0.07
1071 , 0.07
1072 , 0.07
1073 , 0.07
1074 , 0.07
1075 , 0.06
1076 , 0.07
1077 , 0.06
1078 , 0.06
1079 , 0.07
1080 , 0.06
1081 , 0.06
1082 , 0.07
1083 , 0.06
1084 , 0.06
1085 , 0.06
1086 , 0.07
1087 , 0.06
1088 , 0.06
1089 , 0.07
1090 , 0.07
1091 , 0.07
1092 , 0.06
1093 , 0.07
1094 , 0.07
1095 , 0.06
1096 , 0.06
1097 , 0.06
1098 , 0.07
1099 , 0.06
1100 , 0.06
1101 , 21.93
1102 , 21.82
1103 , 22.05
1104 , 18.91
1105 , 18.57
1106 , 18.57
1107 , 18.68
1108 , 20.66
1109 , 18.63
1110 , 16.75
1111 , 16.03
1112 , 16.02
1113 , 16.05
1114 , 16.01
1115 , 16.15
1116 , 14.92
1117 , 14.0
1118 , 14.01
1119 , 14.12
1120 , 14.0
1121 , 14.11
1122 , 13.12
1123 , 11.99
1124 , 11.99
1125 , 12.02
1126 , 11.98
1127 , 12.08
1128 , 11.31
1129 , 10.18
1130 , 9.96
1131 , 9.99
1132 , 9.96
1133 , 9.96
1134 , 10.08
1135 , 9.22
1136 , 8.66
1137 , 7.97
1138 , 7.94
1139 , 7.95
1140 , 7.97
1141 , 8.0
1142 , 7.4
1143 , 6.81
1144 , 6.36
1145 , 5.93
1146 , 5.95
1147 , 5.92
1148 , 5.93
1149 , 6.0
1150 , 5.6
1151 , 5.16
1152 , 4.77
1153 , 4.34
1154 , 3.91
1155 , 3.92
1156 , 3.91
1157 , 3.91
1158 , 3.95
1159 , 3.73
1160 , 3.54
1161 , 3.34
1162 , 2.92
1163 , 2.72
1164 , 2.53
1165 , 2.32
1166 , 2.31
1167 , 2.11
1168 , 1.89
1169 , 1.89
1170 , 1.89
1171 , 1.89
1172 , 1.9
1173 , 1.92
1174 , 1.7
1175 , 1.5
1176 , 1.51
1177 , 1.29
1178 , 1.29
1179 , 1.1
1180 , 1.09
1181 , 0.89
1182 , 0.89
1183 , 0.89
1184 , 0.69
1185 , 0.69
1186 , 0.69
1187 , 0.48
1188 , 0.49
1189 , 0.48
1190 , 0.48
1191 , 0.48
1192 , 0.48
1193 , 0.28
1194 , 0.28
1195 , 0.28
1196 , 0.28
1197 , 0.28
1198 , 0.28
1199 , 0.29
1200 , 0.28
1201 , 0.28
1202 , 0.07
1203 , 0.07
1204 , 0.07
1205 , 0.07
1206 , 0.07
1207 , 0.07
1208 , 0.07
1209 , 0.07
1210 , 0.07
1211 , 0.07
1212 , 0.07
1213 , 0.07
1214 , 0.07
1215 , 0.07
1216 , 0.07
1217 , 0.07
1218 , 0.07
1219 , 0.07
1220 , 0.07
1221 , 0.07
1222 , 0.07
1223 , 0.07
1224 , 0.07
1225 , 0.07
1226 , 0.07
1227 , 0.07
1228 , 0.07
1229 , 0.07
1230 , 0.07
1231 , 0.07
1232 , 0.08
1233 , 0.07
1234 , 0.07
1235 , 0.07
1236 , 0.07
1237 , 0.07
1238 , 0.07
1239 , 0.07
1240 , 0.07
1241 , 0.07
1242 , 0.07
1243 , 0.07
1244 , 0.07
1245 , 0.07
1246 , 0.07
1247 , 0.06
1248 , 0.07
1249 , 0.07
1250 , 0.07
1251 , 0.07
1252 , 0.07
1253 , 0.07
1254 , 0.07
1255 , 0.07
1256 , 0.07
1257 , 0.07
1258 , 0.07
1259 , 0.07
1260 , 0.07
1261 , 0.07
1262 , 0.07
1263 , 0.07
1264 , 0.07
1265 , 0.07
1266 , 0.07
1267 , 0.07
1268 , 0.07
1269 , 0.07
1270 , 0.07
1271 , 0.07
1272 , 0.13
1273 , 0.07
1274 , 0.07
1275 , 0.07
1276 , 0.07
1277 , 0.07
1278 , 0.07
1279 , 0.07
1280 , 0.07
1281 , 0.07
1282 , 0.07
1283 , 0.07
1284 , 0.07
1285 , 0.07
1286 , 0.07
1287 , 0.07
1288 , 0.07
1289 , 0.07
1290 , 0.07
1291 , 0.07
1292 , 0.07
1293 , 0.07
1294 , 0.07
1295 , 0.07
1296 , 0.07
1297 , 0.07
1298 , 0.07
1299 , 0.07
1300 , 0.07
1301 , 22.01
1302 , 22.36
1303 , 18.97
1304 , 18.73
1305 , 18.77
1306 , 18.74
1307 , 18.7
1308 , 18.36
1309 , 16.82
1310 , 16.15
1311 , 16.28
1312 , 16.14
1313 , 16.14
1314 , 16.34
1315 , 15.0
1316 , 14.1
1317 , 14.15
1318 , 14.11
1319 , 14.09
1320 , 14.28
1321 , 13.19
1322 , 12.08
1323 , 12.11
1324 , 12.08
1325 , 12.13
1326 , 12.24
1327 , 11.16
1328 , 10.25
1329 , 10.08
1330 , 10.03
1331 , 10.04
1332 , 10.07
1333 , 10.13
1334 , 9.32
1335 , 8.48
1336 , 8.01
1337 , 8.0
1338 , 8.04
1339 , 8.0
1340 , 8.08
1341 , 7.48
1342 , 6.84
1343 , 6.19
1344 , 6.0
1345 , 5.98
1346 , 5.97
1347 , 5.99
1348 , 5.99
1349 , 5.68
1350 , 5.22
1351 , 4.79
1352 , 4.38
1353 , 3.95
1354 , 3.93
1355 , 3.93
1356 , 3.95
1357 , 3.97
1358 , 3.77
1359 , 3.58
1360 , 3.15
1361 , 2.95
1362 , 2.75
1363 , 2.54
1364 , 2.34
1365 , 2.12
1366 , 1.91
1367 , 1.9
1368 , 1.91
1369 , 1.9
1370 , 1.93
1371 , 1.92
1372 , 1.72
1373 , 1.51
1374 , 1.51
1375 , 1.31
1376 , 1.31
1377 , 1.1
1378 , 1.11
1379 , 0.89
1380 , 0.89
1381 , 0.89
1382 , 0.69
1383 , 0.69
1384 , 0.69
1385 , 0.48
1386 , 0.49
1387 , 0.49
1388 , 0.48
1389 , 0.49
1390 , 0.28
1391 , 0.28
1392 , 0.28
1393 , 0.28
1394 , 0.28
1395 , 0.28
1396 , 0.28
1397 , 0.28
1398 , 0.07
1399 , 0.07
1400 , 0.07
1401 , 0.07
1402 , 0.07
1403 , 0.07
1404 , 0.07
1405 , 0.07
1406 , 0.07
1407 , 0.07
1408 , 0.07
1409 , 0.07
1410 , 0.07
1411 , 0.07
1412 , 0.07
1413 , 0.07
1414 , 0.07
1415 , 0.07
1416 , 0.07
1417 , 0.07
1418 , 0.07
1419 , 0.07
1420 , 0.07
1421 , 0.07
1422 , 0.07
1423 , 0.07
1424 , 0.07
1425 , 0.06
1426 , 0.07
1427 , 0.07
1428 , 0.07
1429 , 0.06
1430 , 0.06
1431 , 0.07
1432 , 0.07
1433 , 0.06
1434 , 0.07
1435 , 0.07
1436 , 0.07
1437 , 0.07
1438 , 0.06
1439 , 0.06
1440 , 0.06
1441 , 0.07
1442 , 0.06
1443 , 0.06
1444 , 0.06
1445 , 0.06
1446 , 0.06
1447 , 0.06
1448 , 0.06
1449 , 0.06
1450 , 0.06
1451 , 0.06
1452 , 0.06
1453 , 0.06
1454 , 0.06
1455 , 0.07
1456 , 0.07
1457 , 0.06
1458 , 0.06
1459 , 0.06
1460 , 0.06
1461 , 0.06
1462 , 0.06
1463 , 0.06
1464 , 0.06
1465 , 0.06
1466 , 0.06
1467 , 0.06
1468 , 0.06
1469 , 0.06
1470 , 0.06
1471 , 0.06
1472 , 0.06
1473 , 0.06
1474 , 0.06
1475 , 0.06
1476 , 0.06
1477 , 0.06
1478 , 0.06
1479 , 0.06
1480 , 0.06
1481 , 0.06
1482 , 0.06
1483 , 0.06
1484 , 0.06
1485 , 0.06
1486 , 0.06
1487 , 0.06
1488 , 0.06
1489 , 0.06
1490 , 0.06
1491 , 0.06
1492 , 0.06
1493 , 0.06
1494 , 0.06
1495 , 0.06
1496 , 0.06
1497 , 0.07
1498 , 0.06
1499 , 0.06
1500 , 0.06
1501 , 0.07
1502 , 0.07
1503 , 0.07
1504 , 0.07
1505 , 0.07
1506 , 0.07
1507 , 0.07
1508 , 0.07
1509 , 0.07
1510 , 0.07
1511 , 0.07
1512 , 0.07
1513 , 0.07
1514 , 0.07
1515 , 0.07
1516 , 0.07
1517 , 0.07
1518 , 0.07
1519 , 0.07
1520 , 0.07
1521 , 0.07
1522 , 0.07
1523 , 0.07
1524 , 0.07
1525 , 0.07
1526 , 0.07
1527 , 0.07
1528 , 0.07
1529 , 0.07
1530 , 0.07
1531 , 0.07
1532 , 0.07
1533 , 0.07
1534 , 0.07
1535 , 0.07
1536 , 0.07
1537 , 0.07
1538 , 0.07
1539 , 0.07
1540 , 0.07
1541 , 0.07
1542 , 0.07
1543 , 0.07
1544 , 0.07
1545 , 0.07
1546 , 0.07
1547 , 0.07
1548 , 0.07
1549 , 0.07
1550 , 0.07
1551 , 0.07
1552 , 0.07
1553 , 0.07
1554 , 0.07
1555 , 0.07
1556 , 0.07
1557 , 0.07
1558 , 0.07
1559 , 0.07
1560 , 0.07
1561 , 0.07
1562 , 0.07
1563 , 0.07
1564 , 0.07
1565 , 0.07
1566 , 0.07
1567 , 0.07
1568 , 0.07
1569 , 0.07
1570 , 0.07
1571 , 0.07
1572 , 0.07
1573 , 0.07
1574 , 0.07
1575 , 0.07
1576 , 0.07
1577 , 0.07
1578 , 0.07
1579 , 0.07
1580 , 0.07
1581 , 0.07
1582 , 0.07
1583 , 0.07
1584 , 0.07
1585 , 0.07
1586 , 0.07
1587 , 0.07
1588 , 0.07
1589 , 0.07
1590 , 0.07
1591 , 0.07
1592 , 0.07
1593 , 0.07
1594 , 0.07
1595 , 0.07
1596 , 0.07
1597 , 0.07
1598 , 0.07
1599 , 0.07
1600 , 0.07
1601 , 0.08
1602 , 0.06
1603 , 0.06
1604 , 0.06
1605 , 0.06
1606 , 0.07
1607 , 0.06
1608 , 0.06
1609 , 0.06
1610 , 0.06
1611 , 0.07
1612 , 0.06
1613 , 0.06
1614 , 0.06
1615 , 0.06
1616 , 0.07
1617 , 0.06
1618 , 0.06
1619 , 0.06
1620 , 0.07
1621 , 0.07
1622 , 0.06
1623 , 0.06
1624 , 0.06
1625 , 0.06
1626 , 0.06
1627 , 0.06
1628 , 0.06
1629 , 0.06
1630 , 0.06
1631 , 0.06
1632 , 0.06
1633 , 0.06
1634 , 0.06
1635 , 0.07
1636 , 0.07
1637 , 0.06
1638 , 0.07
1639 , 0.06
1640 , 0.07
1641 , 0.07
1642 , 0.07
1643 , 0.06
1644 , 0.06
1645 , 0.06
1646 , 0.07
1647 , 0.07
1648 , 0.06
1649 , 0.06
1650 , 0.06
1651 , 0.07
1652 , 0.06
1653 , 0.06
1654 , 0.06
1655 , 0.06
1656 , 0.07
1657 , 0.06
1658 , 0.06
1659 , 0.06
1660 , 0.07
1661 , 0.07
1662 , 0.07
1663 , 0.06
1664 , 0.06
1665 , 0.07
1666 , 0.07
1667 , 0.06
1668 , 0.06
1669 , 0.06
1670 , 0.07
1671 , 0.07
1672 , 0.06
1673 , 0.06
1674 , 0.06
1675 , 0.06
1676 , 0.07
1677 , 0.06
1678 , 0.07
1679 , 0.07
1680 , 0.07
1681 , 0.07
1682 , 0.06
1683 , 0.06
1684 , 0.06
1685 , 0.06
1686 , 0.06
1687 , 0.06
1688 , 0.06
1689 , 0.06
1690 , 0.06
1691 , 0.07
1692 , 0.07
1693 , 0.06
1694 , 0.07
1695 , 0.06
1696 , 0.07
1697 , 0.06
1698 , 0.06
1699 , 0.07
1700 , 0.06
1701 , 0.07
1702 , 0.07
1703 , 0.07
1704 , 0.07
1705 , 0.06
1706 , 0.07
1707 , 0.07
1708 , 0.06
1709 , 0.06
1710 , 0.07
1711 , 0.07
1712 , 0.07
1713 , 0.06
1714 , 0.06
1715 , 0.06
1716 , 0.07
1717 , 0.07
1718 , 0.06
1719 , 0.06
1720 , 0.06
1721 , 0.07
1722 , 0.06
1723 , 0.06
1724 , 0.06
1725 , 0.07
1726 , 0.07
1727 , 0.06
1728 , 0.06
1729 , 0.06
1730 , 0.06
1731 , 0.07
1732 , 0.06
1733 , 0.06
1734 , 0.07
1735 , 0.07
1736 , 0.07
1737 , 0.06
1738 , 0.06
1739 , 0.06
1740 , 0.06
1741 , 0.07
1742 , 0.06
1743 , 0.06
1744 , 0.06
1745 , 0.06
1746 , 0.07
1747 , 0.07
1748 , 0.07
1749 , 0.06
1750 , 0.07
1751 , 0.07
1752 , 0.07
1753 , 0.06
1754 , 0.07
1755 , 0.07
1756 , 0.07
1757 , 0.06
1758 , 0.07
1759 , 0.06
1760 , 0.07
1761 , 0.07
1762 , 0.07
1763 , 0.06
1764 , 0.07
1765 , 0.06
1766 , 0.07
1767 , 0.07
1768 , 0.06
1769 , 0.06
1770 , 0.06
1771 , 0.07
1772 , 0.06
1773 , 0.06
1774 , 0.06
1775 , 0.06
1776 , 0.07
1777 , 0.07
1778 , 0.07
1779 , 0.06
1780 , 0.06
1781 , 0.07
1782 , 0.06
1783 , 0.06
1784 , 0.06
1785 , 0.06
1786 , 0.07
1787 , 0.06
1788 , 0.07
1789 , 0.06
1790 , 0.06
1791 , 0.06
1792 , 0.06
1793 , 0.06
1794 , 0.06
1795 , 0.06
1796 , 0.06
1797 , 0.06
1798 , 0.06
1799 , 0.06
1800 , 0.07
1801 , 0.07
1802 , 0.07
1803 , 0.07
1804 , 0.07
1805 , 0.07
1806 , 0.07
1807 , 0.07
1808 , 0.07
1809 , 0.07
1810 , 0.07
1811 , 0.07
1812 , 0.07
1813 , 0.07
1814 , 0.07
1815 , 0.07
1816 , 0.07
1817 , 0.07
1818 , 0.07
1819 , 0.07
1820 , 0.07
1821 , 0.07
1822 , 0.07
1823 , 0.07
1824 , 0.07
1825 , 0.07
1826 , 0.07
1827 , 0.07
1828 , 0.07
1829 , 0.07
1830 , 0.07
1831 , 0.07
1832 , 0.07
1833 , 0.07
1834 , 0.07
1835 , 0.07
1836 , 0.07
1837 , 0.07
1838 , 0.07
1839 , 0.07
1840 , 0.07
1841 , 0.07
1842 , 0.07
1843 , 0.07
1844 , 0.07
1845 , 0.07
1846 , 0.07
1847 , 0.07
1848 , 0.07
1849 , 0.07
1850 , 0.07
1851 , 0.07
1852 , 0.07
1853 , 0.07
1854 , 0.07
1855 , 0.07
1856 , 0.07
1857 , 0.07
1858 , 0.07
1859 , 0.07
1860 , 0.07
1861 , 0.07
1862 , 0.07
1863 , 0.07
1864 , 0.07
1865 , 0.07
1866 , 0.07
1867 , 0.07
1868 , 0.07
1869 , 0.07
1870 , 0.07
1871 , 0.07
1872 , 0.07
1873 , 0.07
1874 , 0.07
1875 , 0.07
1876 , 0.07
1877 , 0.07
1878 , 0.07
1879 , 0.07
1880 , 0.07
1881 , 0.07
1882 , 0.07
1883 , 0.07
1884 , 0.07
1885 , 0.07
1886 , 0.07
1887 , 0.07
1888 , 0.07
1889 , 0.07
1890 , 0.07
1891 , 0.07
1892 , 0.07
1893 , 0.07
1894 , 0.07
1895 , 0.07
1896 , 0.07
1897 , 0.07
1898 , 0.07
1899 , 0.07
1900 , 0.07
1901 , 0.07
1902 , 0.07
1903 , 0.06
1904 , 0.06
1905 , 0.06
1906 , 0.07
1907 , 0.06
1908 , 0.06
1909 , 0.06
1910 , 0.07
1911 , 0.07
1912 , 0.07
1913 , 0.06
1914 , 0.06
1915 , 0.06
1916 , 0.07
1917 , 0.07
1918 , 0.07
1919 , 0.07
1920 , 0.07
1921 , 0.07
1922 , 0.06
1923 , 0.06
1924 , 0.06
1925 , 0.06
1926 , 0.07
1927 , 0.06
1928 , 0.06
1929 , 0.06
1930 , 0.06
1931 , 0.07
1932 , 0.07
1933 , 0.06
1934 , 0.06
1935 , 0.06
1936 , 0.07
1937 , 0.07
1938 , 0.07
1939 , 0.06
1940 , 0.06
1941 , 0.07
1942 , 0.07
1943 , 0.06
1944 , 0.06
1945 , 0.06
1946 , 0.07
1947 , 0.07
1948 , 0.06
1949 , 0.06
1950 , 0.06
1951 , 0.07
1952 , 0.06
1953 , 0.07
1954 , 0.06
1955 , 0.06
1956 , 0.07
1957 , 0.06
1958 , 0.06
1959 , 0.06
1960 , 0.06
1961 , 0.07
1962 , 0.06
1963 , 0.06
1964 , 0.06
1965 , 0.06
1966 , 0.06
1967 , 0.06
1968 , 0.06
1969 , 0.06
1970 , 0.06
1971 , 0.06
1972 , 0.06
1973 , 0.06
1974 , 0.06
1975 , 0.06
1976 , 0.07
1977 , 0.07
1978 , 0.07
1979 , 0.06
1980 , 0.06
1981 , 0.07
1982 , 0.07
1983 , 0.06
1984 , 0.06
1985 , 0.07
1986 , 0.07
1987 , 0.06
1988 , 0.07
1989 , 0.07
1990 , 0.07
1991 , 0.07
1992 , 0.07
1993 , 0.07
1994 , 0.07
1995 , 0.07
1996 , 0.07
1997 , 0.06
1998 , 0.06
1999 , 0.06
2000 , 0.06
2001 , 0.07
2002 , 0.07
2003 , 0.07
2004 , 0.07
2005 , 0.07
2006 , 0.07
2007 , 0.07
2008 , 0.07
2009 , 0.07
2010 , 0.07
2011 , 0.07
2012 , 0.07
2013 , 0.07
2014 , 0.07
2015 , 0.07
2016 , 0.07
2017 , 0.07
2018 , 0.07
2019 , 0.07
2020 , 0.07
2021 , 0.07
2022 , 0.07
2023 , 0.07
2024 , 0.07
2025 , 0.07
2026 , 0.07
2027 , 0.07
2028 , 0.07
2029 , 0.07
2030 , 0.07
2031 , 0.07
2032 , 0.07
2033 , 0.07
2034 , 0.07
2035 , 0.07
2036 , 0.07
2037 , 0.07
2038 , 0.07
2039 , 0.07
2040 , 0.07
2041 , 0.07
2042 , 0.07
2043 , 0.07
2044 , 0.07
2045 , 0.07
2046 , 0.07
2047 , 0.07
2048 , 0.07
2049 , 0.07
2050 , 0.07
2051 , 0.07
2052 , 0.07
2053 , 0.07
2054 , 0.07
2055 , 0.07
2056 , 0.07
2057 , 0.07
2058 , 0.07
2059 , 0.07
2060 , 0.07
2061 , 0.07
2062 , 0.07
2063 , 0.07
2064 , 0.07
2065 , 0.07
2066 , 0.07
2067 , 0.07
2068 , 0.07
2069 , 0.07
2070 , 0.07
2071 , 0.07
2072 , 0.07
2073 , 0.07
2074 , 0.07
2075 , 0.07
2076 , 0.07
2077 , 0.07
2078 , 0.07
2079 , 0.07
2080 , 0.07
2081 , 0.07
2082 , 0.07
2083 , 0.07
2084 , 0.07
2085 , 0.07
2086 , 0.07
2087 , 0.07
2088 , 0.07
2089 , 0.07
2090 , 0.07
2091 , 0.07
2092 , 0.07
2093 , 0.07
2094 , 0.07
2095 , 0.07
2096 , 0.07
2097 , 0.07
2098 , 0.07
2099 , 0.07
2100 , 0.07
2101 , 0.07
2102 , 0.07
2103 , 0.07
2104 , 0.07
2105 , 0.07
2106 , 0.07
2107 , 0.07
2108 , 0.07
2109 , 0.07
2110 , 0.07
2111 , 0.07
2112 , 0.07
2113 , 0.07
2114 , 0.07
2115 , 0.07
2116 , 0.07
2117 , 0.07
2118 , 0.07
2119 , 0.07
2120 , 0.07
2121 , 0.07
2122 , 0.07
2123 , 0.07
2124 , 0.07
2125 , 0.07
2126 , 0.07
2127 , 0.07
2128 , 0.07
2129 , 0.07
2130 , 0.07
2131 , 0.07
2132 , 0.07
2133 , 0.07
2134 , 0.07
2135 , 0.07
2136 , 0.07
2137 , 0.07
2138 , 0.07
2139 , 0.07
2140 , 0.07
2141 , 0.07
2142 , 0.07
2143 , 0.07
2144 , 0.07
2145 , 0.07
2146 , 0.07
2147 , 0.07
2148 , 0.07
2149 , 0.07
2150 , 0.07
2151 , 0.07
2152 , 0.07
2153 , 0.07
2154 , 0.07
2155 , 0.07
2156 , 0.07
2157 , 0.07
2158 , 0.07
2159 , 0.07
2160 , 0.07
2161 , 0.07
2162 , 0.07
2163 , 0.07
2164 , 0.07
2165 , 0.07
2166 , 0.07
2167 , 0.07
2168 , 0.07
2169 , 0.07
2170 , 0.07
2171 , 0.07
2172 , 0.07
2173 , 0.07
2174 , 0.07
2175 , 0.07
2176 , 0.07
2177 , 0.07
2178 , 0.07
2179 , 0.07
2180 , 0.07
2181 , 0.07
2182 , 0.07
2183 , 0.07
2184 , 0.07
2185 , 0.07
2186 , 0.07
2187 , 0.07
2188 , 0.07
2189 , 0.07
2190 , 0.07
2191 , 0.07
2192 , 0.07
2193 , 0.07
2194 , 0.07
2195 , 0.07
2196 , 0.07
2197 , 0.07
2198 , 0.07
2199 , 0.07
2200 , 0.07
2201 , 0.07
2202 , 0.07
2203 , 0.07
2204 , 0.07
2205 , 0.07
2206 , 0.07
2207 , 0.07
2208 , 0.07
2209 , 0.07
2210 , 0.07
2211 , 0.07
2212 , 0.07
2213 , 0.07
2214 , 0.07
2215 , 0.07
2216 , 0.07
2217 , 0.07
2218 , 0.07
2219 , 0.07
2220 , 0.07
2221 , 0.07
2222 , 0.07
2223 , 0.07
2224 , 0.07
2225 , 0.07
2226 , 0.07
2227 , 0.07
2228 , 0.07
2229 , 0.07
2230 , 0.07
2231 , 0.07
2232 , 0.07
2233 , 0.07
2234 , 0.07
2235 , 0.07
2236 , 0.07
2237 , 0.07
2238 , 0.07
2239 , 0.07
2240 , 0.07
2241 , 0.07
2242 , 0.07
2243 , 0.07
2244 , 0.07
2245 , 0.07
2246 , 0.07
2247 , 0.07
2248 , 0.07
2249 , 0.07
2250 , 0.07
2251 , 0.07
2252 , 0.07
2253 , 0.07
2254 , 0.07
2255 , 0.07
2256 , 0.07
2257 , 0.07
2258 , 0.07
2259 , 0.07
2260 , 0.07
2261 , 0.07
2262 , 0.07
2263 , 0.07
2264 , 0.07
2265 , 0.07
2266 , 0.07
2267 , 0.07
2268 , 0.07
2269 , 0.07
2270 , 0.07
2271 , 0.07
2272 , 0.07
2273 , 0.07
2274 , 0.07
2275 , 0.07
2276 , 0.07
2277 , 0.07
2278 , 0.07
2279 , 0.07
2280 , 0.07
2281 , 0.07
2282 , 0.07
2283 , 0.07
2284 , 0.07
2285 , 0.07
2286 , 0.07
2287 , 0.07
2288 , 0.07
2289 , 0.07
2290 , 0.07
2291 , 0.07
2292 , 0.07
2293 , 0.07
2294 , 0.07
2295 , 0.07
2296 , 0.07
2297 , 0.07
2298 , 0.07
2299 , 0.07
2300 , 0.07
2301 , 0.07
2302 , 0.06
2303 , 0.06
2304 , 0.06
2305 , 0.06
2306 , 0.07
2307 , 0.07
2308 , 0.06
2309 , 0.07
2310 , 0.07
2311 , 0.07
2312 , 0.07
2313 , 0.07
2314 , 0.07
2315 , 0.07
2316 , 0.07
2317 , 0.07
2318 , 0.06
2319 , 0.06
2320 , 0.07
2321 , 0.06
2322 , 0.06
2323 , 0.06
2324 , 0.07
2325 , 0.07
2326 , 0.07
2327 , 0.07
2328 , 0.06
2329 , 0.07
2330 , 0.06
2331 , 0.07
2332 , 0.07
2333 , 0.06
2334 , 0.06
2335 , 0.06
2336 , 0.07
2337 , 0.06
2338 , 0.06
2339 , 0.06
2340 , 0.06
2341 , 0.06
2342 , 0.06
2343 , 0.06
2344 , 0.06
2345 , 0.06
2346 , 0.06
2347 , 0.06
2348 , 0.06
2349 , 0.06
2350 , 0.06
2351 , 0.07
2352 , 0.06
2353 , 0.06
2354 , 0.06
2355 , 0.06
2356 , 0.07
2357 , 0.06
2358 , 0.06
2359 , 0.06
2360 , 0.06
2361 , 0.06
2362 , 0.06
2363 , 0.06
2364 , 0.06
2365 , 0.06
2366 , 0.07
2367 , 0.06
2368 , 0.06
2369 , 0.06
2370 , 0.06
2371 , 0.06
2372 , 0.06
2373 , 0.06
2374 , 0.06
2375 , 0.06
2376 , 0.06
2377 , 0.06
2378 , 0.06
2379 , 0.06
2380 , 0.06
2381 , 0.06
2382 , 0.06
2383 , 0.06
2384 , 0.06
2385 , 0.06
2386 , 0.07
2387 , 0.06
2388 , 0.06
2389 , 0.06
2390 , 0.06
2391 , 0.07
2392 , 0.06
2393 , 0.06
2394 , 0.06
2395 , 0.06
2396 , 0.06
2397 , 0.06
2398 , 0.06
2399 , 0.06
2400 , 0.06
2401 , 0.07
2402 , 0.07
2403 , 0.07
2404 , 0.06
2405 , 0.06
2406 , 0.06
2407 , 0.06
2408 , 0.06
2409 , 0.06
2410 , 0.06
2411 , 0.06
2412 , 0.06
2413 , 0.06
2414 , 0.06
2415 , 0.06
2416 , 0.07
2417 , 0.07
2418 , 0.06
2419 , 0.06
2420 , 0.06
2421 , 0.07
2422 , 0.06
2423 , 0.06
2424 , 0.06
2425 , 0.06
2426 , 0.07
2427 , 0.07
2428 , 0.06
2429 , 0.06
2430 , 0.06
2431 , 0.06
2432 , 0.06
2433 , 0.06
2434 , 0.06
2435 , 0.06
2436 , 0.06
2437 , 0.06
2438 , 0.06
2439 , 0.06
2440 , 0.06
2441 , 0.07
2442 , 0.07
2443 , 0.06
2444 , 0.06
2445 , 0.07
2446 , 0.07
2447 , 0.06
2448 , 0.07
2449 , 0.06
2450 , 0.07
2451 , 0.07
2452 , 0.06
2453 , 0.06
2454 , 0.06
2455 , 0.06
2456 , 0.07
2457 , 0.06
2458 , 0.06
2459 , 0.06
2460 , 0.06
2461 , 0.07
2462 , 0.06
2463 , 0.06
2464 , 0.06
2465 , 0.06
2466 , 0.07
2467 , 0.06
2468 , 0.06
2469 , 0.06
2470 , 0.06
2471 , 0.06
2472 , 0.06
2473 , 0.06
2474 , 0.06
2475 , 0.06
2476 , 0.07
2477 , 0.07
2478 , 0.06
2479 , 0.06
2480 , 0.06
2481 , 0.07
2482 , 0.06
2483 , 0.06
2484 , 0.06
2485 , 0.06
2486 , 0.07
2487 , 0.13
2488 , 0.07
2489 , 0.06
2490 , 0.06
2491 , 0.07
2492 , 0.06
2493 , 0.06
2494 , 0.06
2495 , 0.06
2496 , 0.07
2497 , 0.07
2498 , 0.07
2499 , 0.07
2500 , 0.06
2501 , 27.06
2502 , 27.09
2503 , 27.01
2504 , 27.26
2505 , 27.28
2506 , 27.36
2507 , 25.1
2508 , 25.2
2509 , 25.1
2510 , 25.09
2511 , 25.03
2512 , 22.14
2513 , 21.83
2514 , 21.91
2515 , 21.84
2516 , 21.89
2517 , 22.31
2518 , 19.66
2519 , 19.09
2520 , 19.12
2521 , 19.08
2522 , 19.07
2523 , 19.48
2524 , 17.25
2525 , 16.33
2526 , 16.35
2527 , 16.39
2528 , 16.34
2529 , 16.68
2530 , 14.8
2531 , 13.58
2532 , 13.61
2533 , 13.58
2534 , 13.59
2535 , 13.86
2536 , 12.61
2537 , 11.43
2538 , 10.86
2539 , 10.83
2540 , 10.84
2541 , 10.93
2542 , 11.02
2543 , 10.15
2544 , 8.72
2545 , 8.08
2546 , 8.08
2547 , 8.15
2548 , 8.08
2549 , 8.2
2550 , 7.37
2551 , 6.51
2552 , 5.96
2553 , 5.39
2554 , 5.34
2555 , 5.34
2556 , 5.35
2557 , 5.41
2558 , 4.86
2559 , 4.61
2560 , 4.03
2561 , 3.47
2562 , 3.19
2563 , 2.89
2564 , 2.6
2565 , 2.61
2566 , 2.6
2567 , 2.6
2568 , 2.64
2569 , 2.36
2570 , 2.08
2571 , 2.09
2572 , 1.8
2573 , 1.52
2574 , 1.24
2575 , 1.25
2576 , 0.96
2577 , 0.97
2578 , 0.96
2579 , 0.69
2580 , 0.69
2581 , 0.41
2582 , 0.41
2583 , 0.41
2584 , 0.41
2585 , 0.41
2586 , 0.41
2587 , 0.13
2588 , 0.13
2589 , 0.13
2590 , 0.12
2591 , 0.12
2592 , 0.13
2593 , 0.12
2594 , 0.12
2595 , 0.12
2596 , 0.12
2597 , 0.12
2598 , 0.12
2599 , 0.12
2600 , 0.12
2601 , 0.08
2602 , 0.08
2603 , 0.07
2604 , 0.07
2605 , 0.07
2606 , 0.07
2607 , 0.07
2608 , 0.07
2609 , 0.07
2610 , 0.07
2611 , 0.07
2612 , 0.07
2613 , 0.07
2614 , 0.07
2615 , 0.07
2616 , 0.07
2617 , 0.07
2618 , 0.07
2619 , 0.07
2620 , 0.07
2621 , 0.07
2622 , 0.07
2623 , 0.07
2624 , 0.07
2625 , 0.07
2626 , 0.07
2627 , 0.07
2628 , 0.07
2629 , 0.07
2630 , 0.07
2631 , 0.07
2632 , 0.07
2633 , 0.07
2634 , 0.07
2635 , 0.07
2636 , 0.07
2637 , 0.07
2638 , 0.07
2639 , 0.07
2640 , 0.07
2641 , 0.07
2642 , 0.07
2643 , 0.07
2644 , 0.07
2645 , 0.07
2646 , 0.07
2647 , 0.07
2648 , 0.07
2649 , 0.07
2650 , 0.07
2651 , 0.07
2652 , 0.07
2653 , 0.07
2654 , 0.07
2655 , 0.07
2656 , 0.07
2657 , 0.07
2658 , 0.07
2659 , 0.07
2660 , 0.07
2661 , 0.07
2662 , 0.07
2663 , 0.07
2664 , 0.07
2665 , 0.07
2666 , 0.07
2667 , 0.07
2668 , 0.07
2669 , 0.07
2670 , 0.07
2671 , 0.07
2672 , 0.07
2673 , 0.07
2674 , 0.07
2675 , 0.07
2676 , 0.07
2677 , 0.07
2678 , 0.07
2679 , 0.07
2680 , 0.07
2681 , 0.07
2682 , 0.07
2683 , 0.07
2684 , 0.07
2685 , 0.07
2686 , 0.07
2687 , 0.07
2688 , 0.07
2689 , 0.07
2690 , 0.07
2691 , 0.07
2692 , 0.07
2693 , 0.07
2694 , 0.07
2695 , 0.07
2696 , 0.07
2697 , 0.07
2698 , 0.07
2699 , 0.07
2700 , 0.07
2701 , 0.08
2702 , 0.07
2703 , 0.06
2704 , 0.06
2705 , 0.06
2706 , 0.06
2707 , 0.07
2708 , 0.06
2709 , 0.06
2710 , 0.06
2711 , 0.06
2712 , 0.07
2713 , 0.07
2714 , 0.06
2715 , 0.06
2716 , 0.07
2717 , 0.07
2718 , 0.06
2719 , 0.06
2720 , 0.06
2721 , 0.06
2722 , 0.07
2723 , 0.06
2724 , 0.06
2725 , 0.07
2726 , 0.06
2727 , 0.07
2728 , 0.06
2729 , 0.06
2730 , 0.06
2731 , 0.07
2732 , 0.07
2733 , 0.07
2734 , 0.06
2735 , 0.06
2736 , 0.06
2737 , 0.07
2738 , 0.06
2739 , 0.06
2740 , 0.06
2741 , 0.07
2742 , 0.07
2743 , 0.07
2744 , 0.07
2745 , 0.07
2746 , 0.06
2747 , 0.07
2748 , 0.07
2749 , 0.07
2750 , 0.07
2751 , 0.07
2752 , 0.07
2753 , 0.07
2754 , 0.07
2755 , 0.07
2756 , 0.07
2757 , 0.07
2758 , 0.07
2759 , 0.07
2760 , 0.07
2761 , 0.07
2762 , 0.07
2763 , 0.07
2764 , 0.07
2765 , 0.07
2766 , 0.07
2767 , 0.07
2768 , 0.07
2769 , 0.07
2770 , 0.07
2771 , 0.07
2772 , 0.07
2773 , 0.07
2774 , 0.07
2775 , 0.07
2776 , 0.06
2777 , 0.07
2778 , 0.06
2779 , 0.06
2780 , 0.06
2781 , 0.06
2782 , 0.07
2783 , 0.06
2784 , 0.06
2785 , 0.07
2786 , 0.07
2787 , 0.07
2788 , 0.06
2789 , 0.07
2790 , 0.06
2791 , 0.07
2792 , 0.07
2793 , 0.07
2794 , 0.06
2795 , 0.06
2796 , 0.06
2797 , 0.07
2798 , 0.07
2799 , 0.07
2800 , 0.07
2801 , 0.07
2802 , 0.07
2803 , 0.07
2804 , 0.07
2805 , 0.07
2806 , 0.07
2807 , 0.07
2808 , 0.07
2809 , 0.07
2810 , 0.07
2811 , 0.07
2812 , 0.07
2813 , 0.07
2814 , 0.07
2815 , 0.07
2816 , 0.07
2817 , 0.07
2818 , 0.07
2819 , 0.07
2820 , 0.07
2821 , 0.07
2822 , 0.07
2823 , 0.07
2824 , 0.07
2825 , 0.07
2826 , 0.07
2827 , 0.07
2828 , 0.07
2829 , 0.07
2830 , 0.07
2831 , 0.07
2832 , 0.07
2833 , 0.07
2834 , 0.07
2835 , 0.07
2836 , 0.07
2837 , 0.07
2838 , 0.07
2839 , 0.07
2840 , 0.07
2841 , 0.07
2842 , 0.07
2843 , 0.07
2844 , 0.07
2845 , 0.07
2846 , 0.07
2847 , 0.07
2848 , 0.07
2849 , 0.07
2850 , 0.06
2851 , 0.07
2852 , 0.07
2853 , 0.07
2854 , 0.07
2855 , 0.06
2856 , 0.07
2857 , 0.07
2858 , 0.07
2859 , 0.07
2860 , 0.07
2861 , 0.07
2862 , 0.07
2863 , 0.07
2864 , 0.07
2865 , 0.07
2866 , 0.07
2867 , 0.07
2868 , 0.07
2869 , 0.07
2870 , 0.07
2871 , 0.07
2872 , 0.07
2873 , 0.07
2874 , 0.07
2875 , 0.07
2876 , 0.07
2877 , 0.07
2878 , 0.07
2879 , 0.07
2880 , 0.07
2881 , 0.07
2882 , 0.07
2883 , 0.07
2884 , 0.07
2885 , 0.07
2886 , 0.07
2887 , 0.07
2888 , 0.07
2889 , 0.07
2890 , 0.07
2891 , 0.07
2892 , 0.07
2893 , 0.07
2894 , 0.07
2895 , 0.07
2896 , 0.07
2897 , 0.07
2898 , 0.07
2899 , 0.07
2900 , 0.07
2901 , 0.07
2902 , 0.07
2903 , 0.06
2904 , 0.06
2905 , 0.06
2906 , 0.07
2907 , 0.07
2908 , 0.07
2909 , 0.07
2910 , 0.07
2911 , 0.07
2912 , 0.07
2913 , 0.07
2914 , 0.07
2915 , 0.07
2916 , 0.07
2917 , 0.07
2918 , 0.07
2919 , 0.07
2920 , 0.07
2921 , 0.07
2922 , 0.07
2923 , 0.07
2924 , 0.07
2925 , 0.07
2926 , 0.07
2927 , 0.07
2928 , 0.07
2929 , 0.07
2930 , 0.07
2931 , 0.07
2932 , 0.07
2933 , 0.07
2934 , 0.06
2935 , 0.07
2936 , 0.07
2937 , 0.07
2938 , 0.06
2939 , 0.07
2940 , 0.07
2941 , 0.06
2942 , 0.07
2943 , 0.07
2944 , 0.07
2945 , 0.06
2946 , 0.06
2947 , 0.07
2948 , 0.07
2949 , 0.07
2950 , 0.07
2951 , 0.07
2952 , 0.07
2953 , 0.07
2954 , 0.07
2955 , 0.07
2956 , 0.07
2957 , 0.07
2958 , 0.07
2959 , 0.07
2960 , 0.07
2961 , 0.07
2962 , 0.07
2963 , 0.07
2964 , 0.07
2965 , 0.07
2966 , 0.07
2967 , 0.07
2968 , 0.07
2969 , 0.07
2970 , 0.07
2971 , 0.07
2972 , 0.07
2973 , 0.07
2974 , 0.07
2975 , 0.07
2976 , 0.07
2977 , 0.07
2978 , 0.07
2979 , 0.07
2980 , 0.07
2981 , 0.07
2982 , 0.07
2983 , 0.07
2984 , 0.07
2985 , 0.07
2986 , 0.07
2987 , 0.07
2988 , 0.07
2989 , 0.07
2990 , 0.06
2991 , 0.07
2992 , 0.07
2993 , 0.06
2994 , 0.06
2995 , 0.06
2996 , 0.06
2997 , 0.06
2998 , 0.07
2999 , 0.07
3000 , 0.07
