1 , 647.15
2 , 7.2537
3 , 7.0972
4 , 7.4946
5 , 7.9815
6 , 7.7145
7 , 7.5644
8 , 7.2727
9 , 6.4386
10 , 6.4912
11 , 6.1853
12 , 586.242
13 , 7.8629
14 , 7.1924
15 , 7.2122
6 , 7.338
7 , 7.8827
18 , 769.104
19 , 7.0551
20 , 6.2831
21 , 7.6147
22 , 6.7159
23 , 7.6574
24 , 625.457
25 , 6.7809
26 , 6.5822
27 , 7.236
28 , 6.7099
29 , 7.0331
30 , 854.307
31 , 6.561
32 , 7.6672
33 , 6.0114
34 , 7.111
35 , 6.9031
36 , 854.724
37 , 6.0046
38 , 7.4372
39 , 6.1046
40 , 6.342
41 , 6.5623
42 , 594.047
43 , 6.4926
44 , 7.2577
45 , 6.4563
46 , 7.7619
47 , 7.297
48 , 825.473
49 , 7.2921
50 , 6.6248
51 , 7.2091
52 , 7.453
53 , 7.365
54 , 830.759
55 , 7.1493
56 , 6.0347
57 , 6.1865
58 , 7.9247
59 , 7.6319
60 , 713.647
61 , 6.9576
62 , 7.6608
63 , 6.8582
64 , 7.2938
65 , 7.2569
66 , 870.921
67 , 7.6028
68 , 6.676
69 , 6.6571
70 , 6.9465
71 , 6.6093
72 , 769.6
73 , 7.1561
74 , 6.5566
75 , 7.4581
76 , 6.4408
77 , 6.7326
78 , 582.798
79 , 7.6838
80 , 6.1552
81 , 6.3918
82 , 6.2362
83 , 7.8671
84 , 747.854
85 , 6.483
86 , 6.9338
87 , 6.366
88 , 7.9659
89 , 7.0132
90 , 613.908
91 , 7.3355
92 , 6.4801
93 , 6.0444
94 , 6.4589
95 , 7.0563
96 , 844.951
97 , 7.7502
98 , 6.5835
99 , 6.832
100 , 6.761
101 , 7.5524
102 , 695.501
103 , 6.196
104 , 6.5221
105 , 6.4037
106 , 6.4745
107 , 6.6147
108 , 689.039
109 , 7.971
110 , 7.9626
111 , 6.346
112 , 6.3014
113 , 7.7024
114 , 582.222
115 , 6.0144
16 , 7.0775
17 , 6.4105
118 , 6.2887
119 , 6.3757
120 , 846.77
121 , 6.8456
122 , 6.6959
123 , 7.6448
124 , 6.5812
125 , 6.9875
126 , 687.673
127 , 6.8363
128 , 6.9681
129 , 6.614
130 , 7.2825
131 , 6.3493
132 , 756.102
133 , 7.6045
134 , 7.0383
135 , 6.8377
136 , 7.8525
137 , 6.8039
138 , 596.371
139 , 7.1447
140 , 6.9559
141 , 6.2731
142 , 7.0835
143 , 6.3228
144 , 642.4
145 , 7.7105
146 , 6.5427
147 , 6.2233
148 , 7.5662
149 , 7.2099
150 , 788.932
151 , 6.8621
152 , 6.4949
153 , 6.096
154 , 7.375
155 , 6.9736
156 , 650.131
157 , 7.2483
158 , 7.8775
159 , 7.2518
60 , 7.9556
61 , 6.6319
62 , 680.944
63 , 7.9834
64 , 6.4562
65 , 7.3241
66 , 7.344
67 , 6.446
68 , 865.897
69 , 7.5707
70 , 7.2151
71 , 6.408
72 , 6.426
73 , 6.06
74 , 773.861
75 , 7.5477
76 , 7.221
77 , 6.1355
78 , 7.4639
79 , 6.7791
180 , 620.605
181 , 7.0866
182 , 7.9921
183 , 7.4768
184 , 6.1808
185 , 6.56
186 , 768.182
187 , 6.603
188 , 6.713
189 , 7.3877
190 , 6.0001
191 , 7.1045
192 , 873.247
193 , 7.6083
194 , 7.6501
195 , 7.457
196 , 6.2353
197 , 7.5545
198 , 801.875
199 , 7.7828
200 , 6.9732
201 , 7.9128
202 , 6.2976
203 , 6.2577
204 , 756.379
205 , 6.8353
206 , 7.6789
207 , 6.1885
208 , 7.3414
209 , 6.2946
210 , 77.793
211 , 6.4322
212 , 6.7001
213 , 6.1192
214 , 7.633
215 , 6.7776
26 , 677.326
27 , 7.0399
218 , 7.548
219 , 6.7918
220 , 6.8952
221 , 6.0534
222 , 742.327
223 , 6.2783
224 , 6.5604
225 , 6.3378
226 , 7.4812
227 , 6.4834
228 , 626.824
229 , 7.4365
230 , 6.3578
231 , 7.3394
232 , 7.2595
233 , 6.4297
234 , 579.531
235 , 6.865
236 , 7.0656
237 , 7.801
238 , 6.461
239 , 6.6446
240 , 873.26
241 , 6.9261
242 , 7.4895
243 , 7.6974
244 , 6.5149
245 , 7.6854
246 , 752.448
247 , 7.3671
248 , 6.582
249 , 7.6809
250 , 6.6384
251 , 6.6001
252 , 795.775
253 , 7.6098
254 , 7.3442
255 , 6.705
256 , 7.2992
257 , 6.127
258 , 581.299
259 , 6.716
260 , 7.8341
261 , 6.7969
262 , 7.3722
263 , 7.7638
264 , 843.225
265 , 6.8787
266 , 6.9767
267 , 6.5655
268 , 7.2348
269 , 6.9069
270 , 710.342
271 , 6.7815
272 , 6.9475
273 , 6.0737
274 , 7.0431
275 , 7.7655
276 , 565.949
277 , 6.676
278 , 6.4914
279 , 7.0927
280 , 6.2478
281 , 6.7215
282 , 571.424
283 , 7.5037
284 , 6.3367
285 , 6.5053
286 , 6.661
287 , 6.9283
288 , 771.932
289 , 6.5794
290 , 7.6201
291 , 6.8702
292 , 6.1897
293 , 7.466
294 , 761.746
295 , 7.0606
296 , 7.0247
297 , 7.2204
298 , 7.5756
299 , 6.9565
300 , 668.378
301 , 6.815
302 , 6.0274
303 , 6.654
304 , 6.1287
305 , 7.9191
306 , 635.863
307 , 6.8343
308 , 6.672
309 , 6.0372
310 , 6.746
311 , 6.6379
312 , 574.436
313 , 7.2292
314 , 7.0676
315 , 7.1861
36 , 6.0244
37 , 7.4275
318 , 586.579
319 , 7.2789
320 , 6.4712
321 , 7.3776
322 , 6.9245
323 , 7.8974
324 , 840.68
325 , 7.0341
326 , 7.1051
327 , 7.2652
328 , 6.6911
329 , 7.5337
330 , 657.827
331 , 7.4971
332 , 7.4223
333 , 6.274
334 , 6.6361
335 , 7.9023
336 , 711.061
337 , 6.8118
338 , 6.2284
339 , 6.3895
340 , 6.9541
341 , 6.6338
342 , 750.715
343 , 6.3737
344 , 7.0397
345 , 6.3899
346 , 7.1321
347 , 6.0576
348 , 705.221
349 , 6.9226
350 , 6.2534
351 , 7.6698
352 , 6.6622
353 , 7.0741
354 , 851.486
355 , 7.4984
356 , 6.8888
357 , 6.7503
358 , 7.2075
359 , 7.4284
360 , 595.594
361 , 7.9927
362 , 6.5393
363 , 7.9231
364 , 6.2523
365 , 6.9259
366 , 682.15
367 , 6.7909
368 , 7.0743
369 , 6.6714
370 , 6.1571
371 , 6.8662
372 , 851.866
373 , 7.0314
374 , 6.2006
375 , 6.498
376 , 7.8723
377 , 7.777
378 , 563.326
379 , 6.7435
380 , 7.9922
381 , 7.9867
382 , 7.7332
383 , 7.755
384 , 663.339
385 , 7.2238
386 , 6.8584
387 , 6.0892
388 , 7.9771
389 , 7.8026
390 , 612.822
391 , 7.2662
392 , 7.87
393 , 7.6188
394 , 7.4084
395 , 6.8157
396 , 585.602
397 , 6.3275
398 , 7.378
399 , 7.0514
400 , 7.5037
401 , 7.3823
402 , 756.74
403 , 7.004
404 , 6.8757
405 , 7.496
406 , 7.733
407 , 7.7941
408 , 735.292
409 , 7.3542
410 , 7.0352
411 , 7.6346
412 , 7.849
413 , 6
414 , 684.37
415 , 7.9683
46 , 7.4615
47 , 6.4681
418 , 6.3598
419 , 6.8947
420 , 645.876
421 , 6.4492
422 , 6.8773
423 , 6.3252
424 , 6.563
425 , 7.6535
426 , 776.513
427 , 7.8885
428 , 7.4235
429 , 6.555
430 , 6.1906
431 , 7.6676
432 , 866.75
433 , 7.53
434 , 6.0231
435 , 7.8631
436 , 7.1415
437 , 7.9223
438 , 763.703
439 , 7.1535
440 , 7.488
441 , 6.5848
442 , 7.2977
443 , 7.948
444 , 873.588
445 , 7.3346
446 , 7.8241
447 , 7.6358
448 , 7.468
449 , 6.7782
450 , 857.362
451 , 6.5285
452 , 6.535
453 , 7.4506
454 , 6.4558
455 , 6.5364
456 , 837.588
457 , 7.446
458 , 6.3374
459 , 6.5865
460 , 7.0376
461 , 6.0051
462 , 607.341
463 , 6.9049
464 , 7.9743
465 , 7.0745
466 , 7.9015
467 , 6.4324
468 , 769.711
469 , 6.8377
470 , 6.4198
471 , 7.6815
472 , 7.24
473 , 7.4072
474 , 857.412
475 , 7.0368
476 , 7.4356
477 , 7.686
478 , 6.2953
479 , 7.0478
480 , 825.827
481 , 7.1251
482 , 6.861
483 , 7.8183
484 , 6.3601
485 , 7.3681
486 , 793.4
487 , 7.2065
488 , 7.7728
489 , 7.2342
490 , 6.0148
491 , 6.7568
492 , 701.115
493 , 7.2215
494 , 6.1948
495 , 6.6586
496 , 6.1497
497 , 6.673
498 , 718.028
499 , 7.3559
500 , 7.0855
501 , 7.1219
502 , 7.017
503 , 6.7224
504 , 811.952
505 , 7.9555
506 , 6.0739
507 , 7.0086
508 , 7.6576
509 , 7.6632
510 , 870.646
511 , 7.3159
512 , 7.0001
513 , 6.8961
514 , 7.5372
515 , 6.2695
56 , 684.135
57 , 6.61
518 , 7.1903
519 , 7.2372
520 , 6.7033
521 , 7.703
522 , 678.247
523 , 7.3333
524 , 6.183
525 , 6.3263
526 , 7.4847
527 , 7.9939
528 , 574.401
529 , 7.1391
530 , 6.1982
531 , 7.2857
532 , 6.9923
533 , 7.2587
534 , 674.356
535 , 7.8113
536 , 6.6454
537 , 6.2281
538 , 6.8644
539 , 7.7469
540 , 879.48
541 , 6.6571
542 , 6.3534
543 , 6.5397
544 , 7.0374
545 , 6.8218
546 , 776.545
547 , 6.1491
548 , 6.696
549 , 7.8757
550 , 7.2727
551 , 6.6676
552 , 571.709
553 , 6.3595
554 , 7.0818
555 , 7.5383
556 , 7.286
557 , 6.4106
558 , 561.152
559 , 7.4419
560 , 7.6579
561 , 6.9327
562 , 7.8529
563 , 6.4719
564 , 626.492
565 , 6.8913
566 , 7.4582
567 , 7.7137
568 , 7.1321
569 , 6.1576
570 , 791.789
571 , 7.7459
572 , 6.904
573 , 7.9646
574 , 7.697
575 , 6.4831
576 , 852.549
577 , 7.0924
578 , 6.3024
579 , 6.8476
580 , 7.7874
581 , 6.4482
582 , 852.454
583 , 6.4949
584 , 6.5249
585 , 6.0026
586 , 7.6055
587 , 6.4844
588 , 603.814
589 , 6.7062
590 , 7.5915
591 , 7.0304
592 , 6.0421
593 , 6.3703
594 , 867.06
595 , 6.8332
596 , 7.187
597 , 6.9648
598 , 6.5831
599 , 6.4687
600 , 573.627
601 , 7.897
602 , 6.5431
603 , 6.792
604 , 6.312
605 , 7.7883
606 , 736.69
607 , 7.3097
608 , 7.5707
609 , 7.0732
610 , 6.9766
611 , 6.5088
612 , 589.295
613 , 7.9772
614 , 6.7255
615 , 7.9632
66 , 7.1597
67 , 6.9818
618 , 844.73
619 , 7.7994
620 , 6.3378
621 , 6.198
622 , 7.8299
623 , 6.7462
624 , 657.96
625 , 6.768
626 , 7.1222
627 , 6.2983
628 , 7.9559
629 , 7.3352
630 , 706.658
631 , 7.762
632 , 7.8847
633 , 7.1905
634 , 6.0036
635 , 7.4458
636 , 6.5726
637 , 7.2985
638 , 6.9288
639 , 722.539
640 , 6.4001
641 , 6.3144
642 , 6.4477
643 , 7.2567
644 , 7.156
645 , 6.5563
646 , 7.2989
647 , 6.787
648 , 660.095
649 , 6.0758
650 , 6.3494
651 , 7.9188
652 , 6.083
653 , 7.4387
654 , 7.0652
655 , 6.7721
656 , 6.6993
657 , 761.346
658 , 7.7931
659 , 6.3024
660 , 6.956
661 , 6.3378
662 , 6.1856
663 , 7.3238
664 , 7.8576
665 , 7.8811
666 , 656.147
667 , 7.0244
668 , 6.749
669 , 7.908
670 , 6.9471
671 , 7.236
672 , 6.3199
673 , 6.1057
674 , 6.942
675 , 753.099
676 , 7.3238
677 , 6.262
678 , 6.0975
679 , 6.5205
680 , 6.6554
681 , 6.2593
682 , 7.4308
683 , 7.6066
684 , 850.37
685 , 7.5722
686 , 7.1077
687 , 7.9709
688 , 7.5363
689 , 6.4148
690 , 7.0366
691 , 6.3136
692 , 6.4405
693 , 782.923
694 , 6.4028
695 , 6.4014
696 , 7.889
697 , 6.3888
698 , 7.3739
699 , 7.9032
700 , 7.1506
701 , 6.5813
702 , 731.889
703 , 6.7549
704 , 7.4857
705 , 6.3728
706 , 7.2898
707 , 6.482
708 , 6.083
709 , 7.4544
710 , 7.1222
711 , 695.085
712 , 7.0526
713 , 7.476
714 , 7.134
715 , 7.694
76 , 7.9241
77 , 6.7945
718 , 7.1204
719 , 7.0466
720 , 692.921
721 , 6.156
722 , 7.2396
723 , 6.4154
724 , 6.5042
725 , 7.5583
726 , 7.2283
727 , 6.6151
728 , 6.6786
729 , 867.519
730 , 6.1042
731 , 7.158
732 , 6.915
733 , 7.6685
734 , 6.2701
735 , 6.6046
736 , 6.3225
737 , 6.361
738 , 738.381
739 , 7.3439
740 , 6.5793
741 , 7.997
742 , 6.8941
743 , 6.9071
744 , 6.155
745 , 6.5949
746 , 6.1231
747 , 866.557
748 , 7.9867
749 , 6.383
750 , 6.0583
751 , 6.7992
752 , 7.9844
753 , 7.6983
754 , 7.3742
755 , 7.4936
756 , 649.831
757 , 6.0609
758 , 6.226
759 , 6.1576
760 , 6.5501
761 , 6.6803
762 , 7.4511
763 , 6.0229
764 , 6.346
765 , 635.702
766 , 6.7363
767 , 7.861
768 , 7.6963
769 , 6.8196
770 , 6.964
771 , 6.6724
772 , 7.0393
773 , 6.1245
774 , 865.842
775 , 6.1992
776 , 6.9757
777 , 6.9101
778 , 6.0821
779 , 6.3451
780 , 7.8402
781 , 7.0912
782 , 7.3842
783 , 777.123
784 , 6.8655
785 , 7.9212
786 , 7.8079
787 , 6.5153
788 , 7.1243
789 , 6.0441
790 , 6.4978
791 , 7.2286
792 , 705.855
793 , 7.9227
794 , 6.8026
795 , 7.3459
796 , 7.0233
797 , 7.8974
798 , 7.2448
799 , 7.205
800 , 7.5876
801 , 826.056
802 , 6.2933
803 , 7.389
804 , 7.4148
805 , 7.1256
806 , 6.4766
807 , 6.697
808 , 7.0261
809 , 7.5678
810 , 630.613
811 , 7.9842
812 , 6.023
813 , 6.515
814 , 6.5446
815 , 6.5671
86 , 6.5768
87 , 6.078
818 , 7.0341
819 , 724.366
820 , 6.2603
821 , 6.8444
822 , 7.1959
823 , 7.9789
824 , 6.551
825 , 7.8142
826 , 7.3894
827 , 7.4305
828 , 864.194
829 , 7.6002
830 , 7.3959
831 , 7.666
832 , 6.779
833 , 7.6976
834 , 7.3224
835 , 6.8598
836 , 7.3724
837 , 659.968
838 , 7.9185
839 , 7.4489
840 , 7.1035
841 , 7.027
842 , 7.0346
843 , 7.2494
844 , 6.9779
845 , 6.2007
846 , 764.421
847 , 6.0064
848 , 6.1467
849 , 6.4566
850 , 7.9554
851 , 7.6841
852 , 7.618
853 , 6.4484
854 , 6.4382
855 , 849.66
856 , 7.9761
857 , 7.671
858 , 7.6882
859 , 7.8488
860 , 6.0723
861 , 6.838
862 , 6.8842
863 , 7.8301
864 , 836.071
865 , 7.7075
866 , 7.0562
867 , 6.8314
868 , 6.567
869 , 7.57
870 , 6.778
871 , 7.1211
872 , 6.064
873 , 692.609
874 , 6.2261
875 , 7.2639
876 , 7.8304
877 , 6.1997
878 , 6.5823
879 , 7.6781
880 , 7.6649
881 , 6.4614
882 , 798.803
883 , 7.9443
884 , 7.8433
885 , 6.1014
886 , 7.0762
887 , 7.7101
888 , 7.4223
889 , 7.1182
890 , 6.2013
891 , 841.19
892 , 6.5651
893 , 6.6065
894 , 6.542
895 , 7.7575
896 , 7.0215
897 , 7.4624
898 , 6.7461
899 , 6.9105
900 , 571.621
901 , 6.3962
902 , 7.7622
903 , 6.519
904 , 7.366
905 , 6.4868
906 , 7.5638
907 , 6.492
908 , 6.104
909 , 661.963
910 , 7.8831
911 , 7.7043
912 , 6.144
913 , 7.3987
914 , 6.7995
915 , 6.3584
96 , 7.9093
97 , 6.7691
918 , 567.687
919 , 6.7325
920 , 7.6353
921 , 7.2888
922 , 6.8323
923 , 7.2087
924 , 6.3283
925 , 7.8878
926 , 6.74
927 , 568.418
928 , 7.2975
929 , 7.369
930 , 6.2148
931 , 7.6401
932 , 6.8766
933 , 6.5419
934 , 7.802
935 , 6.2101
936 , 753.902
937 , 6.2569
938 , 7.1582
939 , 6.8475
940 , 6.4191
941 , 6.5303
942 , 7.5003
943 , 6.2382
944 , 6.7776
945 , 665.27
946 , 6.6024
947 , 6.9751
948 , 7.9622
949 , 6.0263
950 , 6.8691
951 , 7.2893
952 , 6.742
953 , 7.9099
954 , 850.234
955 , 7.332
956 , 7.7718
957 , 7.9613
958 , 7.5596
959 , 6.0913
960 , 6.907
961 , 6.5882
962 , 7.3722
963 , 613.528
964 , 6.9405
965 , 7.2562
966 , 6.7861
967 , 7.2515
968 , 7.8035
969 , 6.4087
970 , 7.8422
971 , 7.5475
972 , 570.149
973 , 7.996
974 , 7.4476
975 , 7.9213
976 , 6.9828
977 , 7.5143
978 , 6.7368
979 , 6.6367
980 , 6.7914
981 , 762.352
982 , 7.7253
983 , 7.7991
984 , 6.6146
985 , 6.6905
986 , 7.712
987 , 6.076
988 , 7.979
989 , 6.8088
990 , 577.661
991 , 6.264
992 , 7.781
993 , 7.1106
994 , 6.5753
995 , 7.2725
996 , 7.4293
997 , 6.5685
998 , 6.8483
999 , 563.555
1000 , 6.8975
1001 , 7.7235
1002 , 6.6108
1003 , 7.3493
1004 , 7.0441
1005 , 6.2623
1006 , 7.7455
1007 , 7.126
1008 , 704.854
1009 , 6.9249
1010 , 7.914
1011 , 7.9372
1012 , 6.6504
1013 , 7.1561
1014 , 6.8237
1015 , 6.5772
106 , 7.6559
107 , 857.529
1018 , 7.0689
1019 , 7.1095
1020 , 7.0685
1021 , 7.3781
1022 , 7.6089
1023 , 6.7836
1024 , 7.8927
1025 , 6.9396
1026 , 633.337
1027 , 6.0013
1028 , 7.941
1029 , 7.7257
1030 , 6.577
1031 , 7.068
1032 , 6.3057
1033 , 7.8395
1034 , 6.0714
1035 , 76.847
1036 , 6.0748
1037 , 7.603
1038 , 7.9401
1039 , 7.7747
1040 , 7.8648
1041 , 6.0042
1042 , 7.0744
1043 , 6.1336
1044 , 654.543
1045 , 6.0984
1046 , 6.436
1047 , 7.6086
1048 , 7.8964
1049 , 6.9193
1050 , 7.2005
1051 , 7.5446
1052 , 7.797
1053 , 846.659
1054 , 6.5123
1055 , 7.7745
1056 , 6.74
1057 , 6.8545
1058 , 7.1229
1059 , 6.41
1060 , 7.766
1061 , 7.4481
1062 , 658.512
1063 , 6.6347
1064 , 7.0906
1065 , 6.7063
1066 , 7.4389
1067 , 7.5539
1068 , 7.625
1069 , 7.465
1070 , 7.8395
1071 , 834.723
1072 , 7.2795
1073 , 6.7235
1074 , 7.3324
1075 , 7.008
1076 , 6.6059
1077 , 6.1802
1078 , 6.647
1079 , 7.0098
1080 , 766.526
1081 , 6.3767
1082 , 7.7066
1083 , 7.8105
1084 , 6.015
1085 , 7.1864
1086 , 7.5862
1087 , 6.7584
1088 , 6.025
1089 , 796.291
1090 , 6.3289
1091 , 6.479
1092 , 7.8152
1093 , 6.6947
1094 , 7.9957
1095 , 7.894
1096 , 6.8508
1097 , 7.405
1098 , 702.772
1099 , 6.8507
1100 , 7.3408
1101 , 7.4901
1102 , 7.6326
1103 , 7.8505
1104 , 6.87
1105 , 7.4992
1106 , 7.9144
1107 , 809.246
1108 , 6.5685
1109 , 7.2426
1110 , 6.4331
1111 , 6.7411
1112 , 7.9423
1113 , 7.0991
1114 , 6.5095
1115 , 7.681
116 , 574.859
117 , 7.7031
1118 , 6.7814
1119 , 7.4311
1120 , 7.5968
1121 , 6.7784
1122 , 6.4451
1123 , 6.3939
1124 , 6.626
1125 , 705.07
1126 , 6.6241
1127 , 7.0543
1128 , 7.9192
1129 , 7.062
1130 , 7.0233
1131 , 6.678
1132 , 7.0789
1133 , 6.0632
1134 , 594.318
1135 , 6.2227
1136 , 7.6681
1137 , 6.3443
1138 , 6.1183
1139 , 7.3398
1140 , 7.807
1141 , 7.3013
1142 , 7.6204
1143 , 790.37
1144 , 7.4811
1145 , 6.4449
1146 , 7.9876
1147 , 6.8693
1148 , 6.3011
1149 , 6.1203
1150 , 6.4755
1151 , 6.4754
1152 , 573.88
1153 , 7.521
1154 , 7.8702
1155 , 6.0342
1156 , 7.2406
1157 , 6.4904
1158 , 6.0847
1159 , 7.2677
160 , 6.8306
161 , 739.702
162 , 7.2782
163 , 6.662
164 , 7.099
165 , 6.2857
166 , 6.846
167 , 6.208
168 , 6.4659
169 , 7.2859
170 , 863.235
171 , 6.9315
172 , 7.0313
173 , 6.6683
174 , 6.2452
175 , 6.0982
176 , 7.5941
177 , 6.4914
178 , 6.9244
179 , 609.338
1180 , 7.0373
1181 , 7.7356
1182 , 7.6902
1183 , 6.896
1184 , 6.67
1185 , 7.5652
1186 , 6.3799
1187 , 6.1961
1188 , 682.667
1189 , 6.2562
1190 , 6.0024
1191 , 7.4061
1192 , 6.3954
1193 , 6.588
1194 , 7.8061
1195 , 7.518
1196 , 7.4827
1197 , 76.682
1198 , 6.1283
1199 , 7.0354
1200 , 7.5337
1201 , 6.1582
1202 , 7.2188
1203 , 6.669
1204 , 6.3491
1205 , 6.013
1206 , 598.699
1207 , 7.6129
1208 , 7.3909
1209 , 6.3073
1210 , 6.3835
1211 , 6.6304
1212 , 6.7337
1213 , 7.5329
1214 , 7.7632
1215 , 850.092
126 , 6.1076
127 , 6.7078
1218 , 7.3422
1219 , 7.9969
1220 , 6.9782
1221 , 7.6601
1222 , 7.4434
1223 , 7.4232
1224 , 879.371
1225 , 6.2725
1226 , 7.2235
1227 , 6.711
1228 , 7.3541
1229 , 6.5029
1230 , 7.8986
1231 , 7.6332
1232 , 7.4853
1233 , 795.555
1234 , 6.2715
1235 , 6.6426
1236 , 6.8299
1237 , 7.2006
1238 , 6.0519
1239 , 6.8966
1240 , 6.712
1241 , 6.8871
1242 , 600.804
1243 , 7.134
1244 , 7.6194
1245 , 7.9001
1246 , 7.0378
1247 , 7.0057
1248 , 7.0067
1249 , 6.615
1250 , 7.3104
1251 , 726.938
1252 , 6.432
1253 , 6.4571
1254 , 7.1536
1255 , 6.761
1256 , 6.2182
1257 , 6.173
1258 , 6.8977
1259 , 7.0954
1260 , 805.475
1261 , 7.0775
1262 , 7.2324
1263 , 6.726
1264 , 7.4966
1265 , 7.5625
1266 , 6.7339
1267 , 7.2463
1268 , 6.3561
1269 , 585.938
1270 , 7.3508
1271 , 6.2588
1272 , 6.7825
1273 , 7.5558
1274 , 6.3114
1275 , 7.0581
1276 , 6.2996
1277 , 6.653
1278 , 613.577
1279 , 7.4511
1280 , 7.8531
1281 , 6.0395
1282 , 7.3743
1283 , 6.7859
1284 , 7.2518
1285 , 6.5857
1286 , 7.6974
1287 , 676.182
1288 , 6.9909
1289 , 6.1528
1290 , 7.695
1291 , 7.6764
1292 , 7.6241
1293 , 7.0768
1294 , 7.7194
1295 , 7.7958
1296 , 657.606
1297 , 7.5547
1298 , 7.0699
1299 , 7.0344
1300 , 6.526
1301 , 6.1909
1302 , 7.422
1303 , 7.2473
1304 , 6.7321
1305 , 691.747
1306 , 6.5494
1307 , 6.3876
1308 , 6.4093
1309 , 6.4722
1310 , 6.368
1311 , 7.1333
1312 , 6.8477
1313 , 6.669
1314 , 673.813
1315 , 7.04
136 , 6.7648
137 , 6.3859
1318 , 7.707
1319 , 7.5837
1320 , 6.4982
1321 , 6.9822
1322 , 6.9481
1323 , 565.938
1324 , 6.8081
1325 , 6.2636
1326 , 6.56
1327 , 7.6758
1328 , 6.7987
1329 , 7.5115
1330 , 6.3193
1331 , 7.0151
1332 , 777.47
1333 , 7.0002
1334 , 7.6808
1335 , 7.0337
1336 , 6.4095
1337 , 7.5869
1338 , 6.0102
1339 , 7.6281
1340 , 7.5088
1341 , 791.929
1342 , 6.8642
1343 , 6.2364
1344 , 6.2618
1345 , 7.5108
1346 , 7.2989
1347 , 6.0507
1348 , 7.1131
1349 , 7.2284
1350 , 685.86
1351 , 6.6135
1352 , 6.7042
1353 , 7.874
1354 , 7.0263
1355 , 7.4661
1356 , 6.2914
1357 , 7.8202
1358 , 6.2212
1359 , 831.414
1360 , 6.4718
1361 , 6.312
1362 , 6.3909
1363 , 7.2093
1364 , 6.66
1365 , 7.6129
1366 , 6.8623
1367 , 6.1961
1368 , 742.535
1369 , 6.3095
1370 , 7.6226
1371 , 6.7747
1372 , 7.5933
1373 , 7.1888
1374 , 6.718
1375 , 6.7327
1376 , 6.1096
1377 , 739.532
1378 , 7.902
1379 , 7.3879
1380 , 7.0742
1381 , 7.8326
1382 , 6.7924
1383 , 7.2773
1384 , 6.8711
1385 , 6.7352
1386 , 734.678
1387 , 7.2291
1388 , 6.031
1389 , 6.268
1390 , 6.4297
1391 , 6.8322
1392 , 6.2221
1393 , 6.5818
1394 , 7.7905
1395 , 593.815
1396 , 7.1001
1397 , 7.2705
1398 , 7.3528
1399 , 6.0795
1400 , 7.966
1401 , 6.4885
1402 , 7.6132
1403 , 6.6828
1404 , 838.274
1405 , 7.489
1406 , 7.6138
1407 , 7.7113
1408 , 6.3381
1409 , 7.2581
1410 , 7.7192
1411 , 6.0687
1412 , 7.2901
1413 , 6.0031
1414 , 7.9852
1415 , 7.6111
146 , 621.026
147 , 6.2989
1418 , 6.9789
1419 , 7.7958
1420 , 6.4069
1421 , 6.5357
1422 , 6.2006
1423 , 7.5953
1424 , 7.3342
1425 , 6.5385
1426 , 6.4266
1427 , 7.9061
1428 , 596.86
1429 , 7.3985
1430 , 6.6008
1431 , 7.7713
1432 , 6.5749
1433 , 6.4055
1434 , 6.684
1435 , 7.8394
1436 , 7.7755
1437 , 7.1538
1438 , 7.2363
1439 , 7.8065
1440 , 843.157
1441 , 6.728
1442 , 6.8938
1443 , 7.838
1444 , 6.8285
1445 , 7.2199
1446 , 6.7471
1447 , 7.8284
1448 , 6.9188
1449 , 7.9194
1450 , 6.546
1451 , 6.9631
1452 , 720.722
1453 , 6.1463
1454 , 6.8012
1455 , 6.0624
1456 , 6.5452
1457 , 7.9387
1458 , 7.0609
1459 , 7.765
1460 , 6.5501
1461 , 7.6513
1462 , 7.2461
1463 , 7.3586
1464 , 745.034
1465 , 6.5231
1466 , 6.5322
1467 , 7.2559
1468 , 6.5472
1469 , 6.547
1470 , 7.5872
1471 , 7.7158
1472 , 6.678
1473 , 7.808
1474 , 7.4248
1475 , 6.4842
1476 , 622.64
1477 , 6.6769
1478 , 6.4136
1479 , 7.507
1480 , 7.6441
1481 , 7.2369
1482 , 7.3877
1483 , 7.0851
1484 , 7.1858
1485 , 6.2029
1486 , 7.3691
1487 , 6.7733
1488 , 569.122
1489 , 6.2537
1490 , 7.5875
1491 , 7.66
1492 , 6.9569
1493 , 6.4123
1494 , 7.9083
1495 , 6.9574
1496 , 6.8764
1497 , 7.9112
1498 , 7.1056
1499 , 7.5745
1500 , 6.0892
1501 , 629.572
1502 , 7.5319
1503 , 7.7419
1504 , 7.9784
1505 , 6.2727
1506 , 7.9714
1507 , 6.1863
1508 , 6.536
1509 , 7.3596
1510 , 6.5546
1511 , 7.709
1512 , 581.665
1513 , 7.1949
1514 , 6.362
1515 , 7.6261
156 , 7.4336
157 , 6.6054
1518 , 7.4192
1519 , 7.7667
1520 , 7.7327
1521 , 7.144
1522 , 6.5359
1523 , 6.5879
1524 , 579.231
1525 , 7.2657
1526 , 7.7446
1527 , 7.2538
1528 , 6.754
1529 , 7.2231
1530 , 6.3747
1531 , 7.3875
1532 , 7.2434
1533 , 7.9999
1534 , 6.6679
1535 , 7.9635
1536 , 844.298
1537 , 7.7585
1538 , 7.9955
1539 , 6.6672
1540 , 7.745
1541 , 6.859
1542 , 6.4989
1543 , 6.3079
1544 , 7.7655
1545 , 6.2882
1546 , 7.966
1547 , 6.3928
1548 , 665.431
1549 , 6.7096
1550 , 6.4979
1551 , 6.3575
1552 , 6.0903
1553 , 7.0536
1554 , 7.8199
1555 , 6.6143
1556 , 6.9402
1557 , 6.5997
1558 , 6.7408
1559 , 7.0905
1560 , 854.248
1561 , 6.8603
1562 , 7.0768
1563 , 6.0958
1564 , 6.747
1565 , 7.7345
1566 , 6.3995
1567 , 6.6234
1568 , 7.5446
1569 , 7.1347
1570 , 7.74
1571 , 6.797
1572 , 861.552
1573 , 6.4681
1574 , 6.9384
1575 , 7.4955
1576 , 7.0294
1577 , 6.3372
1578 , 7.6844
1579 , 6.6194
1580 , 7.0521
1581 , 6.6469
1582 , 7.5159
1583 , 6.287
1584 , 635.662
1585 , 7.6933
1586 , 7.8857
1587 , 6.0958
1588 , 7.0647
1589 , 7.1548
1590 , 7.5134
1591 , 6.9562
1592 , 7.0001
1593 , 7.2489
1594 , 7.7093
1595 , 6.5235
1596 , 807.435
1597 , 6.5381
1598 , 7.2702
1599 , 6.8137
600 , 6.4193
601 , 7.442
602 , 7.9908
603 , 6.2194
604 , 7.9489
605 , 7.4534
606 , 7.1806
607 , 7.8469
608 , 829.626
609 , 6.2709
610 , 7.0863
611 , 7.8213
612 , 7.3362
613 , 7.474
614 , 7.6907
615 , 6.7907
66 , 7.0451
67 , 6.6473
618 , 6.0475
619 , 7.9012
620 , 641.136
621 , 7.2673
622 , 7.1313
623 , 6.501
624 , 6.9241
625 , 7.337
626 , 6.8283
627 , 6.2279
628 , 7.8499
629 , 7.9672
630 , 6.6877
631 , 7.786
632 , 761.504
633 , 7.1075
634 , 7.5248
635 , 6.1228
636 , 7.635
637 , 6.1301
638 , 7.8886
639 , 6.0961
640 , 6.5018
641 , 7.254
642 , 6.3543
643 , 7.5229
644 , 682.745
645 , 7.7797
646 , 6.3012
647 , 6.8554
648 , 7.26
649 , 7.0839
650 , 6.9206
651 , 7.2381
652 , 7.3809
653 , 7.077
654 , 6.0493
655 , 7.3734
656 , 839.306
657 , 7.3532
658 , 6.8663
659 , 6.6484
660 , 6.0241
661 , 6.7389
662 , 6.2633
663 , 6.6074
664 , 7.0552
665 , 6.1475
666 , 7.9395
667 , 6.0888
668 , 599.509
669 , 7.2901
670 , 7.0855
671 , 6.9927
672 , 7.742
673 , 7.746
674 , 6.1936
675 , 6.6256
676 , 6.0311
677 , 7.1924
678 , 6.8597
679 , 7.2091
680 , 762.456
681 , 7.3143
682 , 7.3828
683 , 6.9654
684 , 6.2888
685 , 7.2723
686 , 7.5889
687 , 7.7231
688 , 6.0371
689 , 7.9872
690 , 7.181
691 , 6.3775
692 , 708.537
693 , 7.0415
694 , 6.7089
695 , 6.742
696 , 7.4869
697 , 7.8539
698 , 7.4137
699 , 7.5221
700 , 6.0101
701 , 7.0008
702 , 6.6701
703 , 6.2605
704 , 729.255
705 , 6.3557
706 , 7.203
707 , 7.3141
708 , 6.5855
709 , 6.7912
710 , 7.6877
711 , 6.9693
712 , 6.4027
713 , 6.3055
714 , 6.9895
715 , 6.77
76 , 629.532
77 , 7.9602
718 , 7.6449
719 , 6.6303
720 , 6.2959
721 , 7.8688
722 , 7.3242
723 , 6.7771
724 , 7.3261
725 , 7.7148
726 , 7.2814
727 , 7.1281
728 , 844.391
729 , 7.6431
730 , 7.044
731 , 6.9927
732 , 6.9858
733 , 7.0428
734 , 7.878
735 , 7.9373
736 , 6.1055
737 , 6.7835
738 , 6.7876
739 , 7.5528
740 , 642.927
741 , 7.0574
742 , 7.3929
743 , 6.1288
744 , 7.6943
745 , 7.3024
746 , 7.306
747 , 7.5709
748 , 6.1999
749 , 7.0358
750 , 6.0912
751 , 7.0354
752 , 846.192
753 , 7.5312
754 , 7.58
755 , 7.5529
756 , 7.12
757 , 7.0262
758 , 7.1422
759 , 6.9982
760 , 7.5519
761 , 7.4531
762 , 6.6013
763 , 7.6433
764 , 709.426
765 , 6.6442
766 , 6.1013
767 , 7.1951
768 , 6.7349
769 , 7.9009
770 , 7.0307
771 , 6.3661
772 , 7.1586
773 , 6.8665
774 , 6.3014
775 , 7.5813
776 , 630.881
777 , 6.3586
778 , 7.9565
779 , 7.8102
780 , 7.9474
781 , 6.4108
782 , 6.5207
783 , 7.6728
784 , 6.5391
785 , 6.3699
786 , 7.308
787 , 7.5997
788 , 645.252
789 , 6.0803
790 , 7.9553
791 , 6.55
792 , 7.2863
793 , 7.1157
794 , 6.7098
795 , 7.375
796 , 6.9007
797 , 7.3596
798 , 7.9691
799 , 7.5011
1800 , 787.474
1801 , 7.642
1802 , 7.9536
1803 , 6.1828
1804 , 6.5557
1805 , 6.2931
1806 , 6.3356
1807 , 6.7219
1808 , 6.236
1809 , 7.3101
1810 , 7.4505
1811 , 7.1858
1812 , 865.079
1813 , 7.6455
1814 , 7.2074
1815 , 7.3286
186 , 6.8708
187 , 7.9922
1818 , 6.8392
1819 , 6.4448
1820 , 6.5251
1821 , 6.8056
1822 , 6.9808
1823 , 7.6597
1824 , 653.555
1825 , 6.1381
1826 , 6.7711
1827 , 7.137
1828 , 7.3276
1829 , 7.1849
1830 , 6.6494
1831 , 6.5703
1832 , 7.843
1833 , 7.6578
1834 , 6.2915
1835 , 7.7112
1836 , 635.705
1837 , 6.5911
1838 , 6.3044
1839 , 6.078
1840 , 6.7003
1841 , 6.263
1842 , 6.0315
1843 , 7.2554
1844 , 6.996
1845 , 6.0052
1846 , 7.8398
1847 , 6.0511
1848 , 601.776
1849 , 6.0721
1850 , 7.8368
1851 , 6.0583
1852 , 6.718
1853 , 7.756
1854 , 6.609
1855 , 6.812
1856 , 7.0971
1857 , 6.9488
1858 , 6.2784
1859 , 7.0887
1860 , 649.081
1861 , 6.69
1862 , 6.6298
1863 , 7.6041
1864 , 6.754
1865 , 7.1801
1866 , 7.6962
1867 , 6.456
1868 , 6.5854
1869 , 7.5911
1870 , 6.7877
1871 , 6.4075
1872 , 711.543
1873 , 6.5192
1874 , 7.464
1875 , 6.386
1876 , 7.3849
1877 , 6.4811
1878 , 7.1097
1879 , 6.7271
1880 , 7.7803
1881 , 6.9495
1882 , 6.3115
1883 , 6.0048
1884 , 591.131
1885 , 6.5425
1886 , 6.5502
1887 , 6.4693
1888 , 6.3094
1889 , 7.5987
1890 , 6.8661
1891 , 6.4259
1892 , 6.0082
1893 , 7.7072
1894 , 6.1827
1895 , 7.4851
1896 , 738.365
1897 , 6.4251
1898 , 6.9344
1899 , 6.5502
1900 , 7.4933
1901 , 7.6566
1902 , 7.6721
1903 , 6.9944
1904 , 6.4823
1905 , 6.8184
1906 , 7.854
1907 , 6.5704
1908 , 718.949
1909 , 6.341
1910 , 6.9446
1911 , 7.7677
1912 , 7.8335
1913 , 6.2126
1914 , 7.5689
1915 , 7.296
196 , 6.2888
197 , 7.0098
1918 , 6.1591
1919 , 6.4262
1920 , 704.34
1921 , 6.6092
1922 , 7.4227
1923 , 6.0502
1924 , 6.7418
1925 , 6.5795
1926 , 7.74
1927 , 7.2905
1928 , 6.3495
1929 , 6.8741
1930 , 7.1583
1931 , 6.8389
1932 , 843.619
1933 , 6.8904
1934 , 6.1804
1935 , 6.3935
1936 , 6.6743
1937 , 7.8185
1938 , 7.6183
1939 , 7.5289
1940 , 7.9225
1941 , 6.6953
1942 , 6.886
1943 , 6.9087
1944 , 820.915
1945 , 7.2551
1946 , 7.7192
1947 , 7.331
1948 , 7.0304
1949 , 7.4511
1950 , 7.6368
1951 , 6.3857
1952 , 7.5127
1953 , 7.9181
1954 , 6.5666
1955 , 6.3156
1956 , 658.596
1957 , 6.224
1958 , 6.9538
1959 , 7.912
1960 , 7.8209
1961 , 7.782
1962 , 7.8042
1963 , 6.757
1964 , 6.963
1965 , 6.247
1966 , 7.4476
1967 , 7.4364
1968 , 663.574
1969 , 6.1332
1970 , 6.9313
1971 , 7.461
1972 , 7.2902
1973 , 6.45
1974 , 6.3302
1975 , 6.777
1976 , 6.9365
1977 , 6.7698
1978 , 7.6565
1979 , 6.2097
1980 , 679.243
1981 , 6.5722
1982 , 6.1415
1983 , 6.5868
1984 , 6.9956
1985 , 7.8239
1986 , 6.2132
1987 , 6.8638
1988 , 7.0051
1989 , 7.2342
1990 , 7.0087
1991 , 7.6053
1992 , 7.3093
1993 , 6.7533
1994 , 7.96
1995 , 6.2556
1996 , 7.0311
1997 , 6.7947
1998 , 6.7225
1999 , 7.3107
2000 , 7.667
2001 , 876.676
2002 , 7.5232
2003 , 7.7145
2004 , 734.323
2005 , 6.8456
2006 , 6.3297
2007 , 6.0772
2008 , 7.4012
2009 , 6.5115
2010 , 6.1453
2011 , 6.8101
2012 , 7.3323
2013 , 6.115
2014 , 6.2734
2015 , 7.674
206 , 591.253
207 , 6.6913
2018 , 6.4638
2019 , 7.4468
2020 , 6.0578
2021 , 7.0723
2022 , 6.3523
2023 , 6.4598
2024 , 6.5761
2025 , 6.3843
2026 , 7.4945
2027 , 6.8464
2028 , 811.808
2029 , 6.2222
2030 , 6.9707
2031 , 7.747
2032 , 6.7341
2033 , 6.3601
2034 , 7.26
2035 , 7.5461
2036 , 6.3613
2037 , 7.5892
2038 , 7.9096
2039 , 7.5314
2040 , 723.076
2041 , 7.5575
2042 , 7.1099
2043 , 7.2272
2044 , 7.6097
2045 , 7.4949
2046 , 6.8675
2047 , 6.9895
2048 , 6.0391
2049 , 7.9332
2050 , 6.2609
2051 , 6.9875
2052 , 668.499
2053 , 7.5098
2054 , 7.6368
2055 , 7.7527
2056 , 6.3669
2057 , 6.5486
2058 , 7.7318
2059 , 7.8237
2060 , 6.5789
2061 , 7.5395
2062 , 6.4065
2063 , 7.181
2064 , 658.221
2065 , 6.6514
2066 , 7.5673
2067 , 6.8705
2068 , 6.0125
2069 , 6.461
2070 , 6.309
2071 , 6.6872
2072 , 7.298
2073 , 6.6122
2074 , 6.9484
2075 , 7.792
2076 , 853.009
2077 , 6.2102
2078 , 6.21
2079 , 7.4212
2080 , 6.4575
2081 , 6.9842
2082 , 6.6576
2083 , 7.2674
2084 , 7.5719
2085 , 7.8311
2086 , 6.7148
2087 , 7.0198
2088 , 648.583
2089 , 6.276
2090 , 6.7509
2091 , 7.1092
2092 , 7.4326
2093 , 6.4093
2094 , 6.5077
2095 , 7.5332
2096 , 6.1072
2097 , 6.4291
2098 , 7.593
2099 , 6.8576
2100 , 692.042
2101 , 6.6732
2102 , 6.5059
2103 , 7.6509
2104 , 7.6158
2105 , 6.5914
2106 , 6.2436
2107 , 6.3652
2108 , 6.8659
2109 , 7.9327
2110 , 7.074
2111 , 7.6222
2112 , 780.576
2113 , 7.6853
2114 , 7.7702
2115 , 6.0775
216 , 7.1892
217 , 6.493
2118 , 7.3671
2119 , 6.8048
2120 , 6.9143
2121 , 6.3894
2122 , 6.7214
2123 , 6.602
2124 , 867.719
2125 , 6.9433
2126 , 6.6442
2127 , 7.7377
2128 , 6.385
2129 , 6.3896
2130 , 7.42
2131 , 7.9292
2132 , 7.7373
2133 , 7.3366
2134 , 6.673
2135 , 6.0993
2136 , 633.764
2137 , 6.7012
2138 , 6.9206
2139 , 7.6358
2140 , 7.8848
2141 , 7.2722
2142 , 6.2701
2143 , 7.6241
2144 , 6.6629
2145 , 6.785
2146 , 6.9636
2147 , 7.7814
2148 , 77.892
2149 , 7.3752
2150 , 6.3723
2151 , 6.2474
2152 , 6.6339
2153 , 6.9211
2154 , 6.2791
2155 , 7.7008
2156 , 7.182
2157 , 7.0108
2158 , 6.0038
2159 , 7.8184
260 , 669.643
261 , 7.7113
262 , 6.0473
263 , 6.396
264 , 6.8646
265 , 6.66
266 , 6.2766
267 , 6.3722
268 , 7.2421
269 , 6.4532
270 , 6.8541
271 , 7.742
272 , 567.855
273 , 6.4596
274 , 6.9004
275 , 7.2863
276 , 6.7496
277 , 7.5227
278 , 7.6252
279 , 6.8276
2180 , 6.7787
2181 , 7.6199
2182 , 6.0093
2183 , 7.0099
2184 , 775.479
2185 , 7.9571
2186 , 6.6896
2187 , 6.5871
2188 , 7.8684
2189 , 6.7432
2190 , 6.7451
2191 , 7.6574
2192 , 7.0746
2193 , 7.0464
2194 , 7.666
2195 , 7.4685
2196 , 87.543
2197 , 7.7827
2198 , 7.1478
2199 , 7.6968
2200 , 7.4839
2201 , 7.0514
2202 , 6.2158
2203 , 6.1871
2204 , 7.388
2205 , 7.5704
2206 , 7.5597
2207 , 7.2311
2208 , 653.258
2209 , 7.146
2210 , 7.9314
2211 , 7.088
2212 , 6.6446
2213 , 7.8386
2214 , 7.1497
2215 , 7.0895
226 , 6.0576
227 , 6.5994
2218 , 7.8432
2219 , 6.1339
2220 , 649.539
2221 , 7.4957
2222 , 7.3673
2223 , 6.4431
2224 , 6.7201
2225 , 6.6936
2226 , 7.4535
2227 , 7.9526
2228 , 7.808
2229 , 7.4221
2230 , 6.7208
2231 , 7.4321
2232 , 718.655
2233 , 7.6772
2234 , 6.3214
2235 , 7.9227
2236 , 7.4596
2237 , 6.5395
2238 , 7.8249
2239 , 6.9618
2240 , 7.7229
2241 , 7.7125
2242 , 6.4252
2243 , 7.553
2244 , 804.279
2245 , 6.4907
2246 , 6.3985
2247 , 7.7138
2248 , 7.0531
2249 , 6.0734
2250 , 7.8774
2251 , 6.6215
2252 , 7.0207
2253 , 7.4081
2254 , 6.1289
2255 , 7.5864
2256 , 634.37
2257 , 6.2712
2258 , 6.7883
2259 , 6.098
2260 , 7.9762
2261 , 7.1191
2262 , 7.5552
2263 , 7.4852
2264 , 6.6832
2265 , 6.0675
2266 , 6.9729
2267 , 7.303
2268 , 862.341
2269 , 7.0033
2270 , 7.358
2271 , 7.4486
2272 , 6.7182
2273 , 6.5061
2274 , 6.232
2275 , 7.709
2276 , 6.4625
2277 , 7.7299
2278 , 6.7922
2279 , 7.6762
2280 , 858.877
2281 , 6.5521
2282 , 6.4531
2283 , 6.9789
2284 , 7.7
2285 , 7.3639
2286 , 6.9443
2287 , 6.7991
2288 , 6.7658
2289 , 7.965
2290 , 6.365
2291 , 7.0707
2292 , 841.208
2293 , 6.5806
2294 , 7.5764
2295 , 7.6582
2296 , 6.9458
2297 , 7.2522
2298 , 7.3826
2299 , 7.9867
2300 , 7.6144
2301 , 6.6611
2302 , 6.2228
2303 , 6.2005
2304 , 651.499
2305 , 7.6818
2306 , 6.3486
2307 , 7.5682
2308 , 6.4564
2309 , 6.3923
2310 , 6.7263
2311 , 7.4687
2312 , 6.7984
2313 , 6.64
2314 , 7.3859
2315 , 6.2145
236 , 573.015
237 , 6.5329
2318 , 6.5925
2319 , 7.0414
2320 , 7.6721
2321 , 6.5101
2322 , 6.9956
2323 , 6.0427
2324 , 6.6185
2325 , 6.609
2326 , 7.645
2327 , 6.3253
2328 , 668.958
2329 , 7.8397
2330 , 6.3777
2331 , 6.7109
2332 , 6.0807
2333 , 6.0563
2334 , 7.8004
2335 , 6.1901
2336 , 6.0713
2337 , 6.2073
2338 , 7.4725
2339 , 6.8543
2340 , 718.948
2341 , 6.9643
2342 , 6.1466
2343 , 6.9792
2344 , 6.5155
2345 , 7.1574
2346 , 6.7991
2347 , 6.749
2348 , 6.679
2349 , 6.5753
2350 , 6.4613
2351 , 6.467
2352 , 723.572
2353 , 6.872
2354 , 7.127
2355 , 6.6805
2356 , 6.5942
2357 , 7.5593
2358 , 6.1868
2359 , 6.2446
2360 , 6.0926
2361 , 7.1323
2362 , 6.379
2363 , 6.3581
2364 , 587.125
2365 , 7.4651
2366 , 6.507
2367 , 6.9995
2368 , 6.4048
2369 , 6.108
2370 , 6.5238
2371 , 7.1488
2372 , 6.4302
2373 , 7.013
2374 , 7.2959
2375 , 7.2273
2376 , 753.889
2377 , 7.9867
2378 , 6.7209
2379 , 7.2846
2380 , 6.0398
2381 , 7.7604
2382 , 7.0124
2383 , 7.1398
2384 , 6.057
2385 , 729.443
2386 , 7.3431
2387 , 6.9833
2388 , 7.5448
2389 , 6.7826
2390 , 7.6785
2391 , 6.8525
2392 , 7.7003
2393 , 6.4311
2394 , 7.5121
2395 , 6.0251
2396 , 7.267
2397 , 6.6837
2398 , 7.146
2399 , 6.3951
2400 , 829.515
2401 , 6.973
2402 , 7.1524
2403 , 7.1903
2404 , 6.6468
2405 , 6.6727
2406 , 7.147
2407 , 7.4883
2408 , 7.5511
2409 , 6.4437
2410 , 7.8953
2411 , 6.6596
2412 , 7.0149
2413 , 7.2955
2414 , 7.2557
2415 , 779.096
246 , 6.4879
247 , 7.7659
2418 , 6.3837
2419 , 7.253
2420 , 6.787
2421 , 6.735
2422 , 6.7261
2423 , 7.8481
2424 , 7.9458
2425 , 6.5531
2426 , 6.7274
2427 , 7.5012
2428 , 6.9376
2429 , 6.0595
2430 , 685.153
2431 , 6.473
2432 , 6.7157
2433 , 7.9111
2434 , 7.6424
2435 , 7.6513
2436 , 6.3765
2437 , 6.2054
2438 , 6.4546
2439 , 6.5215
2440 , 7.667
2441 , 7.8788
2442 , 7.7228
2443 , 7.0898
2444 , 6.3469
2445 , 797.077
2446 , 7.3627
2447 , 7.4631
2448 , 6.7383
2449 , 7.2371
2450 , 6.8097
2451 , 7.4014
2452 , 6.5096
2453 , 6.9545
2454 , 7.13
2455 , 6.064
2456 , 7.2428
2457 , 6.664
2458 , 6.754
2459 , 7.9434
2460 , 778.348
2461 , 7.038
2462 , 7.641
2463 , 7.4636
2464 , 7.4909
2465 , 7.2094
2466 , 7.9777
2467 , 7.3226
2468 , 6.4375
2469 , 6.0296
2470 , 6.3913
2471 , 7.2122
2472 , 7.7206
2473 , 7.8824
2474 , 6.4374
2475 , 762.952
2476 , 7.9092
2477 , 6.2572
2478 , 6.6482
2479 , 6.3943
2480 , 6.0835
2481 , 6.3411
2482 , 7.7903
2483 , 7.1511
2484 , 7.2732
2485 , 7.2722
2486 , 7.2863
2487 , 7.0371
2488 , 6.6536
2489 , 6.7122
2490 , 565.525
2491 , 7.0486
2492 , 6.3245
2493 , 6.6675
2494 , 6.3295
2495 , 6.9514
2496 , 6.5503
2497 , 7.6276
2498 , 6.3652
2499 , 7.5006
2500 , 6.6511
2501 , 6.0096
2502 , 7.4397
2503 , 6.0353
2504 , 7.2585
2505 , 632.309
2506 , 7.2944
2507 , 7.7669
2508 , 7.1045
2509 , 7.5938
2510 , 6.767
2511 , 6.4228
2512 , 6.1388
2513 , 7.4071
2514 , 6.585
2515 , 6.3739
256 , 6.8961
257 , 7.7287
2518 , 6.9629
2519 , 7.9196
2520 , 846.068
2521 , 7.8951
2522 , 7.1472
2523 , 6.3004
2524 , 7.656
2525 , 6.6054
2526 , 6.4914
2527 , 6.3329
2528 , 7.2395
2529 , 7.0686
2530 , 6.6259
2531 , 6.8208
2532 , 7.5554
2533 , 7.5758
2534 , 6.7488
2535 , 680.923
2536 , 7.2313
2537 , 7.8799
2538 , 7.2259
2539 , 7.9961
2540 , 6.3621
2541 , 6.4009
2542 , 6.563
2543 , 7.7384
2544 , 6.9373
2545 , 7.97
2546 , 7.7759
2547 , 6.2891
2548 , 6.5554
2549 , 7.2876
2550 , 687.554
2551 , 7.9384
2552 , 6.4943
2553 , 7.3407
2554 , 6.1872
2555 , 6.6884
2556 , 7.6065
2557 , 6.081
2558 , 6.2195
2559 , 7.5205
2560 , 7.4831
2561 , 6.2189
2562 , 7.1448
2563 , 6.1853
2564 , 6.3907
2565 , 704.944
2566 , 7.6544
2567 , 6.6201
2568 , 7.1821
2569 , 7.7884
2570 , 7.7621
2571 , 7.3431
2572 , 7.0097
2573 , 6.1541
2574 , 6.66
2575 , 7.7182
2576 , 7.393
2577 , 7.1363
2578 , 6.9682
2579 , 7.8903
2580 , 653.387
2581 , 6.7223
2582 , 6.5629
2583 , 6.66
2584 , 7.0472
2585 , 7.8058
2586 , 7.5003
2587 , 7.5383
2588 , 6.3353
2589 , 7.8828
2590 , 6.3097
2591 , 6.3777
2592 , 6.1395
2593 , 6.8597
2594 , 6.0575
2595 , 834.415
2596 , 7.8377
2597 , 6.9618
2598 , 7.7359
2599 , 6.7442
2600 , 7.2198
2601 , 6.5459
2602 , 6.8887
2603 , 6.2648
2604 , 6.8233
2605 , 6.8877
2606 , 6.5651
2607 , 6.7643
2608 , 6.9985
2609 , 6.6395
2610 , 605.029
2611 , 7.3485
2612 , 7.5694
2613 , 6.3679
2614 , 7.5251
2615 , 6.9911
266 , 7.5971
267 , 6.333
2618 , 7.1451
2619 , 6.5814
2620 , 7.9887
2621 , 6.9521
2622 , 7.9864
2623 , 6.345
2624 , 6.6786
2625 , 764.221
2626 , 7.6128
2627 , 6.6606
2628 , 7.866
2629 , 6.0214
2630 , 6.549
2631 , 7.657
2632 , 6.4096
2633 , 6.2505
2634 , 6.252
2635 , 6.1105
2636 , 6.0604
2637 , 7.9253
2638 , 7.0881
2639 , 7.8589
2640 , 660.848
2641 , 7.1125
2642 , 6.715
2643 , 6.1987
2644 , 7.2008
2645 , 6.669
2646 , 7.6739
2647 , 7.0136
2648 , 7.1524
2649 , 6.2979
2650 , 6.6245
2651 , 6.1057
2652 , 7.3318
2653 , 6.2421
2654 , 7.0514
2655 , 692.659
2656 , 7.3994
2657 , 6.8565
2658 , 6.6787
2659 , 6.0935
2660 , 7.8365
2661 , 6.7241
2662 , 6.5665
2663 , 6.8042
2664 , 7.7836
2665 , 6.9495
2666 , 6.527
2667 , 7.5207
2668 , 6.0629
2669 , 7.6365
2670 , 862.895
2671 , 7.4155
2672 , 6.8751
2673 , 6.786
2674 , 6.7789
2675 , 7.8843
2676 , 7.402
2677 , 7.061
2678 , 7.769
2679 , 7.3582
2680 , 6.9235
2681 , 6.8351
2682 , 6.359
2683 , 6.648
2684 , 7.647
2685 , 819.861
2686 , 6.2686
2687 , 6.4604
2688 , 6.5925
2689 , 7.3308
2690 , 6.8482
2691 , 6.7902
2692 , 6.4435
2693 , 6.4954
2694 , 7.5521
2695 , 7.4472
2696 , 6.1802
2697 , 6.3482
2698 , 6.0306
2699 , 6.3545
2700 , 742.887
2701 , 6.2812
2702 , 7.0381
2703 , 7.8506
2704 , 7.7152
2705 , 6.7245
2706 , 7.5448
2707 , 7.7415
2708 , 7.2134
2709 , 7.0315
2710 , 6.7524
2711 , 6.0674
2712 , 6.2454
2713 , 6.7206
2714 , 7.8536
2715 , 656.412
276 , 6.7647
277 , 6.8113
2718 , 7.7584
2719 , 7.4886
2720 , 6.3981
2721 , 7.363
2722 , 6.275
2723 , 6.6292
2724 , 6.7994
2725 , 7.8872
2726 , 7.0215
2727 , 6.8519
2728 , 7.4845
2729 , 7.1148
2730 , 746.027
2731 , 6.2053
2732 , 6.4908
2733 , 7.623
2734 , 7.3348
2735 , 6.3777
2736 , 7.3408
2737 , 7.9831
2738 , 6.5992
2739 , 6.9795
2740 , 6.119
2741 , 7.5658
2742 , 7.5919
2743 , 7.8006
2744 , 6.8846
2745 , 662.249
2746 , 7.9739
2747 , 7.8669
2748 , 6.0247
2749 , 6.159
2750 , 7.6714
2751 , 6.9563
2752 , 6.297
2753 , 7.7445
2754 , 7.7195
2755 , 7.77
2756 , 7.5577
2757 , 7.8138
2758 , 6.7014
2759 , 7.9749
2760 , 674.338
2761 , 7.2252
2762 , 7.3893
2763 , 7.9515
2764 , 6.9994
2765 , 7.3309
2766 , 6.6343
2767 , 7.7714
2768 , 7.1485
2769 , 7.0209
2770 , 7.3891
2771 , 6.484
2772 , 6.7447
2773 , 7.4849
2774 , 6.1145
2775 , 641.312
2776 , 6.7737
2777 , 6.6578
2778 , 7.6047
2779 , 6.9018
2780 , 6.7036
2781 , 7.0137
2782 , 6.9735
2783 , 7.472
2784 , 6.0328
2785 , 7.0138
2786 , 6.5142
2787 , 7.0532
2788 , 6.6107
2789 , 6.0343
2790 , 787.283
2791 , 7.0197
2792 , 6.0284
2793 , 7.5311
2794 , 6.0669
2795 , 7.3311
2796 , 7.0377
2797 , 7.739
2798 , 7.7294
2799 , 6.0861
2800 , 7.465
2801 , 7.5675
2802 , 6.3513
2803 , 6.0647
2804 , 7.7437
2805 , 610.19
2806 , 6.8421
2807 , 7.3587
2808 , 7.021
2809 , 6.0097
2810 , 6.4708
2811 , 7.1201
2812 , 6.2058
2813 , 7.9253
2814 , 7.3329
2815 , 7.9608
286 , 7.84
287 , 7.2449
2818 , 7.3569
2819 , 7.6477
2820 , 585.22
2821 , 6.8586
2822 , 6.9853
2823 , 6.4077
2824 , 6.5652
2825 , 6.2022
2826 , 6.577
2827 , 6.9958
2828 , 6.8126
2829 , 6.667
2830 , 7.7138
2831 , 6.0428
2832 , 7.9947
2833 , 6.9925
2834 , 7.8754
2835 , 710.145
2836 , 6.6878
2837 , 6.0148
2838 , 7.7547
2839 , 7.6428
2840 , 6.5735
2841 , 6.2288
2842 , 6.6112
2843 , 6.1408
2844 , 6.0108
2845 , 6.0726
2846 , 6.8845
2847 , 7.3441
2848 , 6.5274
2849 , 7.3948
2850 , 652.103
2851 , 6.6981
2852 , 7.7808
2853 , 7.5563
2854 , 6.7474
2855 , 7.5232
2856 , 7.8546
2857 , 7.9134
2858 , 7.2012
2859 , 6.3707
2860 , 7.8506
2861 , 7.8959
2862 , 6.8499
2863 , 6.0529
2864 , 6.4757
2865 , 825.17
2866 , 7.1542
2867 , 6.5278
2868 , 7.1887
2869 , 6.9047
2870 , 7.7891
2871 , 6.7581
2872 , 7.6855
2873 , 7.2738
2874 , 7.1842
2875 , 6.4855
2876 , 6.4191
2877 , 6.766
2878 , 6.766
2879 , 6.3212
2880 , 582.86
2881 , 6.2523
2882 , 7.318
2883 , 7.2636
2884 , 6.6631
2885 , 7.4754
2886 , 6.773
2887 , 7.2834
2888 , 6.7863
2889 , 6.5449
2890 , 6.9888
2891 , 7.4972
2892 , 7.3925
2893 , 7.3053
2894 , 6.6043
2895 , 647.037
2896 , 7.0041
2897 , 7.2049
2898 , 6.8148
2899 , 7.3049
2900 , 7.8313
2901 , 7.4301
2902 , 7.1081
2903 , 6.0029
2904 , 7.3891
2905 , 6.8329
2906 , 6.406
2907 , 7.9696
2908 , 7.266
2909 , 6.1287
2910 , 770.427
2911 , 7.2274
2912 , 6.0911
2913 , 6.3736
2914 , 6.904
2915 , 7.633
296 , 6.1931
297 , 6.947
2918 , 6.265
2919 , 6.5418
2920 , 7.102
2921 , 6.5637
2922 , 6.3253
2923 , 7.6215
2924 , 6.6807
2925 , 663.598
2926 , 7.0683
2927 , 7.2762
2928 , 7.8371
2929 , 6.784
2930 , 6.6066
2931 , 6.4925
2932 , 6.8843
2933 , 7.6615
2934 , 7.0639
2935 , 6.9233
2936 , 7.8632
2937 , 6.7352
2938 , 7.6762
2939 , 7.6319
2940 , 824.94
2941 , 6.6969
2942 , 6.7447
2943 , 6.9802
2944 , 6.5622
2945 , 7.0524
2946 , 6.1296
2947 , 7.1303
2948 , 7.3756
2949 , 6.5402
2950 , 6.6858
2951 , 7.6224
2952 , 6.1983
2953 , 6.0404
2954 , 6.0833
2955 , 832.844
2956 , 7.6234
2957 , 6.186
2958 , 6.3152
2959 , 7.8944
2960 , 6.2339
2961 , 7.534
2962 , 6.8732
2963 , 6.607
2964 , 7.3052
2965 , 7.0122
2966 , 6.6814
2967 , 6.797
2968 , 6.4606
2969 , 6.4083
2970 , 664.71
2971 , 6.0187
2972 , 6.3313
2973 , 6.6679
2974 , 6.1021
2975 , 7.4918
2976 , 7.1832
2977 , 7.9123
2978 , 6.932
2979 , 7.2259
2980 , 6.8871
2981 , 6.321
2982 , 6.041
2983 , 7.3408
2984 , 6.4999
2985 , 691.156
2986 , 6.9147
2987 , 6.1043
2988 , 6.3681
2989 , 6.8067
2990 , 6.8129
2991 , 7.9644
2992 , 7.3561
2993 , 7.6188
2994 , 7.9126
2995 , 7.5828
2996 , 7.4143
2997 , 6.9802
2998 , 7.2871
2999 , 7.5761
3000 , 630.943
3001 , 6.1966
3002 , 6.088
3003 , 7.9431
3004 , 7.0357
3005 , 7.2826
3006 , 7.8412
3007 , 7.7785
3008 , 7.6303
3009 , 6.1347
3010 , 6.7777
3011 , 6.0012
3012 , 7.266
3013 , 6.3059
3014 , 6.0315
3015 , 879.091
306 , 6.6682
307 , 7.386
3018 , 7.0474
3019 , 7.376
3020 , 6.0352
3021 , 6.6046
3022 , 7.7001
3023 , 7.2762
3024 , 6.4966
3025 , 7.5007
3026 , 6.5151
3027 , 6.1052
3028 , 6.2714
3029 , 7.8978
3030 , 601.882
3031 , 6.3092
3032 , 6.8059
3033 , 7.791
3034 , 7.4892
3035 , 7.9407
3036 , 6.4367
3037 , 6.773
3038 , 6.7149
3039 , 6.4364
3040 , 7.9384
3041 , 6.5794
3042 , 6.1887
3043 , 6.8981
3044 , 6.1238
3045 , 710.066
3046 , 6.4331
3047 , 6.5064
3048 , 7.0274
3049 , 7.0942
3050 , 7.3105
3051 , 7.2447
3052 , 7.469
3053 , 6.0007
3054 , 6.1508
3055 , 7.363
3056 , 7.3572
3057 , 6.8731
3058 , 7.47
3059 , 6.6882
3060 , 845.732
3061 , 7.7474
3062 , 7.8134
3063 , 6.7799
3064 , 7.0443
3065 , 7.7107
3066 , 6.6309
3067 , 7.2887
3068 , 7.6506
3069 , 6.2815
3070 , 6.962
3071 , 6.47
3072 , 6.7815
3073 , 7.6011
3074 , 7.1885
3075 , 819.898
3076 , 7.6351
3077 , 6.0747
3078 , 7.6625
3079 , 6.9472
3080 , 7.2237
3081 , 6.3914
3082 , 7.1326
3083 , 6.6751
3084 , 6.476
3085 , 6.387
3086 , 7.34
3087 , 6.3962
3088 , 7.4967
3089 , 6.3005
3090 , 715.959
3091 , 7.96
3092 , 7.4993
3093 , 6.605
3094 , 7.2525
3095 , 6.5776
3096 , 6.0581
3097 , 6.1189
3098 , 7.6485
3099 , 7.8366
3100 , 6.5637
3101 , 6.2187
3102 , 7.9955
3103 , 6.3815
3104 , 6.3028
3105 , 699.328
3106 , 7.8229
3107 , 6.3956
3108 , 6.7537
3109 , 7.4755
3110 , 6.4992
3111 , 6.9451
3112 , 6.62
3113 , 7.9731
3114 , 6.8697
3115 , 6.7832
316 , 7.7254
317 , 6.2157
3118 , 7.7389
3119 , 6.452
3120 , 635.034
3121 , 6.1264
3122 , 6.1258
3123 , 6.2594
3124 , 6.7375
3125 , 6.5236
3126 , 7.3485
3127 , 6.0034
3128 , 6.6598
3129 , 6.7151
3130 , 7.098
3131 , 7.4053
3132 , 6.4954
3133 , 6.705
3134 , 6.3968
3135 , 689.957
3136 , 7.5614
3137 , 7.5156
3138 , 7.136
3139 , 6.9028
3140 , 7.5057
3141 , 7.5639
3142 , 6.266
3143 , 7.2852
3144 , 7.9704
3145 , 7.4363
3146 , 7.3582
3147 , 7.5707
3148 , 7.0399
3149 , 6.6445
3150 , 657.386
3151 , 6.623
3152 , 6.6088
3153 , 7.9888
3154 , 6.767
3155 , 7.8362
3156 , 6.8495
3157 , 6.0308
3158 , 6.3381
3159 , 6.2143
360 , 6.0871
361 , 7.8044
362 , 6.9808
363 , 7.2358
364 , 6.3311
365 , 846.704
366 , 6.2596
367 , 6.8546
368 , 6.4853
369 , 6.9881
370 , 7.1396
371 , 7.1475
372 , 7.2709
373 , 7.5719
374 , 6.7447
375 , 7.4055
376 , 6.1108
377 , 7.7115
378 , 6.2262
379 , 7.3808
3180 , 785.828
3181 , 7.3549
3182 , 6.494
3183 , 6.1228
3184 , 6.4213
3185 , 6.1202
3186 , 6.1369
3187 , 6.8961
3188 , 7.473
3189 , 7.7758
3190 , 7.203
3191 , 6.525
3192 , 7.6644
3193 , 6.0112
3194 , 7.8911
3195 , 701.553
3196 , 7.0837
3197 , 7.2879
3198 , 6.9836
3199 , 6.3533
3200 , 7.9194
3201 , 7.2329
3202 , 7.8832
3203 , 6.3702
3204 , 6.1136
3205 , 6.0523
3206 , 7.963
3207 , 7.2088
3208 , 6.3078
3209 , 6.7093
3210 , 86.752
3211 , 6.933
3212 , 6.0006
3213 , 6.2429
3214 , 6.6231
3215 , 6.7405
326 , 6.5772
327 , 7.3513
3218 , 6.0756
3219 , 7.3128
3220 , 6.3436
3221 , 7.9533
3222 , 7.697
3223 , 7.1434
3224 , 7.8949
3225 , 663.702
3226 , 7.318
3227 , 7.5758
3228 , 7.186
3229 , 7.2504
3230 , 6.2594
3231 , 6.1994
3232 , 7.475
3233 , 6.4458
3234 , 7.0376
3235 , 7.026
3236 , 6.9687
3237 , 6.266
3238 , 6.0435
3239 , 7.8566
3240 , 793.655
3241 , 6.8206
3242 , 7.7787
3243 , 7.6663
3244 , 6.1362
3245 , 7.8406
3246 , 7.7719
3247 , 6.8187
3248 , 7.9327
3249 , 7.7064
3250 , 7.9352
3251 , 6.7539
3252 , 7.2544
3253 , 7.4841
3254 , 7.9646
3255 , 594.003
3256 , 6.8665
3257 , 6.2649
3258 , 6.9891
3259 , 7.5825
3260 , 7.037
3261 , 7.1252
3262 , 7.657
3263 , 6.6218
3264 , 7.8047
3265 , 7.5607
3266 , 7.3475
3267 , 6.6119
3268 , 7.5327
3269 , 6.333
3270 , 876.555
3271 , 6.3053
3272 , 7.0581
3273 , 6.6032
3274 , 7.0053
3275 , 7.347
3276 , 7.0425
3277 , 6.1845
3278 , 7.4193
3279 , 7.3676
3280 , 7.224
3281 , 7.9583
3282 , 7.297
3283 , 6.263
3284 , 6.8014
3285 , 703.71
3286 , 6.4289
3287 , 7.5306
3288 , 6.366
3289 , 6.6149
3290 , 6.9296
3291 , 7.2205
3292 , 6.0925
3293 , 6.2929
3294 , 7.1151
3295 , 6.2626
3296 , 7.821
3297 , 6.8395
3298 , 6.8906
3299 , 7.6489
3300 , 807.772
3301 , 7.3512
3302 , 6.0276
3303 , 7.0961
3304 , 7.2225
3305 , 6.9331
3306 , 6.8878
3307 , 6.5544
3308 , 7.8097
3309 , 6.7478
3310 , 7.9785
3311 , 6.8655
3312 , 6.9438
3313 , 7.6275
3314 , 6.7572
3315 , 743.041
336 , 7.7547
337 , 6.0524
3318 , 6.9883
3319 , 6.7198
3320 , 7.7201
3321 , 7.5024
3322 , 7.3057
3323 , 6.8377
3324 , 7.1073
3325 , 7.928
3326 , 7.647
3327 , 6.7966
3328 , 7.4872
3329 , 6.7371
3330 , 690.106
3331 , 6.1995
3332 , 6.2394
3333 , 7.9744
3334 , 6.8356
3335 , 7.9045
3336 , 6.2523
3337 , 7.0202
3338 , 6.6132
3339 , 6.1598
3340 , 6.8874
3341 , 7.8456
3342 , 7.697
3343 , 7.9035
3344 , 6.0554
3345 , 752.643
3346 , 7.969
3347 , 6.2591
3348 , 6.6928
3349 , 6.631
3350 , 6.0468
3351 , 6.1483
3352 , 6.2533
3353 , 6.795
3354 , 7.4528
3355 , 7.2256
3356 , 7.4582
3357 , 6.1194
3358 , 6.3364
3359 , 6.0422
3360 , 646.531
3361 , 7.6244
3362 , 7.0533
3363 , 7.903
3364 , 6.4289
3365 , 7.586
3366 , 6.1481
3367 , 7.7223
3368 , 7.797
3369 , 6.6427
3370 , 7.2593
3371 , 6.0742
3372 , 6.7443
3373 , 7.9445
3374 , 6.4413
3375 , 787.441
3376 , 6.9786
3377 , 7.7756
3378 , 6.1894
3379 , 7.4655
3380 , 6.1462
3381 , 7.7903
3382 , 7.1408
3383 , 6.2568
3384 , 6.4709
3385 , 6.9488
3386 , 7.7984
3387 , 6.5689
3388 , 6.4289
3389 , 6.5944
3390 , 574.74
3391 , 7.7514
3392 , 6.8808
3393 , 7.1873
3394 , 6.0827
3395 , 7.8153
3396 , 7.875
3397 , 6.4052
3398 , 7.3868
3399 , 6.0135
3400 , 6.9393
3401 , 7.674
3402 , 7.9355
3403 , 7.776
3404 , 6.3303
3405 , 672.44
3406 , 7.4027
3407 , 7.2948
3408 , 7.057
3409 , 7.4412
3410 , 6.3934
3411 , 6.1951
3412 , 6.4363
3413 , 7.5395
3414 , 6.5794
3415 , 6.7973
346 , 6.9085
347 , 7.37
3418 , 7.3771
3419 , 7.5708
3420 , 832.621
3421 , 6.5932
3422 , 6.7404
3423 , 6.9266
3424 , 7.8782
3425 , 7.9923
3426 , 6.0767
3427 , 6.3567
3428 , 6.5628
3429 , 6.0124
3430 , 6.5614
3431 , 7.2496
3432 , 6.1954
3433 , 7.2547
3434 , 7.2485
3435 , 638.651
3436 , 6.1832
3437 , 7.1183
3438 , 6.8736
3439 , 6.027
3440 , 7.6758
3441 , 7.7997
3442 , 7.0381
3443 , 7.2088
3444 , 7.0709
3445 , 6.37
3446 , 6.4311
3447 , 6.763
3448 , 6.9834
3449 , 6.3251
3450 , 767.153
3451 , 7.3145
3452 , 6.8021
3453 , 6.5252
3454 , 7.1368
3455 , 7.6734
3456 , 6.203
3457 , 7.0337
3458 , 7.4145
3459 , 6.8683
3460 , 6.331
3461 , 7.6521
3462 , 7.756
3463 , 6.2322
3464 , 6.2945
3465 , 755.202
3466 , 6.5833
3467 , 6.1454
3468 , 7.7619
3469 , 7.0344
3470 , 7.0048
3471 , 7.8828
3472 , 6.6372
3473 , 7.5052
3474 , 6.2732
3475 , 6.3662
3476 , 6.6618
3477 , 6.9439
3478 , 6.418
3479 , 6.8891
3480 , 565.523
3481 , 6.6411
3482 , 6.0067
3483 , 6.4008
3484 , 7.8483
3485 , 6.0085
3486 , 6.576
3487 , 6.8581
3488 , 6.8652
3489 , 7.9505
3490 , 7.5287
3491 , 7.0288
3492 , 6.0842
3493 , 6.2149
3494 , 6.0462
3495 , 6.6008
3496 , 6.8742
3497 , 6.2476
3498 , 6.7098
3499 , 6.0421
3500 , 7.4211
3501 , 870.029
3502 , 7.9038
3503 , 7.478
3504 , 7.9152
3505 , 6.5335
3506 , 6.3525
3507 , 7.5927
3508 , 7.3195
3509 , 6.6319
3510 , 572.509
3511 , 7.6742
3512 , 6.64
3513 , 6.0556
3514 , 6.6226
3515 , 7.8497
356 , 6.8801
357 , 6.0777
3518 , 6.6584
3519 , 6.3104
3520 , 6.0567
3521 , 7.0401
3522 , 7.3366
3523 , 7.9793
3524 , 6.9835
3525 , 847.296
3526 , 7.989
3527 , 6.3988
3528 , 6.2406
3529 , 6.5989
3530 , 6.3866
3531 , 7.6395
3532 , 7.7689
3533 , 6.7308
3534 , 7.7774
3535 , 7.6101
3536 , 7.733
3537 , 6.1187
3538 , 7.3515
3539 , 7.1957
3540 , 692.828
3541 , 7.3957
3542 , 6.9727
3543 , 7.7138
3544 , 6.3624
3545 , 7.4661
3546 , 7.1914
3547 , 7.707
3548 , 6.2654
3549 , 6.8901
3550 , 6.0006
3551 , 6.46
3552 , 6.9251
3553 , 6.5453
3554 , 6.4999
3555 , 787.311
3556 , 6.387
3557 , 6.0238
3558 , 6.9154
3559 , 7.608
3560 , 6.741
3561 , 7.1882
3562 , 6.4029
3563 , 6.5537
3564 , 7.375
3565 , 7.8391
3566 , 7.9757
3567 , 7.2704
3568 , 7.4386
3569 , 6.633
3570 , 821.584
3571 , 6.5651
3572 , 6.7693
3573 , 7.8882
3574 , 6.702
3575 , 7.1129
3576 , 7.0298
3577 , 6.5652
3578 , 7.8482
3579 , 6.5762
3580 , 7.8731
3581 , 7.369
3582 , 6.5084
3583 , 7.8344
3584 , 7.1566
3585 , 826.687
3586 , 6.5962
3587 , 7.9353
3588 , 6.0114
3589 , 6.7502
3590 , 6.4042
3591 , 7.4795
3592 , 6.5098
3593 , 7.338
3594 , 6.2605
3595 , 7.3012
3596 , 6.1287
3597 , 6.9772
3598 , 6.6281
3599 , 6.0001
3600 , 633.556
3601 , 7.2841
3602 , 7.6778
3603 , 7.2959
3604 , 7.6848
3605 , 7.5106
3606 , 6.7586
3607 , 6.4061
3608 , 6.6676
3609 , 7.707
3610 , 7.3371
3611 , 6.8661
3612 , 6.0131
3613 , 6.8363
3614 , 7.109
3615 , 7.5245
366 , 7.5327
367 , 7.7903
3618 , 631.372
3619 , 7.0122
3620 , 6.2775
3621 , 7.6022
3622 , 7.6025
3623 , 7.7727
3624 , 7.3664
3625 , 6.6315
3626 , 6.077
3627 , 6.2592
3628 , 6.7291
3629 , 6.9405
3630 , 7.519
3631 , 7.3007
3632 , 7.673
3633 , 7.3504
3634 , 7.123
3635 , 6.0081
3636 , 576.96
3637 , 7.1229
3638 , 7.6987
3639 , 7.1366
3640 , 7.3609
3641 , 7.0039
3642 , 6.8792
3643 , 6.6403
3644 , 6.7251
3645 , 6.3401
3646 , 7.4982
3647 , 6.4424
3648 , 6.0586
3649 , 7.0478
3650 , 6.426
3651 , 7.0302
3652 , 7.6947
3653 , 6.8561
3654 , 731.943
3655 , 6.7544
3656 , 7.2994
3657 , 6.6788
3658 , 7.2619
3659 , 7.1546
3660 , 7.237
3661 , 7.2955
3662 , 7.0847
3663 , 7.7503
3664 , 7.5691
3665 , 7.6415
3666 , 7.8015
3667 , 6.3627
3668 , 6.7884
3669 , 6.0078
3670 , 7.7387
3671 , 7.5391
3672 , 630.476
3673 , 6.3952
3674 , 7.6791
3675 , 6.7283
3676 , 6.2288
3677 , 6.3222
3678 , 6.6238
3679 , 6.4667
3680 , 6.355
3681 , 7.6464
3682 , 6.062
3683 , 6.814
3684 , 7.6819
3685 , 7.0262
3686 , 7.1891
3687 , 7.0793
3688 , 6.1457
3689 , 6.5977
3690 , 752.903
3691 , 7.1597
3692 , 6.0486
3693 , 7.4273
3694 , 7.5496
3695 , 7.2229
3696 , 7.9863
3697 , 6.1466
3698 , 7.2881
3699 , 7.4937
3700 , 6.576
3701 , 6.8375
3702 , 7.8781
3703 , 7.0714
3704 , 6.8567
3705 , 6.7477
3706 , 6.6242
3707 , 6.3778
3708 , 589.859
3709 , 7.811
3710 , 6.911
3711 , 7.0096
3712 , 7.8143
3713 , 7.1398
3714 , 7.4394
3715 , 7.4739
376 , 7.009
377 , 6.4114
3718 , 6.7372
3719 , 6.725
3720 , 6.7544
3721 , 7.9592
3722 , 7.5744
3723 , 6.0579
3724 , 6.729
3725 , 7.5832
3726 , 870.494
3727 , 7.0972
3728 , 7.4895
3729 , 7.5896
3730 , 7.1007
3731 , 7.9893
3732 , 6.6847
3733 , 7.4964
3734 , 7.7313
3735 , 6.8706
3736 , 7.7987
3737 , 6.1332
3738 , 6.652
3739 , 6.3654
3740 , 6.0678
3741 , 6.563
3742 , 6.9245
3743 , 7.3429
3744 , 687.491
3745 , 6.2229
3746 , 7.8951
3747 , 6.6592
3748 , 7.4541
3749 , 7.8547
3750 , 7.5978
3751 , 7.3109
3752 , 7.9839
3753 , 6.3729
3754 , 6.8499
3755 , 7.2782
3756 , 6.9995
3757 , 6.1993
3758 , 6.526
3759 , 7.088
3760 , 6.8539
3761 , 6.5866
3762 , 673.69
3763 , 7.6239
3764 , 7.5157
3765 , 6.0147
3766 , 7.1314
3767 , 6.3148
3768 , 7.6743
3769 , 6.3419
3770 , 6.1853
3771 , 7.7068
3772 , 6.5578
3773 , 6.4913
3774 , 7.223
3775 , 7.1452
3776 , 7.2814
3777 , 7.6843
3778 , 7.0958
3779 , 6.9269
3780 , 685.078
3781 , 6.4525
3782 , 7.4905
3783 , 6.3538
3784 , 7.6448
3785 , 7.2348
3786 , 6.3965
3787 , 7.8275
3788 , 6.3012
3789 , 6.1987
3790 , 7.2637
3791 , 7.6092
3792 , 6.6889
3793 , 6.582
3794 , 6.65
3795 , 6.528
3796 , 7.2778
3797 , 7.9908
3798 , 802.062
3799 , 7.6643
3800 , 6.1006
3801 , 7.4599
3802 , 7.3654
3803 , 7.9026
3804 , 6.2429
3805 , 6.2466
3806 , 6.4792
3807 , 7.8112
3808 , 6.6736
3809 , 6.3788
3810 , 7.5815
3811 , 6.6601
3812 , 6.7126
3813 , 7.4641
3814 , 7.0709
3815 , 7.1333
386 , 857.484
387 , 6.8515
3818 , 7.2375
3819 , 6.911
3820 , 7.6571
3821 , 7.3614
3822 , 7.4872
3823 , 6.5097
3824 , 6.3241
3825 , 7.8142
3826 , 6.2538
3827 , 6.0539
3828 , 6.8975
3829 , 7.475
3830 , 7.0138
3831 , 6.7935
3832 , 7.7623
3833 , 7.8509
3834 , 679.611
3835 , 6.8078
3836 , 7.256
3837 , 7.0078
3838 , 7.5574
3839 , 6.9648
3840 , 6.5443
3841 , 7.7905
3842 , 6.0513
3843 , 7.3614
3844 , 6.9537
3845 , 7.8409
3846 , 7.2004
3847 , 6.7449
3848 , 6.9751
3849 , 7.817
3850 , 6.6894
3851 , 7.5342
3852 , 565.046
3853 , 7.1967
3854 , 7.6909
3855 , 7.8372
3856 , 7.5648
3857 , 7.4726
3858 , 7.3862
3859 , 6.96
3860 , 6.9277
3861 , 6.1134
3862 , 7.6938
3863 , 7.1836
3864 , 7.9955
3865 , 7.2648
3866 , 7.662
3867 , 6.272
3868 , 7.7083
3869 , 6.631
3870 , 666.727
3871 , 6.6751
3872 , 6.2037
3873 , 7.7424
3874 , 6.1884
3875 , 6.5537
3876 , 6.4314
3877 , 7.4915
3878 , 6.7457
3879 , 6.6645
3880 , 6.5099
3881 , 6.7123
3882 , 6.312
3883 , 7.3788
3884 , 6.8825
3885 , 6.618
3886 , 7.2622
3887 , 7.5185
3888 , 803.91
3889 , 6.1248
3890 , 6.6506
3891 , 6.1376
3892 , 7.1413
3893 , 6.1406
3894 , 7.576
3895 , 7.776
3896 , 6.2652
3897 , 6.1258
3898 , 6.7781
3899 , 7.4834
3900 , 6.6896
3901 , 6.6114
3902 , 6.8303
3903 , 7.3783
3904 , 6.8446
3905 , 6.4733
3906 , 875.864
3907 , 7.2907
3908 , 6.3696
3909 , 6.4203
3910 , 7.8897
3911 , 6.7738
3912 , 6.3136
3913 , 7.3796
3914 , 7.1039
3915 , 6.0354
396 , 7.3601
397 , 6.6245
3918 , 6.0271
3919 , 6.0028
3920 , 6.2439
3921 , 7.4618
3922 , 6.5718
3923 , 6.975
3924 , 831.257
3925 , 6.9355
3926 , 7.6288
3927 , 6.9779
3928 , 6.849
3929 , 6.7622
3930 , 7.6499
3931 , 7.0567
3932 , 7.9145
3933 , 7.9242
3934 , 7.377
3935 , 6.906
3936 , 7.5801
3937 , 6.415
3938 , 7.769
3939 , 7.873
3940 , 6.6643
3941 , 6.5219
3942 , 829.638
3943 , 7.9774
3944 , 7.1372
3945 , 6.4911
3946 , 7.0594
3947 , 7.978
3948 , 7.5464
3949 , 7.0343
3950 , 6.2688
3951 , 7.2979
3952 , 6.2237
3953 , 6.5842
3954 , 7.3478
3955 , 6.9983
3956 , 7.1959
3957 , 6.7567
3958 , 6.7795
3959 , 6.5995
3960 , 669.324
3961 , 7.5022
3962 , 7.5143
3963 , 6.8479
3964 , 7.202
3965 , 7.4249
3966 , 6.6692
3967 , 6.3395
3968 , 6.5394
3969 , 7.456
3970 , 7.4092
3971 , 6.1395
3972 , 6.6553
3973 , 7.955
3974 , 7.1101
3975 , 7.0592
3976 , 6.8834
3977 , 6.6655
3978 , 807.712
3979 , 6.6876
3980 , 7.9455
3981 , 6.0145
3982 , 7.3296
3983 , 7.2872
3984 , 7.6721
3985 , 7.132
3986 , 6.1401
3987 , 7.4869
3988 , 6.1121
3989 , 7.1434
3990 , 6.4301
3991 , 7.9788
3992 , 6.6722
3993 , 7.4022
3994 , 6.4444
3995 , 7.62
3996 , 834.921
3997 , 6.5003
3998 , 7.5353
3999 , 6.0702
4000 , 6.9211
4001 , 6.8403
4002 , 6.2356
4003 , 6.4602
4004 , 6.5926
4005 , 7.9623
4006 , 7.0378
4007 , 7.3605
4008 , 7.7291
4009 , 7.6972
4010 , 6.9277
4011 , 6.4735
4012 , 7.6354
4013 , 6.2996
4014 , 660.264
4015 , 6.8446
406 , 7.7138
407 , 7.0794
4018 , 6.991
4019 , 7.9695
4020 , 6.7709
4021 , 7.5639
4022 , 7.3666
4023 , 7.6063
4024 , 6.2139
4025 , 7.3536
4026 , 6.1805
4027 , 7.4128
4028 , 6.3399
4029 , 6.7768
4030 , 6.6244
4031 , 6.3034
4032 , 571.96
4033 , 6.4558
4034 , 7.134
4035 , 6.7857
4036 , 7.5473
4037 , 6.9747
4038 , 7.3466
4039 , 7.8404
4040 , 7.7753
4041 , 7.9339
4042 , 7.7532
4043 , 6.244
4044 , 7.7857
4045 , 7.2719
4046 , 7.6346
4047 , 6.0248
4048 , 6.7552
4049 , 7.24
4050 , 622.245
4051 , 7.152
4052 , 7.2028
4053 , 7.0981
4054 , 6.4937
4055 , 6.7313
4056 , 6.5641
4057 , 7.6975
4058 , 6.2773
4059 , 6.8959
4060 , 7.7933
4061 , 7.7799
4062 , 6.9702
4063 , 6.8154
4064 , 7.4418
4065 , 6.1251
4066 , 6.6059
4067 , 7.1425
4068 , 87.028
4069 , 7.5348
4070 , 6.1973
4071 , 6.5279
4072 , 6.8742
4073 , 7.4944
4074 , 6.9372
4075 , 6.1983
4076 , 7.8881
4077 , 6.9685
4078 , 6.647
4079 , 6.6324
4080 , 7.4986
4081 , 6.0324
4082 , 6.979
4083 , 7.1904
4084 , 6.4299
4085 , 7.4087
4086 , 660.565
4087 , 7.9832
4088 , 7.9139
4089 , 7.7769
4090 , 7.707
4091 , 6.6663
4092 , 6.2294
4093 , 7.8402
4094 , 7.2118
4095 , 7.7791
4096 , 7.3788
4097 , 6.6754
4098 , 6.5045
4099 , 7.4604
4100 , 6.959
4101 , 7.7709
4102 , 6.7241
4103 , 6.3284
4104 , 599.895
4105 , 7.6689
4106 , 6.367
4107 , 7.4215
4108 , 7.4083
4109 , 6.8099
4110 , 6.927
4111 , 6.4794
4112 , 6.8327
4113 , 7.5846
4114 , 7.1399
4115 , 6.8939
416 , 6.7401
417 , 6.9356
4118 , 7.9645
4119 , 6.951
4120 , 6.3814
4121 , 6.4093
4122 , 774.753
4123 , 7.97
4124 , 6.267
4125 , 7.2429
4126 , 7.6602
4127 , 7.9853
4128 , 6.4592
4129 , 7.0607
4130 , 7.4847
4131 , 7.6067
4132 , 7.7612
4133 , 7.2033
4134 , 6.357
4135 , 7.1945
4136 , 6.0858
4137 , 6.854
4138 , 7.19
4139 , 7.7448
4140 , 641.078
4141 , 7.712
4142 , 7.3013
4143 , 6.1564
4144 , 6.3826
4145 , 6.5152
4146 , 6.1413
4147 , 7.472
4148 , 6.5507
4149 , 7.2853
4150 , 7.082
4151 , 7.4294
4152 , 7.6958
4153 , 6.2833
4154 , 7.6872
4155 , 7.5615
4156 , 7.8185
4157 , 7.4023
4158 , 670.433
4159 , 6.6004
460 , 6.139
461 , 6.9866
462 , 6.0657
463 , 7.0042
464 , 6.4469
465 , 6.6761
466 , 7.0868
467 , 6.4465
468 , 7.0897
469 , 6.3066
470 , 6.4693
471 , 6.0752
472 , 7.326
473 , 7.3894
474 , 7.9576
475 , 7.961
476 , 675.084
477 , 7.505
478 , 7.8047
479 , 7.8734
4180 , 6.8788
4181 , 6.986
4182 , 7.2833
4183 , 7.601
4184 , 6.6225
4185 , 7.1053
4186 , 7.0626
4187 , 6.2818
4188 , 7.2066
4189 , 6.125
4190 , 6.4907
4191 , 7.761
4192 , 6.4389
4193 , 6.376
4194 , 579.155
4195 , 6.7442
4196 , 7.4618
4197 , 6.8612
4198 , 7.2755
4199 , 7.0722
4200 , 6.9905
4201 , 7.8379
4202 , 7.944
4203 , 7.2762
4204 , 7.5527
4205 , 6.7284
4206 , 6.3448
4207 , 7.7153
4208 , 7.0411
4209 , 7.7864
4210 , 7.2548
4211 , 6.2949
4212 , 580.93
4213 , 6.1049
4214 , 7.2704
4215 , 6.0509
426 , 6.5786
427 , 6.8011
4218 , 6.2192
4219 , 7.1384
4220 , 6.8807
4221 , 6.9878
4222 , 6.8712
4223 , 7.1373
4224 , 7.9881
4225 , 7.476
4226 , 6.4956
4227 , 6.7777
4228 , 7.4363
4229 , 6.5593
4230 , 861.994
4231 , 6.991
4232 , 6.474
4233 , 7.496
4234 , 7.5256
4235 , 7.7061
4236 , 7.067
4237 , 6.7788
4238 , 7.6352
4239 , 6.0791
4240 , 6.6063
4241 , 7.3462
4242 , 7.2703
4243 , 6.8671
4244 , 6.5731
4245 , 7.4393
4246 , 6.9142
4247 , 7.1958
4248 , 822.944
4249 , 6.9901
4250 , 7.7338
4251 , 7.1597
4252 , 6.0447
4253 , 6.6803
4254 , 6.797
4255 , 6.1383
4256 , 6.6462
4257 , 7.4634
4258 , 7.2509
4259 , 7.4021
4260 , 6.1093
4261 , 7.9386
4262 , 7.1888
4263 , 6.4274
4264 , 7.8325
4265 , 7.8967
4266 , 768.148
4267 , 6.2877
4268 , 6.8902
4269 , 7.1155
4270 , 7.4671
4271 , 6.3152
4272 , 6.792
4273 , 7.625
4274 , 7.0401
4275 , 6.2766
4276 , 6.057
4277 , 6.4841
4278 , 7.9333
4279 , 6.5832
4280 , 7.4096
4281 , 6.1505
4282 , 6.4207
4283 , 7.8278
4284 , 732.941
4285 , 6.754
4286 , 6.954
4287 , 6.8033
4288 , 6.6419
4289 , 6.4696
4290 , 7.0775
4291 , 7.6879
4292 , 6.5367
4293 , 7.8157
4294 , 6.002
4295 , 7.7292
4296 , 7.9755
4297 , 6.4919
4298 , 6.1258
4299 , 6.8527
4300 , 6.722
4301 , 6.8143
4302 , 844.231
4303 , 7.6001
4304 , 7.9664
4305 , 7.8574
4306 , 7.3348
4307 , 7.5647
4308 , 6.1874
4309 , 7.8583
4310 , 7.7513
4311 , 7.2222
4312 , 7.5688
4313 , 7.4373
4314 , 6.8776
4315 , 7.1227
436 , 7.5612
437 , 6.7932
4318 , 7.6823
4319 , 7.8876
4320 , 698.46
4321 , 6.6703
4322 , 6.0793
4323 , 6.9827
4324 , 7.2629
4325 , 7.2681
4326 , 7.6597
4327 , 6.0069
4328 , 7.1826
4329 , 7.9503
4330 , 6.439
4331 , 7.3181
4332 , 6.595
4333 , 6.8283
4334 , 7.5746
4335 , 7.112
4336 , 6.0731
4337 , 6.1905
4338 , 569.889
4339 , 6.8448
4340 , 7.518
4341 , 6.1383
4342 , 7.6276
4343 , 7.0943
4344 , 7.9837
4345 , 6.7187
4346 , 7.988
4347 , 7.1545
4348 , 6.3605
4349 , 6.5004
4350 , 6.9771
4351 , 7.231
4352 , 6.8087
4353 , 6.9598
4354 , 7.7689
4355 , 7.0691
4356 , 573.973
4357 , 6.9511
4358 , 7.0059
4359 , 7.7381
4360 , 7.9266
4361 , 6.4228
4362 , 6.3502
4363 , 6.871
4364 , 7.7602
4365 , 7.9384
4366 , 7.3018
4367 , 7.3726
4368 , 7.7796
4369 , 6.0324
4370 , 6.3152
4371 , 6.719
4372 , 6.6226
4373 , 6.386
4374 , 650.251
4375 , 7.1188
4376 , 6.3736
4377 , 7.9527
4378 , 6.6433
4379 , 6.6033
4380 , 7.2946
4381 , 6.2698
4382 , 6.5249
4383 , 7.9873
4384 , 6.67
4385 , 6.6149
4386 , 6.3563
4387 , 6.8977
4388 , 7.1874
4389 , 7.118
4390 , 6.9305
4391 , 7.8997
4392 , 600.071
4393 , 7.5561
4394 , 7.3922
4395 , 6.3066
4396 , 7.611
4397 , 7.7153
4398 , 7.2809
4399 , 6.9271
4400 , 6.542
4401 , 6.6029
4402 , 7.1806
4403 , 6.8598
4404 , 7.9458
4405 , 7.3335
4406 , 7.9902
4407 , 7.7853
4408 , 7.4793
4409 , 7.4535
4410 , 853.018
4411 , 6.025
4412 , 6.2878
4413 , 6.5462
4414 , 7.667
4415 , 6.0768
446 , 7.2132
447 , 6.6053
4418 , 7.8501
4419 , 6.8632
4420 , 6.6367
4421 , 7.6883
4422 , 6.2047
4423 , 7.7527
4424 , 7.567
4425 , 6.398
4426 , 7.5105
4427 , 6.5798
4428 , 759.95
4429 , 7.4327
4430 , 6.1567
4431 , 7.5868
4432 , 7.304
4433 , 7.1312
4434 , 6.2765
4435 , 6.9519
4436 , 6.2393
4437 , 6.5407
4438 , 7.4743
4439 , 7.2528
4440 , 6.153
4441 , 7.973
4442 , 6.5742
4443 , 7.0562
4444 , 6.0594
4445 , 6.9551
4446 , 756.598
4447 , 6.9455
4448 , 7.9454
4449 , 6.9982
4450 , 7.8751
4451 , 6.0091
4452 , 7.6821
4453 , 6.3698
4454 , 7.4941
4455 , 6.8759
4456 , 6.3506
4457 , 6.5714
4458 , 7.789
4459 , 6.4578
4460 , 7.6294
4461 , 6.2312
4462 , 6.5025
4463 , 7.3551
4464 , 76.001
4465 , 7.5685
4466 , 6.3543
4467 , 6.6758
4468 , 6.7954
4469 , 6.3818
4470 , 6.3331
4471 , 7.7615
4472 , 7.9391
4473 , 6.9634
4474 , 6.7598
4475 , 6.2904
4476 , 7.9194
4477 , 7.9581
4478 , 7.5737
4479 , 7.3739
4480 , 6.0895
4481 , 7.3122
4482 , 708.403
4483 , 6.8499
4484 , 6.909
4485 , 6.6562
4486 , 7.8983
4487 , 7.8399
4488 , 6.8247
4489 , 6.3657
4490 , 7.7953
4491 , 6.4088
4492 , 7.1481
4493 , 7.5459
4494 , 6.9067
4495 , 7.5349
4496 , 7.2798
4497 , 6.7523
4498 , 6.029
4499 , 7.2074
4500 , 742.641
4501 , 7.7508
4502 , 6.799
4503 , 6.402
4504 , 6.1523
4505 , 7.2606
4506 , 7.5778
4507 , 7.6393
4508 , 7.5901
4509 , 7.2915
4510 , 6.8908
4511 , 6.5853
4512 , 6.3247
4513 , 7.3959
4514 , 6.6255
4515 , 6.6382
456 , 6.9059
457 , 6.3495
4518 , 583.309
4519 , 6.8624
4520 , 6.742
4521 , 7.0702
4522 , 6.0925
4523 , 6.2552
4524 , 6.4265
4525 , 7.5036
4526 , 7.1391
4527 , 6.6564
4528 , 7.3012
4529 , 7.503
4530 , 7.5229
4531 , 6.0892
4532 , 6.571
4533 , 6.3092
4534 , 7.2922
4535 , 7.1851
4536 , 605.775
4537 , 7.132
4538 , 7.4147
4539 , 6.6129
4540 , 7.6723
4541 , 6.4133
4542 , 6.4928
4543 , 6.7095
4544 , 7.8574
4545 , 6.2703
4546 , 6.0986
4547 , 6.774
4548 , 7.747
4549 , 6.8724
4550 , 7.3773
4551 , 6.0648
4552 , 7.3808
4553 , 6.5912
4554 , 806.897
4555 , 6.9323
4556 , 7.5981
4557 , 7.5579
4558 , 7.544
4559 , 7.2477
4560 , 7.8725
4561 , 7.0267
4562 , 7.7497
4563 , 6.467
4564 , 7.801
4565 , 7.0858
4566 , 7.5025
4567 , 7.8047
4568 , 7.0865
4569 , 7.7381
4570 , 7.955
4571 , 6.0153
4572 , 856.992
4573 , 6.1275
4574 , 7.9647
4575 , 7.9312
4576 , 6.9332
4577 , 7.6147
4578 , 7.8387
4579 , 7.0838
4580 , 6.4379
4581 , 6.0152
4582 , 7.906
4583 , 7.3256
4584 , 7.8354
4585 , 7.316
4586 , 7.537
4587 , 6.4078
4588 , 6.2145
4589 , 6.274
4590 , 832.675
4591 , 7.1441
4592 , 6.4968
4593 , 7.7158
4594 , 6.3444
4595 , 7.7875
4596 , 7.6848
4597 , 6.897
4598 , 7.6789
4599 , 6.0039
4600 , 6.7955
4601 , 6.5823
4602 , 6.5266
4603 , 7.08
4604 , 6.0403
4605 , 7.4054
4606 , 7.2997
4607 , 7.2906
4608 , 791.75
4609 , 6.0712
4610 , 6.7272
4611 , 6.0209
4612 , 7.5352
4613 , 6.4214
4614 , 6.8842
4615 , 6.287
466 , 7.9542
467 , 6.1962
4618 , 7.9326
4619 , 6.4062
4620 , 7.386
4621 , 6.0389
4622 , 6.1981
4623 , 7.711
4624 , 6.6557
4625 , 6.1289
4626 , 795.581
4627 , 6.0473
4628 , 6.8325
4629 , 6.8589
4630 , 7.8786
4631 , 7.6961
4632 , 7.2035
4633 , 7.9736
4634 , 7.968
4635 , 6.1325
4636 , 6.2038
4637 , 7.4912
4638 , 6.4566
4639 , 7.702
4640 , 7.5452
4641 , 7.1852
4642 , 6.9036
4643 , 7.0558
4644 , 851.847
4645 , 6.3603
4646 , 6.664
4647 , 6.4615
4648 , 7.9041
4649 , 6.478
4650 , 6.9097
4651 , 7.4663
4652 , 6.7638
4653 , 7.5409
4654 , 6.8997
4655 , 6.6328
4656 , 6.1254
4657 , 6.0404
4658 , 7.5791
4659 , 7.5708
4660 , 7.6054
4661 , 6.9291
4662 , 635.197
4663 , 6.9979
4664 , 7.4063
4665 , 6.916
4666 , 6.9344
4667 , 6.4653
4668 , 7.5069
4669 , 7.0856
4670 , 7.491
4671 , 6.9683
4672 , 7.9977
4673 , 6.5689
4674 , 7.8295
4675 , 7.6855
4676 , 6.6043
4677 , 7.8025
4678 , 7.0766
4679 , 6.397
4680 , 569.1
4681 , 6.5392
4682 , 6.4479
4683 , 7.9646
4684 , 7.1377
4685 , 7.2844
4686 , 6.2398
4687 , 6.7628
4688 , 7.3975
4689 , 6.9225
4690 , 6.5869
4691 , 6.8827
4692 , 6.3196
4693 , 6.4695
4694 , 7.2441
4695 , 7.083
4696 , 6.9786
4697 , 7.295
4698 , 723.561
4699 , 6.3388
4700 , 6.0541
4701 , 7.568
4702 , 7.1092
4703 , 6.7508
4704 , 7.2812
4705 , 7.088
4706 , 6.9845
4707 , 6.2421
4708 , 6.1908
4709 , 6.753
4710 , 6.5151
4711 , 7.4744
4712 , 7.6152
4713 , 6.4606
4714 , 6.3242
4715 , 7.749
476 , 836.302
477 , 6.664
4718 , 7.3098
4719 , 6.3131
4720 , 7.9233
4721 , 6.8921
4722 , 6.734
4723 , 6.2685
4724 , 6.1027
4725 , 7.2447
4726 , 7.4818
4727 , 6.2965
4728 , 6.0362
4729 , 7.6552
4730 , 6.0724
4731 , 6.8895
4732 , 6.422
4733 , 7.5814
4734 , 621
4735 , 6.0903
4736 , 6.6093
4737 , 7.459
4738 , 6.8069
4739 , 6.1271
4740 , 6.7198
4741 , 7.4032
4742 , 7.9242
4743 , 7.7406
4744 , 7.3638
4745 , 6.3232
4746 , 6.513
4747 , 7.5425
4748 , 7.3866
4749 , 6.3441
4750 , 7.659
4751 , 7.5847
4752 , 668.87
4753 , 7.0605
4754 , 7.5381
4755 , 7.7233
4756 , 7.8887
4757 , 7.7789
4758 , 6.891
4759 , 7.637
4760 , 6.0769
4761 , 6.6407
4762 , 7.8559
4763 , 7.0853
4764 , 6.3048
4765 , 6.9708
4766 , 7.6689
4767 , 6.1066
4768 , 6.3105
4769 , 7.4435
4770 , 644.462
4771 , 7.879
4772 , 7.4437
4773 , 7.7458
4774 , 6.8739
4775 , 7.0989
4776 , 6.6456
4777 , 6.5844
4778 , 6.0661
4779 , 6.8525
4780 , 6.689
4781 , 6.0735
4782 , 7.9632
4783 , 7.9448
4784 , 7.1071
4785 , 7.5838
4786 , 7.9354
4787 , 7.9126
4788 , 641.503
4789 , 6.4452
4790 , 6.1518
4791 , 7.668
4792 , 7.3277
4793 , 7.9543
4794 , 7.4441
4795 , 7.6639
4796 , 6.8531
4797 , 6.0268
4798 , 6.8628
4799 , 6.9765
4800 , 7.0862
4801 , 6.0235
4802 , 7.0465
4803 , 7.6432
4804 , 7.4156
4805 , 6.766
4806 , 702.996
4807 , 6.6539
4808 , 7.0431
4809 , 7.242
4810 , 6.62
4811 , 6.9407
4812 , 6.2122
4813 , 6.3404
4814 , 7.46
4815 , 6.626
486 , 6.1931
487 , 7.6375
4818 , 7.7297
4819 , 6.9073
4820 , 6.3923
4821 , 6.1507
4822 , 6.6002
4823 , 6.2738
4824 , 583.662
4825 , 7.9318
4826 , 6.356
4827 , 7.0332
4828 , 6.8037
4829 , 6.798
4830 , 6.465
4831 , 6.1073
4832 , 7.6973
4833 , 7.977
4834 , 7.3381
4835 , 6.063
4836 , 7.78
4837 , 7.259
4838 , 6.7763
4839 , 6.6108
4840 , 6.3208
4841 , 6.6821
4842 , 709.946
4843 , 6.8805
4844 , 6.6375
4845 , 7.2192
4846 , 7.4979
4847 , 6.4694
4848 , 7.7024
4849 , 7.8849
4850 , 7.2861
4851 , 7.174
4852 , 7.5102
4853 , 7.387
4854 , 6.0419
4855 , 6.8807
4856 , 6.5199
4857 , 7.2499
4858 , 7.6599
4859 , 6.2629
4860 , 652.895
4861 , 6.9326
4862 , 7.766
4863 , 7.4945
4864 , 7.9004
4865 , 7.6847
4866 , 6.9003
4867 , 7.7287
4868 , 6.3841
4869 , 7.994
4870 , 7.867
4871 , 7.226
4872 , 6.072
4873 , 6.923
4874 , 7.034
4875 , 6.8663
4876 , 7.5121
4877 , 7.3024
4878 , 756.536
4879 , 7.3794
4880 , 6.8492
4881 , 7.7518
4882 , 6.5439
4883 , 6.3254
4884 , 7.2619
4885 , 7.0511
4886 , 7.1913
4887 , 7.9561
4888 , 7.1341
4889 , 7.2571
4890 , 6.789
4891 , 6.9377
4892 , 6.9471
4893 , 7.366
4894 , 6.2963
4895 , 7.02
4896 , 791.066
4897 , 6.1261
4898 , 6.8958
4899 , 6.8064
4900 , 6.0853
4901 , 6.2029
4902 , 7.3356
4903 , 6.0234
4904 , 6.4359
4905 , 6.4788
4906 , 6.886
4907 , 7.0547
4908 , 6.4212
4909 , 6.5646
4910 , 6.266
4911 , 7.981
4912 , 6.2788
4913 , 7.9834
4914 , 662.334
4915 , 7.1365
496 , 6.1439
497 , 7.9794
4918 , 6.3411
4919 , 6.4635
4920 , 6.1546
4921 , 6.9919
4922 , 7.265
4923 , 7.2213
4924 , 7.878
4925 , 6.4783
4926 , 6.0993
4927 , 7.8342
4928 , 7.4744
4929 , 7.6773
4930 , 6.719
4931 , 6.393
4932 , 590.79
4933 , 7.4976
4934 , 7.6396
4935 , 6.8643
4936 , 7.5805
4937 , 7.1041
4938 , 6.0547
4939 , 6.7334
4940 , 6.2471
4941 , 6.3883
4942 , 7.3368
4943 , 7.8568
4944 , 7.1547
4945 , 7.4052
4946 , 7.5613
4947 , 7.7357
4948 , 7.2457
4949 , 6.9988
4950 , 703.233
4951 , 6.9256
4952 , 7.4499
4953 , 7.8056
4954 , 7.2277
4955 , 6.0334
4956 , 6.5599
4957 , 6.6773
4958 , 6.2798
4959 , 6.1093
4960 , 6.8392
4961 , 6.4654
4962 , 6.1066
4963 , 7.8463
4964 , 6.4856
4965 , 6.0855
4966 , 7.2933
4967 , 7.5807
4968 , 783.828
4969 , 6.5505
4970 , 7.4623
4971 , 6.2436
4972 , 7.2877
4973 , 7.3458
4974 , 7.4336
4975 , 7.2678
4976 , 6.4632
4977 , 7.4626
4978 , 7.792
4979 , 7.4095
4980 , 6.6199
4981 , 7.4589
4982 , 6.8234
4983 , 7.0591
4984 , 6.7453
4985 , 7.4236
4986 , 824.05
4987 , 6.056
4988 , 6.8093
4989 , 6.4984
4990 , 7.4621
4991 , 7.2058
4992 , 6.8156
4993 , 7.075
4994 , 6.0957
4995 , 6.807
4996 , 6.2845
4997 , 6.8969
4998 , 7.9859
4999 , 6.4581
5000 , 7.047
