1 , 29.11
2 , 26.05
3 , 21.8
4 , 21.8
5 , 21.85
6 , 19.69
7 , 19.65
8 , 19.61
9 , 19.63
10 , 19.6
11 , 19.98
12 , 19.17
13 , 18.91
14 , 18.91
15 , 18.88
16 , 18.87
17 , 18.59
18 , 17.21
19 , 16.65
20 , 16.6
21 , 16.62
22 , 16.6
23 , 16.79
24 , 15.66
25 , 14.84
26 , 15.07
27 , 14.83
28 , 14.82
29 , 14.98
30 , 13.91
31 , 13.09
32 , 13.06
33 , 13.06
34 , 13.07
35 , 13.19
36 , 12.33
37 , 11.29
38 , 11.28
39 , 11.28
40 , 11.29
41 , 11.43
42 , 10.51
43 , 9.74
44 , 9.52
45 , 9.5
46 , 9.51
47 , 9.52
48 , 9.62
49 , 8.91
50 , 8.17
51 , 7.74
52 , 7.74
53 , 7.73
54 , 7.74
55 , 7.81
56 , 7.3
57 , 6.73
58 , 6.15
59 , 5.96
60 , 5.97
61 , 5.97
62 , 5.94
63 , 6.0
64 , 5.68
65 , 5.31
66 , 4.95
67 , 4.59
68 , 4.2
69 , 4.19
70 , 4.19
71 , 4.19
72 , 4.23
73 , 5.62
74 , 3.76
75 , 3.37
76 , 3.19
77 , 2.83
78 , 2.62
79 , 2.6
80 , 2.6
81 , 2.59
82 , 2.74
83 , 2.59
84 , 2.58
85 , 2.58
86 , 2.72
87 , 2.59
88 , 2.6
89 , 2.77
90 , 2.6
91 , 2.59
92 , 2.59
93 , 2.59
94 , 2.59
95 , 2.58
96 , 2.61
97 , 2.77
98 , 2.6
99 , 2.61
100 , 2.6
101 , 2.6
102 , 2.59
103 , 2.59
104 , 2.59
105 , 2.58
106 , 2.58
107 , 2.57
108 , 2.59
109 , 2.59
110 , 2.59
111 , 2.59
112 , 2.59
113 , 2.59
114 , 2.59
115 , 2.58
116 , 2.58
117 , 2.57
118 , 2.58
119 , 2.6
120 , 2.59
121 , 2.59
122 , 2.59
123 , 2.59
124 , 2.58
125 , 2.58
126 , 2.57
127 , 2.58
128 , 2.59
129 , 2.6
130 , 2.59
131 , 2.59
132 , 2.59
133 , 2.59
134 , 2.59
135 , 2.57
136 , 2.58
137 , 2.57
138 , 2.59
139 , 2.6
140 , 2.59
141 , 2.59
142 , 2.59
143 , 2.59
144 , 2.57
145 , 2.58
146 , 2.58
147 , 2.58
148 , 2.6
149 , 2.6
150 , 2.6
151 , 2.59
152 , 2.59
153 , 2.59
154 , 2.57
155 , 2.75
156 , 2.58
157 , 2.58
158 , 2.6
159 , 2.6
160 , 2.59
161 , 2.59
162 , 2.59
163 , 2.59
164 , 2.59
165 , 2.58
166 , 2.58
167 , 2.58
168 , 2.59
169 , 2.59
170 , 2.59
171 , 2.59
172 , 2.59
173 , 2.59
174 , 2.59
175 , 2.58
176 , 2.58
177 , 2.57
178 , 2.59
179 , 2.6
180 , 2.59
181 , 2.59
182 , 2.59
183 , 2.59
184 , 2.58
185 , 2.57
186 , 2.57
187 , 2.58
188 , 2.6
189 , 2.59
190 , 2.6
191 , 2.59
192 , 2.59
193 , 2.59
194 , 2.57
195 , 2.58
196 , 2.58
197 , 2.58
198 , 2.59
199 , 2.59
200 , 2.6
201 , 2.58
202 , 2.59
203 , 2.6
204 , 2.58
205 , 2.58
206 , 2.57
207 , 2.58
208 , 2.59
209 , 2.59
210 , 2.59
211 , 2.59
212 , 2.59
213 , 2.59
214 , 2.57
215 , 2.57
216 , 2.57
217 , 2.58
218 , 2.62
219 , 2.59
220 , 2.59
221 , 2.59
222 , 2.59
223 , 2.59
224 , 2.57
225 , 2.57
226 , 2.58
227 , 2.6
228 , 2.59
229 , 2.59
230 , 2.59
231 , 2.59
232 , 2.59
233 , 2.59
234 , 2.58
235 , 2.59
236 , 2.59
237 , 2.61
238 , 2.6
239 , 2.59
240 , 2.59
241 , 2.59
242 , 2.59
243 , 2.58
244 , 2.58
245 , 2.58
246 , 2.57
247 , 2.6
248 , 2.6
249 , 2.59
250 , 2.59
251 , 2.58
252 , 2.59
253 , 2.58
254 , 2.58
255 , 2.57
256 , 2.57
257 , 2.59
258 , 2.6
259 , 2.59
260 , 2.59
261 , 2.59
262 , 2.59
263 , 2.58
264 , 2.58
265 , 2.58
266 , 2.57
267 , 2.6
268 , 2.59
269 , 2.59
270 , 2.58
271 , 2.58
272 , 2.58
273 , 2.57
274 , 2.57
275 , 2.57
276 , 2.57
277 , 2.59
278 , 2.59
279 , 2.59
280 , 2.58
281 , 2.58
282 , 2.58
283 , 2.57
284 , 2.57
285 , 2.57
286 , 2.58
287 , 2.59
288 , 2.59
289 , 2.58
290 , 2.59
291 , 2.58
292 , 2.58
293 , 2.57
294 , 2.57
295 , 2.57
296 , 2.59
297 , 2.59
298 , 2.59
299 , 2.59
300 , 2.59
301 , 2.58
302 , 2.58
303 , 2.57
304 , 2.58
305 , 2.57
306 , 2.59
307 , 2.59
308 , 2.59
309 , 2.58
310 , 2.59
311 , 2.58
312 , 2.57
313 , 2.57
314 , 2.57
315 , 2.58
316 , 2.59
317 , 2.58
318 , 2.58
319 , 2.58
320 , 2.58
321 , 2.58
322 , 2.57
323 , 2.58
324 , 2.57
325 , 2.58
326 , 2.59
327 , 2.59
328 , 2.58
329 , 2.59
330 , 2.59
331 , 2.58
332 , 2.57
333 , 2.57
334 , 2.57
335 , 2.58
336 , 2.59
337 , 2.59
338 , 2.59
339 , 2.59
340 , 2.58
341 , 2.59
342 , 2.57
343 , 2.57
344 , 2.57
345 , 2.59
346 , 2.59
347 , 2.59
348 , 2.58
349 , 2.59
350 , 2.59
351 , 2.57
352 , 2.57
353 , 2.57
354 , 2.58
355 , 2.59
356 , 2.59
357 , 2.59
358 , 2.59
359 , 2.59
360 , 2.59
361 , 2.57
362 , 2.58
363 , 2.58
364 , 2.58
365 , 2.59
366 , 2.59
367 , 2.59
368 , 2.59
369 , 2.59
370 , 2.59
371 , 2.57
372 , 2.58
373 , 2.58
374 , 2.58
375 , 2.63
376 , 2.61
377 , 2.59
378 , 2.59
379 , 2.59
380 , 2.59
381 , 2.58
382 , 2.58
383 , 2.58
384 , 2.58
385 , 2.59
386 , 2.59
387 , 2.58
388 , 2.59
389 , 2.59
390 , 2.58
391 , 2.57
392 , 2.57
393 , 2.58
394 , 2.6
395 , 2.6
396 , 2.58
397 , 2.58
398 , 2.58
399 , 2.59
400 , 2.58
401 , 2.57
402 , 2.57
403 , 2.57
404 , 2.59
405 , 2.59
406 , 2.59
407 , 2.59
408 , 2.59
409 , 2.58
410 , 2.59
411 , 2.57
412 , 2.57
413 , 2.57
414 , 2.59
415 , 2.59
416 , 2.59
417 , 2.58
418 , 2.59
419 , 2.59
420 , 2.57
421 , 2.57
422 , 2.57
423 , 2.57
424 , 2.59
425 , 2.59
426 , 2.59
427 , 2.59
428 , 2.58
429 , 2.58
430 , 2.57
431 , 2.57
432 , 2.57
433 , 2.58
434 , 2.6
435 , 2.59
436 , 2.59
437 , 2.58
438 , 2.59
439 , 2.58
440 , 2.57
441 , 2.58
442 , 2.58
443 , 2.59
444 , 2.59
445 , 2.59
446 , 2.59
447 , 2.59
448 , 2.58
449 , 2.59
450 , 2.57
451 , 2.58
452 , 2.57
453 , 2.59
454 , 2.59
455 , 5.78
456 , 2.69
457 , 2.61
458 , 2.6
459 , 2.58
460 , 2.58
461 , 2.58
462 , 2.59
463 , 2.59
464 , 2.6
465 , 2.59
466 , 2.58
467 , 2.58
468 , 2.59
469 , 2.57
470 , 2.58
471 , 2.57
472 , 2.59
473 , 2.59
474 , 2.59
475 , 2.58
476 , 2.59
477 , 2.58
478 , 2.58
479 , 2.57
480 , 2.58
481 , 2.57
482 , 2.59
483 , 2.6
484 , 2.59
485 , 2.59
486 , 2.58
487 , 2.58
488 , 2.57
489 , 2.57
490 , 2.57
491 , 2.57
492 , 2.58
493 , 2.58
494 , 2.58
495 , 2.59
496 , 2.79
497 , 2.59
498 , 2.59
499 , 2.57
500 , 2.58
501 , 2.57
502 , 2.59
503 , 2.58
504 , 2.58
505 , 2.58
506 , 2.58
507 , 2.58
508 , 2.57
509 , 2.57
510 , 2.57
511 , 2.58
512 , 2.59
513 , 2.63
514 , 2.59
515 , 2.59
516 , 2.59
517 , 2.58
518 , 2.56
519 , 2.57
520 , 2.56
521 , 2.57
522 , 2.58
523 , 2.59
524 , 2.58
525 , 2.58
526 , 2.58
527 , 2.57
528 , 2.57
529 , 2.57
530 , 2.57
531 , 2.59
532 , 2.58
533 , 2.58
534 , 2.58
535 , 2.58
536 , 2.58
537 , 2.57
538 , 2.57
539 , 2.57
540 , 2.57
541 , 2.59
542 , 2.59
543 , 2.59
544 , 2.59
545 , 2.59
546 , 2.58
547 , 2.57
548 , 2.57
549 , 2.57
550 , 2.57
551 , 2.6
552 , 2.59
553 , 2.59
554 , 2.59
555 , 2.58
556 , 2.58
557 , 2.57
558 , 2.57
559 , 2.57
560 , 2.59
561 , 2.58
562 , 2.59
563 , 2.59
564 , 2.58
565 , 2.59
566 , 2.58
567 , 2.57
568 , 2.57
569 , 2.57
570 , 2.59
571 , 2.59
572 , 2.58
573 , 2.58
574 , 2.58
575 , 2.57
576 , 2.57
577 , 2.57
578 , 2.57
579 , 2.58
580 , 2.59
581 , 2.58
582 , 2.59
583 , 2.58
584 , 2.58
585 , 2.58
586 , 2.57
587 , 2.57
588 , 2.57
589 , 2.59
590 , 2.59
591 , 2.58
592 , 2.58
593 , 2.58
594 , 2.58
595 , 2.58
596 , 2.57
597 , 2.57
598 , 2.57
599 , 2.59
600 , 2.59
601 , 2.58
602 , 2.58
603 , 2.58
604 , 2.58
605 , 2.57
606 , 2.57
607 , 2.57
608 , 2.57
609 , 2.58
610 , 2.59
611 , 2.58
612 , 2.59
613 , 2.58
614 , 2.58
615 , 2.57
616 , 2.57
617 , 2.57
618 , 2.57
619 , 2.59
620 , 2.59
621 , 2.59
622 , 2.58
623 , 2.58
624 , 2.58
625 , 2.57
626 , 2.57
627 , 2.58
628 , 2.59
629 , 2.58
630 , 2.58
631 , 2.58
632 , 2.58
633 , 2.58
634 , 2.57
635 , 2.57
636 , 2.57
637 , 2.57
638 , 2.59
639 , 2.59
640 , 2.58
641 , 2.58
642 , 2.58
643 , 2.58
644 , 2.57
645 , 2.57
646 , 2.57
647 , 2.58
648 , 2.59
649 , 2.59
650 , 2.58
651 , 2.59
652 , 2.58
653 , 2.6
654 , 2.58
655 , 2.58
656 , 2.58
657 , 2.58
658 , 2.59
659 , 2.59
660 , 2.58
661 , 2.58
662 , 2.58
663 , 2.58
664 , 2.57
665 , 2.57
666 , 2.57
667 , 2.59
668 , 2.58
669 , 2.58
670 , 2.59
671 , 2.58
672 , 2.58
673 , 2.57
674 , 2.57
675 , 2.57
676 , 2.58
677 , 2.59
678 , 2.59
679 , 2.6
680 , 2.59
681 , 2.58
682 , 2.59
683 , 2.57
684 , 2.57
685 , 2.57
686 , 2.58
687 , 2.59
688 , 2.59
689 , 2.59
690 , 2.58
691 , 2.58
692 , 2.58
693 , 2.57
694 , 2.57
695 , 2.57
696 , 2.59
697 , 2.59
698 , 2.58
699 , 2.58
700 , 2.59
701 , 2.58
702 , 2.58
703 , 2.57
704 , 2.57
705 , 2.57
706 , 2.59
707 , 2.59
708 , 2.58
709 , 2.58
710 , 2.58
711 , 2.58
712 , 2.57
713 , 2.57
714 , 2.57
715 , 2.57
716 , 2.59
717 , 2.59
718 , 2.58
719 , 2.58
720 , 2.58
721 , 2.58
722 , 2.57
723 , 2.57
724 , 2.57
725 , 2.58
726 , 2.59
727 , 2.59
728 , 2.58
729 , 2.59
730 , 2.58
731 , 2.58
732 , 2.57
733 , 2.57
734 , 2.57
735 , 2.59
736 , 2.58
737 , 2.59
738 , 2.58
739 , 2.58
740 , 2.58
741 , 2.58
742 , 2.56
743 , 2.57
744 , 2.58
745 , 2.59
746 , 2.59
747 , 2.58
748 , 2.58
749 , 2.58
750 , 2.58
751 , 2.56
752 , 2.57
753 , 2.57
754 , 2.58
755 , 2.58
756 , 2.59
757 , 2.58
758 , 2.58
759 , 2.73
760 , 3.21
761 , 3.13
762 , 3.89
763 , 3.48
764 , 3.41
765 , 3.3
766 , 3.36
767 , 2.68
768 , 2.95
769 , 2.65
770 , 2.62
771 , 2.63
772 , 2.59
773 , 2.6
774 , 2.59
775 , 2.6
776 , 2.62
777 , 2.63
778 , 2.61
779 , 2.6
780 , 2.63
781 , 2.6
782 , 2.61
783 , 2.59
784 , 2.6
785 , 2.58
786 , 2.59
787 , 2.6
788 , 2.59
789 , 2.59
790 , 2.61
791 , 2.6
792 , 2.59
793 , 2.58
794 , 2.58
795 , 2.58
796 , 2.6
797 , 2.6
798 , 2.8
799 , 2.63
800 , 2.61
801 , 2.6
802 , 2.6
803 , 2.6
804 , 2.58
805 , 2.58
806 , 2.58
807 , 2.6
808 , 2.61
809 , 2.6
810 , 2.59
811 , 2.6
812 , 2.59
813 , 2.59
814 , 2.58
815 , 2.58
816 , 2.57
817 , 2.59
818 , 2.59
819 , 2.59
820 , 2.59
821 , 2.59
822 , 2.59
823 , 2.59
824 , 2.57
825 , 2.58
826 , 2.58
827 , 2.6
828 , 2.59
829 , 2.59
830 , 2.59
831 , 2.59
832 , 2.59
833 , 2.58
834 , 2.57
835 , 2.57
836 , 2.57
837 , 2.59
838 , 2.59
839 , 2.58
840 , 2.58
841 , 2.58
842 , 2.58
843 , 2.58
844 , 2.57
845 , 2.57
846 , 2.57
847 , 10.63
848 , 2.76
849 , 2.63
850 , 2.62
851 , 2.6
852 , 2.6
853 , 2.59
854 , 2.59
855 , 2.58
856 , 2.57
857 , 2.58
858 , 2.57
859 , 2.59
860 , 2.59
861 , 2.59
862 , 2.58
863 , 2.58
864 , 2.58
865 , 2.58
866 , 2.57
867 , 2.56
868 , 2.57
869 , 2.59
870 , 2.59
871 , 2.58
872 , 2.58
873 , 2.58
874 , 2.58
875 , 2.57
876 , 2.57
877 , 2.57
878 , 2.57
879 , 2.59
880 , 2.58
881 , 2.59
882 , 2.6
883 , 2.59
884 , 2.58
885 , 2.56
886 , 2.57
887 , 2.57
888 , 2.58
889 , 2.58
890 , 2.59
891 , 2.58
892 , 2.59
893 , 2.58
894 , 2.58
895 , 2.57
896 , 2.57
897 , 2.57
898 , 2.59
899 , 2.58
900 , 2.58
901 , 2.58
902 , 2.58
903 , 2.58
904 , 2.58
905 , 2.57
906 , 2.57
907 , 2.57
908 , 2.59
909 , 2.59
910 , 2.58
911 , 2.58
912 , 2.58
913 , 2.58
914 , 2.57
915 , 2.56
916 , 2.57
917 , 2.57
918 , 2.59
919 , 2.58
920 , 2.58
921 , 2.58
922 , 2.58
923 , 2.57
924 , 2.56
925 , 2.56
926 , 2.58
927 , 2.61
928 , 2.6
929 , 2.6
930 , 2.59
931 , 2.58
932 , 2.58
933 , 2.58
934 , 2.57
935 , 2.57
936 , 2.57
937 , 2.58
938 , 2.58
939 , 2.58
940 , 2.58
941 , 2.58
942 , 2.58
943 , 2.58
944 , 2.57
945 , 2.57
946 , 2.57
947 , 2.58
948 , 2.58
949 , 2.58
950 , 2.58
951 , 2.58
952 , 2.58
953 , 2.57
954 , 2.57
955 , 2.56
956 , 2.57
957 , 2.58
958 , 2.59
959 , 2.58
960 , 2.58
961 , 2.58
962 , 2.57
963 , 2.57
964 , 2.57
965 , 2.56
966 , 2.59
967 , 2.58
968 , 2.58
969 , 2.58
970 , 2.58
971 , 2.58
972 , 2.57
973 , 2.57
974 , 2.57
975 , 2.57
976 , 2.59
977 , 2.58
978 , 2.58
979 , 2.58
980 , 2.58
981 , 2.57
982 , 2.57
983 , 2.56
984 , 2.57
985 , 2.6
986 , 2.59
987 , 2.58
988 , 2.58
989 , 2.58
990 , 2.58
991 , 2.58
992 , 2.56
993 , 2.57
994 , 2.57
995 , 2.59
996 , 2.58
997 , 2.58
998 , 2.58
999 , 2.58
1000 , 2.58
1001 , 2.57
1002 , 2.56
1003 , 2.57
1004 , 2.57
1005 , 2.59
1006 , 2.58
1007 , 2.58
1008 , 2.58
1009 , 2.58
1010 , 2.58
1011 , 2.57
1012 , 2.57
1013 , 2.57
1014 , 2.58
1015 , 2.59
1016 , 2.58
1017 , 2.58
1018 , 2.58
1019 , 2.58
1020 , 2.58
1021 , 2.57
1022 , 2.57
1023 , 2.57
1024 , 2.58
1025 , 2.59
1026 , 2.59
1027 , 2.59
1028 , 2.58
1029 , 2.58
1030 , 2.58
1031 , 2.57
1032 , 2.57
1033 , 2.58
1034 , 2.59
1035 , 2.58
1036 , 2.59
1037 , 2.58
1038 , 2.58
1039 , 2.58
1040 , 2.57
1041 , 2.57
1042 , 2.57
1043 , 2.57
1044 , 2.59
1045 , 2.58
1046 , 2.58
1047 , 2.6
1048 , 2.79
1049 , 2.59
1050 , 2.58
1051 , 2.57
1052 , 2.57
1053 , 2.57
1054 , 2.59
1055 , 2.59
1056 , 2.58
1057 , 2.59
1058 , 2.58
1059 , 2.58
1060 , 2.57
1061 , 2.57
1062 , 2.57
1063 , 2.58
1064 , 2.58
1065 , 2.59
1066 , 2.62
1067 , 2.59
1068 , 2.59
1069 , 2.58
1070 , 2.57
1071 , 2.57
1072 , 2.57
1073 , 2.57
1074 , 2.58
1075 , 2.58
1076 , 2.58
1077 , 2.58
1078 , 2.58
1079 , 2.58
1080 , 2.57
1081 , 2.57
1082 , 2.57
1083 , 2.58
1084 , 2.58
1085 , 2.59
1086 , 2.58
1087 , 2.58
1088 , 2.58
1089 , 2.58
1090 , 2.56
1091 , 2.56
1092 , 2.57
1093 , 2.58
1094 , 2.58
1095 , 2.57
1096 , 2.58
1097 , 2.58
1098 , 2.58
1099 , 2.57
1100 , 2.57
1101 , 2.57
1102 , 2.57
1103 , 2.59
1104 , 2.58
1105 , 2.58
1106 , 2.58
1107 , 2.59
1108 , 2.58
1109 , 2.57
1110 , 2.56
1111 , 2.56
1112 , 2.58
1113 , 2.58
1114 , 2.58
1115 , 2.58
1116 , 2.58
1117 , 2.57
1118 , 2.58
1119 , 2.57
1120 , 2.56
1121 , 2.57
1122 , 2.58
1123 , 2.58
1124 , 2.58
1125 , 2.58
1126 , 2.58
1127 , 2.58
1128 , 2.57
1129 , 2.57
1130 , 2.56
1131 , 2.57
1132 , 2.58
1133 , 2.59
1134 , 2.58
1135 , 2.58
1136 , 2.58
1137 , 2.57
1138 , 2.57
1139 , 2.57
1140 , 2.57
1141 , 2.59
1142 , 2.58
1143 , 2.58
1144 , 2.58
1145 , 2.58
1146 , 2.58
1147 , 2.56
1148 , 2.57
1149 , 2.56
1150 , 2.57
1151 , 2.58
1152 , 2.59
1153 , 2.59
1154 , 2.58
1155 , 2.58
1156 , 2.58
1157 , 2.57
1158 , 2.56
1159 , 2.57
1160 , 2.57
1161 , 2.58
1162 , 2.57
1163 , 2.58
1164 , 2.58
1165 , 2.58
1166 , 2.58
1167 , 2.57
1168 , 2.57
1169 , 2.57
1170 , 2.58
1171 , 2.58
1172 , 2.58
1173 , 2.58
1174 , 2.58
1175 , 2.58
1176 , 2.56
1177 , 2.57
1178 , 2.56
1179 , 2.57
1180 , 2.58
1181 , 2.58
1182 , 2.58
1183 , 2.58
1184 , 2.58
1185 , 2.58
1186 , 2.56
1187 , 2.57
1188 , 2.56
1189 , 2.58
1190 , 2.58
1191 , 2.58
1192 , 2.58
1193 , 2.58
1194 , 2.58
1195 , 2.58
1196 , 2.57
1197 , 2.57
1198 , 2.58
1199 , 2.59
1200 , 2.58
1201 , 2.58
1202 , 2.58
1203 , 2.58
1204 , 2.58
1205 , 2.57
1206 , 2.59
1207 , 2.61
1208 , 2.6
1209 , 2.59
1210 , 2.59
1211 , 2.59
1212 , 2.58
1213 , 2.58
1214 , 2.58
1215 , 2.58
1216 , 2.57
1217 , 2.57
1218 , 2.57
1219 , 2.59
1220 , 2.6
1221 , 2.59
1222 , 2.58
1223 , 2.58
1224 , 2.58
1225 , 2.56
1226 , 2.57
1227 , 2.57
1228 , 2.58
1229 , 2.59
1230 , 2.59
1231 , 2.58
1232 , 2.59
1233 , 2.58
1234 , 2.58
1235 , 2.57
1236 , 2.57
1237 , 2.57
1238 , 2.58
1239 , 2.58
1240 , 2.58
1241 , 2.58
1242 , 2.58
1243 , 2.58
1244 , 2.58
1245 , 2.57
1246 , 2.57
1247 , 2.57
1248 , 2.59
1249 , 2.58
1250 , 2.59
1251 , 2.58
1252 , 2.59
1253 , 2.57
1254 , 2.57
1255 , 2.57
1256 , 2.57
1257 , 2.57
1258 , 2.59
1259 , 2.58
1260 , 2.59
1261 , 2.59
1262 , 2.58
1263 , 2.58
1264 , 2.57
1265 , 2.57
1266 , 2.57
1267 , 2.57
1268 , 2.59
1269 , 2.59
1270 , 2.58
1271 , 2.58
1272 , 2.58
1273 , 2.58
1274 , 2.57
1275 , 2.57
1276 , 2.57
1277 , 2.59
1278 , 2.59
1279 , 2.59
1280 , 2.58
1281 , 2.58
1282 , 2.58
1283 , 2.58
1284 , 2.57
1285 , 2.57
1286 , 2.57
1287 , 2.59
1288 , 2.59
1289 , 2.58
1290 , 2.58
1291 , 2.58
1292 , 2.58
1293 , 2.57
1294 , 2.57
1295 , 2.57
1296 , 2.57
1297 , 2.58
1298 , 2.59
1299 , 2.58
1300 , 2.58
1301 , 2.58
1302 , 2.58
1303 , 2.56
1304 , 2.56
1305 , 2.57
1306 , 2.58
1307 , 2.58
1308 , 2.58
1309 , 2.58
1310 , 2.58
1311 , 2.58
1312 , 3.14
1313 , 3.28
1314 , 3.37
1315 , 3.37
1316 , 3.66
1317 , 3.27
1318 , 3.41
1319 , 2.97
1320 , 2.72
1321 , 2.81
1322 , 2.63
1323 , 2.6
1324 , 2.6
1325 , 2.59
1326 , 2.6
1327 , 2.61
1328 , 2.61
1329 , 2.61
1330 , 2.6
1331 , 2.6
1332 , 2.6
1333 , 2.6
1334 , 2.58
1335 , 2.58
1336 , 2.57
1337 , 2.6
1338 , 2.6
1339 , 2.59
1340 , 2.59
1341 , 2.59
1342 , 2.59
1343 , 2.61
1344 , 2.57
1345 , 2.58
1346 , 2.58
1347 , 2.6
1348 , 2.6
1349 , 2.59
1350 , 2.89
1351 , 2.64
1352 , 2.61
1353 , 2.61
1354 , 2.59
1355 , 2.58
1356 , 2.58
1357 , 2.58
1358 , 2.6
1359 , 2.6
1360 , 2.6
1361 , 2.59
1362 , 2.59
1363 , 2.59
1364 , 2.58
1365 , 2.58
1366 , 2.57
1367 , 2.58
1368 , 2.58
1369 , 2.59
1370 , 2.59
1371 , 4.83
1372 , 2.64
1373 , 2.59
1374 , 2.58
1375 , 2.58
1376 , 2.6
1377 , 2.59
1378 , 2.59
1379 , 2.59
1380 , 2.59
1381 , 2.59
1382 , 2.57
1383 , 2.57
1384 , 2.58
1385 , 2.58
1386 , 2.59
1387 , 2.58
1388 , 2.59
1389 , 2.59
1390 , 2.58
1391 , 2.58
1392 , 2.57
1393 , 2.57
1394 , 2.57
1395 , 2.57
1396 , 2.59
1397 , 2.59
1398 , 2.59
1399 , 2.58
1400 , 2.58
1401 , 2.58
1402 , 2.57
1403 , 2.57
1404 , 2.57
1405 , 2.59
1406 , 2.59
1407 , 2.58
1408 , 2.58
1409 , 2.58
1410 , 2.58
1411 , 2.59
1412 , 2.57
1413 , 2.57
1414 , 2.71
1415 , 2.6
1416 , 2.61
1417 , 2.61
1418 , 2.61
1419 , 2.59
1420 , 2.59
1421 , 2.59
1422 , 2.57
1423 , 2.58
1424 , 2.57
1425 , 2.58
1426 , 2.59
1427 , 2.6
1428 , 2.59
1429 , 2.58
1430 , 2.58
1431 , 2.58
1432 , 2.57
1433 , 2.57
1434 , 2.57
1435 , 2.59
1436 , 2.59
1437 , 2.59
1438 , 2.58
1439 , 2.58
1440 , 2.58
1441 , 2.58
1442 , 2.57
1443 , 2.57
1444 , 2.57
1445 , 2.59
1446 , 2.59
1447 , 2.59
1448 , 2.58
1449 , 2.58
1450 , 2.58
1451 , 2.58
1452 , 2.57
1453 , 2.57
1454 , 2.57
1455 , 2.59
1456 , 2.59
1457 , 2.59
1458 , 2.58
1459 , 2.58
1460 , 2.58
1461 , 2.57
1462 , 2.56
1463 , 2.57
1464 , 2.57
1465 , 2.59
1466 , 2.58
1467 , 2.58
1468 , 2.58
1469 , 2.58
1470 , 2.58
1471 , 2.57
1472 , 2.57
1473 , 2.57
1474 , 2.59
1475 , 2.58
1476 , 2.58
1477 , 2.58
1478 , 2.58
1479 , 2.58
1480 , 2.58
1481 , 2.61
1482 , 2.58
1483 , 2.58
1484 , 2.59
1485 , 2.59
1486 , 2.58
1487 , 2.58
1488 , 2.58
1489 , 2.58
1490 , 2.58
1491 , 2.57
1492 , 2.57
1493 , 2.57
1494 , 2.59
1495 , 2.59
1496 , 2.58
1497 , 2.58
1498 , 2.58
1499 , 2.58
1500 , 2.57
1501 , 2.57
1502 , 2.57
1503 , 2.57
1504 , 2.58
1505 , 2.58
1506 , 2.58
1507 , 2.58
1508 , 2.58
1509 , 2.58
1510 , 2.57
1511 , 2.57
1512 , 2.57
1513 , 2.57
1514 , 2.58
1515 , 2.58
1516 , 2.58
1517 , 2.58
1518 , 2.58
1519 , 2.58
1520 , 2.57
1521 , 2.57
1522 , 2.57
1523 , 2.59
1524 , 2.58
1525 , 2.58
1526 , 2.58
1527 , 2.57
1528 , 2.58
1529 , 2.57
1530 , 2.56
1531 , 2.56
1532 , 2.57
1533 , 2.58
1534 , 2.58
1535 , 2.59
1536 , 2.58
1537 , 2.58
1538 , 2.58
1539 , 2.57
1540 , 2.56
1541 , 2.56
1542 , 2.58
1543 , 2.58
1544 , 2.58
1545 , 2.58
1546 , 2.58
1547 , 2.58
1548 , 2.58
1549 , 2.57
1550 , 2.57
1551 , 2.57
1552 , 2.59
1553 , 2.59
1554 , 2.58
1555 , 2.58
1556 , 2.59
1557 , 2.58
1558 , 2.58
1559 , 2.57
1560 , 2.57
1561 , 2.57
1562 , 2.59
1563 , 2.59
1564 , 2.58
1565 , 2.57
1566 , 2.57
1567 , 2.58
1568 , 2.57
1569 , 2.57
1570 , 2.57
1571 , 2.58
1572 , 2.59
1573 , 2.58
1574 , 2.58
1575 , 2.58
1576 , 2.58
1577 , 2.57
1578 , 2.57
1579 , 2.57
1580 , 2.57
1581 , 2.59
1582 , 2.58
1583 , 2.58
1584 , 2.58
1585 , 2.58
1586 , 2.58
1587 , 2.59
1588 , 2.57
1589 , 2.56
1590 , 2.57
1591 , 2.59
1592 , 2.59
1593 , 2.58
1594 , 2.58
1595 , 2.58
1596 , 2.57
1597 , 2.57
1598 , 2.57
1599 , 2.56
1600 , 2.58
1601 , 2.61
1602 , 2.8
1603 , 2.59
1604 , 2.58
1605 , 2.59
1606 , 2.59
1607 , 2.58
1608 , 2.57
1609 , 2.57
1610 , 2.57
1611 , 2.58
1612 , 2.59
1613 , 2.58
1614 , 2.58
1615 , 2.58
1616 , 2.58
1617 , 2.57
1618 , 2.56
1619 , 2.57
1620 , 2.59
1621 , 2.6
1622 , 2.61
1623 , 2.6
1624 , 2.59
1625 , 2.58
1626 , 2.58
1627 , 2.57
1628 , 2.57
1629 , 2.57
1630 , 2.58
1631 , 2.59
1632 , 2.58
1633 , 2.59
1634 , 2.58
1635 , 2.58
1636 , 2.58
1637 , 2.57
1638 , 2.57
1639 , 2.57
1640 , 2.58
1641 , 2.58
1642 , 2.58
1643 , 2.58
1644 , 2.58
1645 , 2.58
1646 , 2.58
1647 , 2.57
1648 , 2.57
1649 , 2.57
1650 , 2.59
1651 , 2.59
1652 , 2.58
1653 , 2.58
1654 , 2.58
1655 , 2.58
1656 , 2.57
1657 , 2.57
1658 , 2.57
1659 , 2.57
1660 , 2.59
1661 , 2.58
1662 , 2.58
1663 , 2.58
1664 , 2.58
1665 , 2.58
1666 , 2.57
1667 , 2.57
1668 , 2.57
1669 , 2.57
1670 , 2.58
1671 , 2.58
1672 , 2.57
1673 , 2.58
1674 , 2.58
1675 , 2.58
1676 , 2.57
1677 , 2.57
1678 , 2.57
1679 , 2.58
1680 , 2.58
1681 , 2.58
1682 , 2.57
1683 , 2.58
1684 , 2.58
1685 , 2.56
1686 , 2.56
1687 , 2.57
1688 , 2.57
1689 , 2.58
1690 , 2.58
1691 , 2.58
1692 , 2.58
1693 , 2.58
1694 , 2.58
1695 , 2.56
1696 , 2.57
1697 , 2.57
1698 , 2.57
1699 , 2.58
1700 , 2.58
1701 , 2.58
1702 , 2.58
1703 , 2.58
1704 , 2.57
1705 , 2.57
1706 , 2.57
1707 , 2.57
1708 , 2.58
1709 , 2.59
1710 , 2.58
1711 , 2.58
1712 , 2.58
1713 , 2.58
1714 , 2.57
1715 , 2.57
1716 , 2.56
1717 , 2.57
1718 , 2.58
1719 , 2.58
1720 , 2.58
1721 , 2.58
1722 , 2.58
1723 , 2.58
1724 , 2.56
1725 , 2.57
1726 , 2.57
1727 , 2.58
1728 , 2.59
1729 , 2.58
1730 , 2.58
1731 , 2.58
1732 , 2.58
1733 , 2.58
1734 , 2.57
1735 , 2.56
1736 , 2.56
1737 , 2.59
1738 , 2.58
1739 , 2.58
1740 , 2.58
1741 , 2.59
1742 , 2.58
1743 , 2.58
1744 , 2.56
1745 , 2.57
1746 , 2.57
1747 , 2.59
1748 , 2.59
1749 , 2.59
1750 , 2.58
1751 , 2.58
1752 , 2.58
1753 , 2.57
1754 , 2.56
1755 , 2.57
1756 , 2.57
1757 , 2.58
1758 , 2.58
1759 , 2.58
1760 , 2.63
1761 , 2.6
1762 , 2.59
1763 , 2.57
1764 , 2.57
1765 , 2.57
1766 , 2.57
1767 , 2.59
1768 , 2.59
1769 , 2.58
1770 , 2.58
1771 , 2.58
1772 , 2.58
1773 , 2.57
1774 , 2.57
1775 , 2.57
1776 , 2.59
1777 , 2.58
1778 , 2.59
1779 , 2.58
1780 , 2.58
1781 , 2.57
1782 , 2.58
1783 , 2.56
1784 , 2.56
1785 , 2.57
1786 , 2.58
1787 , 2.58
1788 , 2.59
1789 , 2.58
1790 , 2.58
1791 , 2.58
1792 , 2.57
1793 , 2.56
1794 , 2.57
1795 , 2.57
1796 , 2.59
1797 , 2.59
1798 , 2.59
1799 , 2.58
1800 , 2.58
1801 , 2.58
1802 , 2.57
1803 , 2.57
1804 , 2.57
1805 , 2.59
1806 , 2.59
1807 , 2.58
1808 , 2.58
1809 , 2.59
1810 , 2.58
1811 , 2.58
1812 , 2.57
1813 , 2.57
1814 , 2.57
1815 , 2.6
1816 , 2.59
1817 , 2.59
1818 , 2.58
1819 , 2.59
1820 , 2.58
1821 , 2.58
1822 , 2.57
1823 , 2.57
1824 , 2.57
1825 , 2.58
1826 , 2.58
1827 , 2.58
1828 , 2.58
1829 , 2.58
1830 , 2.58
1831 , 2.57
1832 , 2.57
1833 , 2.57
1834 , 2.57
1835 , 2.58
1836 , 2.58
1837 , 2.58
1838 , 2.58
1839 , 2.58
1840 , 2.58
1841 , 2.57
1842 , 2.57
1843 , 2.56
1844 , 2.59
1845 , 2.59
1846 , 2.58
1847 , 2.58
1848 , 2.58
1849 , 2.58
1850 , 2.57
1851 , 2.56
1852 , 2.57
1853 , 2.57
1854 , 2.58
1855 , 2.58
1856 , 2.58
1857 , 2.58
1858 , 2.58
1859 , 2.58
1860 , 2.56
1861 , 2.56
1862 , 2.57
1863 , 2.57
1864 , 2.58
1865 , 2.58
1866 , 2.59
1867 , 2.58
1868 , 2.58
1869 , 2.57
1870 , 2.57
1871 , 2.56
1872 , 2.57
1873 , 2.6
1874 , 2.59
1875 , 2.58
1876 , 2.58
1877 , 2.58
1878 , 2.59
1879 , 2.59
1880 , 2.57
1881 , 2.57
1882 , 2.57
1883 , 2.59
1884 , 2.58
1885 , 2.58
1886 , 2.58
1887 , 2.58
1888 , 2.58
1889 , 2.57
1890 , 2.56
1891 , 2.57
1892 , 2.57
1893 , 2.59
1894 , 2.58
1895 , 2.58
1896 , 2.58
1897 , 2.58
1898 , 2.58
1899 , 2.59
1900 , 2.58
1901 , 2.58
1902 , 2.58
1903 , 2.6
1904 , 2.59
1905 , 2.59
1906 , 2.58
1907 , 2.59
1908 , 2.58
1909 , 2.57
1910 , 2.57
1911 , 2.57
1912 , 2.58
1913 , 2.59
1914 , 2.59
1915 , 2.58
1916 , 2.58
1917 , 2.58
1918 , 2.58
1919 , 2.57
1920 , 2.57
1921 , 2.57
1922 , 2.58
1923 , 2.59
1924 , 2.58
1925 , 2.58
1926 , 2.58
1927 , 2.58
1928 , 2.58
1929 , 2.57
1930 , 2.57
1931 , 2.57
1932 , 2.59
1933 , 2.58
1934 , 2.59
1935 , 2.58
1936 , 2.58
1937 , 2.58
1938 , 2.58
1939 , 2.56
1940 , 2.57
1941 , 2.57
1942 , 2.58
1943 , 2.59
1944 , 2.58
1945 , 2.58
1946 , 2.58
1947 , 2.58
1948 , 2.56
1949 , 2.57
1950 , 2.57
1951 , 2.57
1952 , 2.58
1953 , 2.59
1954 , 2.58
1955 , 2.58
1956 , 2.58
1957 , 2.57
1958 , 2.56
1959 , 2.57
1960 , 2.57
1961 , 2.59
1962 , 2.59
1963 , 2.58
1964 , 2.58
1965 , 2.58
1966 , 2.57
1967 , 2.58
1968 , 2.56
1969 , 2.57
1970 , 2.57
1971 , 2.58
1972 , 2.58
1973 , 2.58
1974 , 2.58
1975 , 2.58
1976 , 2.57
1977 , 2.56
1978 , 2.57
1979 , 2.57
1980 , 2.57
1981 , 2.59
1982 , 2.59
1983 , 2.58
1984 , 2.58
1985 , 2.58
1986 , 2.58
1987 , 2.56
1988 , 2.57
1989 , 2.57
1990 , 2.58
1991 , 2.58
1992 , 2.58
1993 , 2.58
1994 , 2.58
1995 , 2.57
1996 , 2.57
1997 , 2.57
1998 , 2.57
1999 , 2.57
2000 , 2.58
2001 , 2.59
2002 , 2.58
2003 , 2.58
2004 , 2.57
2005 , 2.58
2006 , 2.57
2007 , 2.57
2008 , 2.57
2009 , 2.58
2010 , 2.58
2011 , 2.58
2012 , 2.58
2013 , 2.58
2014 , 2.58
2015 , 2.58
2016 , 2.57
2017 , 2.58
2018 , 2.57
2019 , 2.59
2020 , 2.59
2021 , 2.58
2022 , 4.92
2023 , 2.62
2024 , 2.59
2025 , 2.58
2026 , 2.58
2027 , 2.59
2028 , 2.6
2029 , 2.59
2030 , 2.58
2031 , 2.58
2032 , 2.58
2033 , 2.56
2034 , 2.57
2035 , 2.57
2036 , 2.57
2037 , 2.59
2038 , 2.62
2039 , 2.6
2040 , 2.58
2041 , 2.59
2042 , 2.58
2043 , 2.57
2044 , 2.57
2045 , 2.57
2046 , 2.57
2047 , 2.59
2048 , 2.58
2049 , 2.58
2050 , 2.59
2051 , 2.59
2052 , 2.58
2053 , 2.57
2054 , 2.57
2055 , 2.57
2056 , 2.57
2057 , 2.59
2058 , 2.59
2059 , 2.58
2060 , 2.58
2061 , 2.58
2062 , 2.58
2063 , 2.57
2064 , 2.57
2065 , 2.57
2066 , 2.59
2067 , 2.59
2068 , 2.58
2069 , 2.58
2070 , 2.58
2071 , 2.58
2072 , 2.58
2073 , 2.56
2074 , 2.57
2075 , 2.57
2076 , 2.59
2077 , 2.58
2078 , 2.58
2079 , 2.58
2080 , 2.58
2081 , 2.58
2082 , 2.57
2083 , 2.57
2084 , 2.56
2085 , 2.57
2086 , 2.59
2087 , 2.58
2088 , 2.58
2089 , 2.58
2090 , 2.58
2091 , 2.57
2092 , 2.57
2093 , 2.57
2094 , 2.56
2095 , 2.59
2096 , 2.59
2097 , 2.58
2098 , 2.58
2099 , 2.58
2100 , 2.58
2101 , 2.58
2102 , 2.57
2103 , 2.57
2104 , 2.57
2105 , 2.58
2106 , 2.58
2107 , 2.58
2108 , 2.58
2109 , 2.58
2110 , 2.58
2111 , 2.56
2112 , 2.57
2113 , 2.56
2114 , 2.57
2115 , 2.58
2116 , 2.59
2117 , 2.58
2118 , 2.58
2119 , 2.58
2120 , 2.58
2121 , 2.56
2122 , 2.57
2123 , 2.57
2124 , 2.57
2125 , 2.58
2126 , 2.58
2127 , 2.58
2128 , 2.58
2129 , 2.58
2130 , 2.57
2131 , 2.56
2132 , 2.56
2133 , 2.57
2134 , 2.59
2135 , 2.58
2136 , 2.58
2137 , 2.58
2138 , 2.58
2139 , 2.57
2140 , 2.57
2141 , 2.57
2142 , 2.57
2143 , 2.57
2144 , 2.97
2145 , 3.36
2146 , 3.23
2147 , 3.2
2148 , 3.33
2149 , 3.37
2150 , 3.28
2151 , 3.14
2152 , 2.68
2153 , 2.86
2154 , 2.66
2155 , 2.65
2156 , 2.85
2157 , 2.62
2158 , 2.61
2159 , 2.59
2160 , 2.59
2161 , 2.58
2162 , 2.6
2163 , 2.6
2164 , 2.61
2165 , 2.62
2166 , 2.6
2167 , 2.59
2168 , 2.59
2169 , 2.58
2170 , 2.57
2171 , 2.57
2172 , 2.58
2173 , 2.58
2174 , 2.6
2175 , 2.63
2176 , 2.6
2177 , 2.6
2178 , 2.59
2179 , 2.59
2180 , 2.57
2181 , 2.57
2182 , 2.82
2183 , 2.62
2184 , 2.61
2185 , 2.61
2186 , 2.6
2187 , 2.59
2188 , 2.59
2189 , 2.59
2190 , 2.58
2191 , 2.57
2192 , 2.58
2193 , 2.57
2194 , 2.59
2195 , 2.59
2196 , 2.6
2197 , 2.59
2198 , 2.59
2199 , 2.59
2200 , 2.59
2201 , 2.57
2202 , 2.57
2203 , 2.57
2204 , 2.58
2205 , 2.6
2206 , 2.59
2207 , 2.59
2208 , 2.58
2209 , 2.58
2210 , 2.58
2211 , 2.57
2212 , 2.57
2213 , 2.57
2214 , 2.57
2215 , 2.58
2216 , 2.59
2217 , 2.58
2218 , 2.58
2219 , 2.58
2220 , 2.58
2221 , 2.56
2222 , 2.57
2223 , 2.57
2224 , 2.58
2225 , 2.58
2226 , 2.59
2227 , 2.58
2228 , 2.58
2229 , 2.58
2230 , 2.58
2231 , 2.57
2232 , 2.57
2233 , 2.57
2234 , 2.58
2235 , 2.59
2236 , 2.59
2237 , 2.58
2238 , 2.59
2239 , 2.58
2240 , 2.56
2241 , 2.57
2242 , 2.57
2243 , 2.57
2244 , 2.59
2245 , 2.59
2246 , 2.58
2247 , 2.58
2248 , 2.58
2249 , 2.58
2250 , 2.57
2251 , 2.57
2252 , 2.57
2253 , 2.58
2254 , 2.58
2255 , 2.59
2256 , 2.58
2257 , 2.58
2258 , 2.58
2259 , 2.58
2260 , 2.57
2261 , 2.57
2262 , 2.57
2263 , 2.59
2264 , 2.59
2265 , 2.59
2266 , 2.59
2267 , 2.58
2268 , 2.58
2269 , 2.58
2270 , 2.57
2271 , 2.57
2272 , 2.57
2273 , 2.59
2274 , 2.59
2275 , 2.58
2276 , 2.58
2277 , 2.58
2278 , 2.57
2279 , 2.57
2280 , 2.57
2281 , 2.57
2282 , 2.57
2283 , 2.59
2284 , 2.58
2285 , 2.58
2286 , 2.58
2287 , 2.58
2288 , 2.58
2289 , 2.57
2290 , 2.57
2291 , 2.57
2292 , 2.58
2293 , 2.58
2294 , 2.58
2295 , 2.58
2296 , 2.57
2297 , 2.58
2298 , 2.58
2299 , 2.57
2300 , 2.57
2301 , 2.57
2302 , 2.59
2303 , 2.59
2304 , 2.59
2305 , 2.58
2306 , 2.58
2307 , 2.58
2308 , 2.56
2309 , 2.57
2310 , 2.56
2311 , 2.57
2312 , 2.59
2313 , 2.59
2314 , 2.59
2315 , 2.6
2316 , 2.6
2317 , 2.59
2318 , 2.58
2319 , 2.57
2320 , 2.57
2321 , 2.57
2322 , 2.59
2323 , 2.59
2324 , 2.58
2325 , 2.59
2326 , 2.58
2327 , 2.58
2328 , 2.57
2329 , 2.57
2330 , 2.57
2331 , 2.57
2332 , 2.6
2333 , 2.59
2334 , 2.58
2335 , 2.58
2336 , 2.58
2337 , 2.58
2338 , 2.56
2339 , 2.57
2340 , 2.57
2341 , 2.58
2342 , 2.58
2343 , 2.58
2344 , 2.58
2345 , 2.58
2346 , 2.58
2347 , 2.58
2348 , 2.57
2349 , 2.56
2350 , 2.57
2351 , 2.58
2352 , 2.58
2353 , 2.58
2354 , 2.58
2355 , 2.58
2356 , 2.58
2357 , 2.57
2358 , 2.57
2359 , 2.57
2360 , 2.57
2361 , 2.59
2362 , 2.58
2363 , 2.59
2364 , 2.58
2365 , 2.58
2366 , 2.58
2367 , 2.57
2368 , 2.57
2369 , 2.56
2370 , 2.57
2371 , 2.59
2372 , 2.58
2373 , 2.58
2374 , 2.58
2375 , 2.58
2376 , 2.57
2377 , 2.56
2378 , 2.57
2379 , 2.56
2380 , 2.58
2381 , 2.58
2382 , 2.58
2383 , 2.58
2384 , 2.58
2385 , 2.58
2386 , 2.57
2387 , 2.57
2388 , 2.57
2389 , 2.57
2390 , 2.58
2391 , 2.58
2392 , 2.58
2393 , 2.58
2394 , 2.57
2395 , 2.58
2396 , 2.56
2397 , 2.56
2398 , 2.57
2399 , 2.57
2400 , 2.58
2401 , 2.58
2402 , 2.59
2403 , 2.58
2404 , 2.58
2405 , 2.58
2406 , 2.57
2407 , 2.56
2408 , 2.57
2409 , 2.59
2410 , 2.58
2411 , 2.58
2412 , 2.58
2413 , 2.58
2414 , 2.58
2415 , 2.56
2416 , 2.56
2417 , 2.57
2418 , 2.57
2419 , 2.59
2420 , 2.59
2421 , 2.58
2422 , 2.58
2423 , 2.58
2424 , 2.58
2425 , 2.56
2426 , 2.57
2427 , 2.57
2428 , 2.57
2429 , 2.59
2430 , 2.58
2431 , 2.58
2432 , 2.57
2433 , 2.6
2434 , 2.58
2435 , 2.57
2436 , 2.57
2437 , 2.57
2438 , 2.59
2439 , 2.59
2440 , 2.58
2441 , 2.58
2442 , 2.58
2443 , 2.58
2444 , 2.58
2445 , 2.56
2446 , 2.57
2447 , 2.56
2448 , 2.59
2449 , 2.58
2450 , 2.58
2451 , 2.58
2452 , 2.58
2453 , 2.58
2454 , 2.6
2455 , 2.58
2456 , 2.57
2457 , 2.58
2458 , 2.59
2459 , 2.59
2460 , 2.59
2461 , 2.58
2462 , 2.58
2463 , 2.58
2464 , 2.56
2465 , 2.56
2466 , 2.57
2467 , 2.57
2468 , 2.58
2469 , 2.59
2470 , 2.58
2471 , 2.58
2472 , 2.58
2473 , 2.58
2474 , 2.57
2475 , 2.57
2476 , 2.57
2477 , 2.59
2478 , 2.59
2479 , 2.58
2480 , 2.58
2481 , 2.58
2482 , 2.58
2483 , 2.59
2484 , 2.57
2485 , 2.57
2486 , 2.57
2487 , 2.59
2488 , 2.59
2489 , 2.58
2490 , 2.58
2491 , 2.58
2492 , 2.58
2493 , 2.57
2494 , 2.56
2495 , 2.57
2496 , 2.57
2497 , 2.58
2498 , 2.58
2499 , 2.58
2500 , 2.58
2501 , 2.58
2502 , 2.57
2503 , 2.57
2504 , 2.56
2505 , 2.57
2506 , 2.58
2507 , 2.58
2508 , 2.58
2509 , 2.58
2510 , 2.57
2511 , 2.58
2512 , 2.58
2513 , 2.57
2514 , 2.56
2515 , 2.57
2516 , 2.58
2517 , 2.58
2518 , 2.58
2519 , 2.58
2520 , 2.58
2521 , 2.58
2522 , 2.56
2523 , 2.57
2524 , 2.57
2525 , 2.57
2526 , 2.59
2527 , 2.59
2528 , 2.59
2529 , 2.58
2530 , 2.58
2531 , 2.58
2532 , 2.57
2533 , 2.57
2534 , 2.57
2535 , 2.57
2536 , 2.58
2537 , 2.58
2538 , 2.58
2539 , 2.59
2540 , 2.58
2541 , 2.58
2542 , 2.56
2543 , 2.57
2544 , 2.56
2545 , 2.58
2546 , 2.59
2547 , 2.59
2548 , 2.58
2549 , 2.58
2550 , 2.58
2551 , 2.57
2552 , 2.56
2553 , 2.56
2554 , 2.56
2555 , 2.58
2556 , 2.58
2557 , 2.57
2558 , 2.58
2559 , 2.58
2560 , 2.58
2561 , 2.56
2562 , 2.57
2563 , 2.56
2564 , 2.57
2565 , 2.58
2566 , 2.59
2567 , 2.58
2568 , 2.58
2569 , 2.58
2570 , 2.58
2571 , 2.56
2572 , 2.57
2573 , 2.57
2574 , 2.58
2575 , 2.58
2576 , 2.58
2577 , 2.58
2578 , 2.58
2579 , 2.58
2580 , 2.56
2581 , 2.56
2582 , 2.56
2583 , 2.57
2584 , 2.58
2585 , 2.58
2586 , 2.58
2587 , 2.57
2588 , 2.58
2589 , 2.57
2590 , 2.56
2591 , 2.57
2592 , 2.57
2593 , 2.58
2594 , 2.61
2595 , 2.61
2596 , 2.58
2597 , 2.58
2598 , 2.59
2599 , 2.58
2600 , 2.57
2601 , 2.57
2602 , 2.57
2603 , 2.59
2604 , 2.58
2605 , 2.58
2606 , 2.58
2607 , 2.58
2608 , 2.57
2609 , 2.58
2610 , 2.57
2611 , 2.57
2612 , 2.57
2613 , 2.58
2614 , 2.58
2615 , 2.58
2616 , 2.58
2617 , 2.58
2618 , 2.57
2619 , 2.57
2620 , 2.57
2621 , 2.56
2622 , 2.57
2623 , 2.58
2624 , 2.58
2625 , 2.58
2626 , 2.57
2627 , 2.58
2628 , 2.57
2629 , 2.56
2630 , 2.57
2631 , 2.57
2632 , 2.58
2633 , 2.58
2634 , 2.58
2635 , 2.58
2636 , 2.57
2637 , 2.57
2638 , 2.58
2639 , 2.56
2640 , 2.57
2641 , 2.57
2642 , 2.58
2643 , 2.58
2644 , 2.58
2645 , 2.58
2646 , 2.58
2647 , 2.58
2648 , 2.56
2649 , 2.56
2650 , 2.57
2651 , 2.58
2652 , 2.58
2653 , 2.58
2654 , 2.58
2655 , 2.58
2656 , 2.58
2657 , 2.57
2658 , 2.57
2659 , 2.57
2660 , 2.57
2661 , 2.58
2662 , 2.58
2663 , 2.58
2664 , 2.58
2665 , 2.58
2666 , 2.58
2667 , 2.56
2668 , 2.56
2669 , 2.57
2670 , 2.58
2671 , 2.59
2672 , 2.59
2673 , 2.58
2674 , 2.58
2675 , 2.58
2676 , 2.58
2677 , 2.56
2678 , 2.56
2679 , 2.57
2680 , 2.58
2681 , 2.59
2682 , 2.59
2683 , 2.58
2684 , 2.57
2685 , 2.57
2686 , 2.57
2687 , 2.57
2688 , 2.57
2689 , 2.59
2690 , 2.59
2691 , 2.59
2692 , 2.58
2693 , 2.58
2694 , 2.58
2695 , 2.58
2696 , 2.58
2697 , 2.57
2698 , 2.57
2699 , 2.61
2700 , 3.3
2701 , 3.07
2702 , 3.16
2703 , 3.59
2704 , 3.23
2705 , 3.25
2706 , 3.42
2707 , 2.75
2708 , 2.84
2709 , 2.74
2710 , 2.66
2711 , 2.84
2712 , 2.62
2713 , 2.6
2714 , 2.61
2715 , 2.6
2716 , 2.58
2717 , 2.58
2718 , 2.58
2719 , 2.59
2720 , 2.63
2721 , 2.6
2722 , 2.6
2723 , 2.59
2724 , 2.59
2725 , 2.59
2726 , 2.57
2727 , 2.58
2728 , 2.57
2729 , 2.57
2730 , 2.59
2731 , 2.63
2732 , 2.61
2733 , 2.59
2734 , 2.59
2735 , 2.58
2736 , 2.57
2737 , 2.66
2738 , 2.71
2739 , 2.6
2740 , 2.6
2741 , 2.61
2742 , 2.61
2743 , 2.61
2744 , 2.6
2745 , 2.59
2746 , 2.59
2747 , 2.59
2748 , 2.58
2749 , 2.58
2750 , 2.58
2751 , 2.6
2752 , 2.59
2753 , 2.59
2754 , 2.59
2755 , 2.59
2756 , 2.59
2757 , 2.58
2758 , 2.57
2759 , 2.58
2760 , 2.58
2761 , 2.6
2762 , 2.59
2763 , 2.59
2764 , 2.58
2765 , 2.59
2766 , 2.58
2767 , 2.59
2768 , 2.58
2769 , 2.57
2770 , 2.57
2771 , 2.59
2772 , 2.59
2773 , 2.59
2774 , 2.59
2775 , 2.59
2776 , 2.59
2777 , 2.58
2778 , 2.57
2779 , 2.57
2780 , 2.58
2781 , 2.59
2782 , 2.59
2783 , 2.58
2784 , 2.59
2785 , 2.58
2786 , 2.58
2787 , 2.57
2788 , 2.57
2789 , 2.57
2790 , 2.57
2791 , 2.59
2792 , 2.59
2793 , 2.59
2794 , 2.58
2795 , 2.58
2796 , 2.58
2797 , 2.56
2798 , 2.57
2799 , 2.57
2800 , 2.57
2801 , 2.59
2802 , 2.58
2803 , 2.59
2804 , 2.58
2805 , 2.58
2806 , 2.58
2807 , 2.57
2808 , 2.57
2809 , 2.57
2810 , 2.59
2811 , 2.59
2812 , 2.58
2813 , 4.72
2814 , 2.63
2815 , 2.59
2816 , 2.58
2817 , 2.58
2818 , 2.59
2819 , 2.59
2820 , 2.59
2821 , 2.59
2822 , 2.58
2823 , 2.59
2824 , 2.57
2825 , 2.57
2826 , 2.57
2827 , 2.58
2828 , 2.59
2829 , 2.59
2830 , 2.58
2831 , 2.58
2832 , 2.58
2833 , 2.58
2834 , 2.56
2835 , 2.57
2836 , 2.57
2837 , 2.58
2838 , 2.58
2839 , 2.58
2840 , 2.58
2841 , 2.58
2842 , 2.58
2843 , 2.57
2844 , 2.57
2845 , 2.56
2846 , 2.57
2847 , 2.58
2848 , 2.58
2849 , 2.59
2850 , 2.58
2851 , 2.58
2852 , 2.58
2853 , 2.56
2854 , 2.56
2855 , 2.57
2856 , 2.57
2857 , 2.59
2858 , 2.59
2859 , 2.58
2860 , 2.58
2861 , 2.57
2862 , 2.57
2863 , 2.57
2864 , 2.57
2865 , 2.57
2866 , 2.58
2867 , 2.59
2868 , 2.58
2869 , 2.59
2870 , 2.6
2871 , 2.59
2872 , 2.58
2873 , 2.57
2874 , 2.57
2875 , 2.57
2876 , 2.59
2877 , 2.59
2878 , 2.58
2879 , 2.58
2880 , 2.58
2881 , 2.58
2882 , 2.58
2883 , 2.57
2884 , 2.57
2885 , 2.57
2886 , 2.58
2887 , 2.58
2888 , 2.58
2889 , 2.58
2890 , 2.58
2891 , 2.58
2892 , 2.57
2893 , 2.57
2894 , 2.57
2895 , 2.57
2896 , 2.59
2897 , 2.59
2898 , 2.58
2899 , 2.58
2900 , 2.58
2901 , 2.58
2902 , 2.57
2903 , 2.57
2904 , 2.57
2905 , 2.57
2906 , 2.58
2907 , 2.58
2908 , 2.58
2909 , 2.58
2910 , 2.58
2911 , 2.58
2912 , 2.57
2913 , 2.57
2914 , 2.56
2915 , 2.59
2916 , 2.59
2917 , 2.58
2918 , 2.58
2919 , 2.58
2920 , 2.58
2921 , 2.58
2922 , 2.56
2923 , 2.57
2924 , 2.57
2925 , 2.59
2926 , 2.59
2927 , 2.59
2928 , 2.58
2929 , 2.58
2930 , 2.58
2931 , 2.57
2932 , 2.57
2933 , 2.56
2934 , 2.57
2935 , 2.59
2936 , 2.59
2937 , 2.58
2938 , 2.58
2939 , 2.58
2940 , 2.58
2941 , 2.57
2942 , 2.56
2943 , 2.57
2944 , 2.58
2945 , 2.58
2946 , 2.58
2947 , 2.58
2948 , 2.58
2949 , 2.58
2950 , 2.57
2951 , 2.57
2952 , 2.57
2953 , 2.57
2954 , 2.58
2955 , 2.59
2956 , 2.58
2957 , 2.58
2958 , 2.58
2959 , 2.57
2960 , 2.56
2961 , 2.56
2962 , 2.56
2963 , 2.57
2964 , 2.58
2965 , 2.58
2966 , 2.58
2967 , 2.58
2968 , 2.58
2969 , 2.58
2970 , 2.57
2971 , 2.56
2972 , 2.56
2973 , 2.59
2974 , 2.58
2975 , 2.59
2976 , 2.58
2977 , 2.57
2978 , 2.58
2979 , 2.58
2980 , 2.57
2981 , 2.57
2982 , 2.57
2983 , 2.59
2984 , 2.58
2985 , 2.59
2986 , 2.58
2987 , 2.59
2988 , 2.58
2989 , 2.58
2990 , 2.57
2991 , 2.57
2992 , 2.57
2993 , 2.58
2994 , 2.58
2995 , 2.58
2996 , 2.58
2997 , 2.58
2998 , 2.58
2999 , 2.57
3000 , 2.56
