1 , 27.56
2 , 26.47
3 , 19.17
4 , 19.17
5 , 19.17
6 , 19.2
7 , 19.15
8 , 19.25
9 , 19.2
10 , 19.13
11 , 19.12
12 , 19.16
13 , 19.17
14 , 19.12
15 , 19.16
16 , 19.13
17 , 19.12
18 , 19.15
19 , 19.12
20 , 19.12
21 , 19.12
22 , 19.13
23 , 19.13
24 , 19.14
25 , 19.13
26 , 19.13
27 , 19.12
28 , 19.11
29 , 19.15
30 , 19.17
31 , 19.12
32 , 19.13
33 , 19.18
34 , 19.11
35 , 19.1
36 , 19.12
37 , 19.12
38 , 19.13
39 , 19.14
40 , 20.66
41 , 19.37
42 , 19.15
43 , 19.19
44 , 19.13
45 , 19.14
46 , 19.13
47 , 19.14
48 , 19.14
49 , 19.13
50 , 19.16
51 , 19.13
52 , 19.15
53 , 19.17
54 , 19.19
55 , 19.18
56 , 19.13
57 , 19.26
58 , 19.14
59 , 19.19
60 , 19.17
61 , 19.19
62 , 19.14
63 , 19.16
64 , 19.1
65 , 19.14
66 , 19.14
67 , 19.13
68 , 19.25
69 , 19.13
70 , 19.13
71 , 19.16
72 , 19.16
73 , 19.13
74 , 19.12
75 , 19.15
76 , 19.14
77 , 19.11
78 , 19.15
79 , 19.14
80 , 19.17
81 , 19.16
82 , 19.12
83 , 19.09
84 , 19.13
85 , 19.13
86 , 19.13
87 , 19.13
88 , 19.19
89 , 19.14
90 , 19.18
91 , 19.18
92 , 19.17
93 , 19.12
94 , 19.16
95 , 19.12
96 , 19.19
97 , 19.12
98 , 19.14
99 , 19.12
100 , 19.16
101 , 19.11
102 , 19.15
103 , 19.15
104 , 19.15
105 , 19.14
106 , 19.14
107 , 19.12
108 , 19.19
109 , 19.13
110 , 19.13
111 , 19.16
112 , 19.16
113 , 19.11
114 , 19.13
115 , 19.12
116 , 19.14
117 , 19.09
118 , 19.11
119 , 19.13
120 , 19.13
121 , 20.3
122 , 20.31
123 , 20.3
124 , 20.31
125 , 20.25
126 , 20.33
127 , 20.27
128 , 20.28
129 , 20.3
130 , 20.32
131 , 20.29
132 , 20.29
133 , 20.29
134 , 20.33
135 , 20.28
136 , 20.26
137 , 20.34
138 , 20.25
139 , 20.3
140 , 20.31
141 , 20.29
142 , 20.28
143 , 20.28
144 , 20.29
145 , 20.27
146 , 20.22
147 , 20.28
148 , 20.36
149 , 20.2
150 , 20.29
151 , 20.28
152 , 20.29
153 , 20.28
154 , 20.25
155 , 20.39
156 , 20.25
157 , 20.27
158 , 20.27
159 , 20.24
160 , 20.3
161 , 20.31
162 , 20.27
163 , 20.31
164 , 20.24
165 , 20.23
166 , 20.25
167 , 20.22
168 , 20.28
169 , 20.35
170 , 20.27
171 , 20.25
172 , 20.25
173 , 20.21
174 , 20.26
175 , 20.21
176 , 20.25
177 , 20.24
178 , 20.25
179 , 20.22
180 , 20.26
181 , 20.25
182 , 20.25
183 , 20.29
184 , 20.27
185 , 20.24
186 , 20.27
187 , 20.24
188 , 20.27
189 , 20.28
190 , 20.25
191 , 20.26
192 , 20.32
193 , 20.28
194 , 20.3
195 , 20.22
196 , 20.24
197 , 20.27
198 , 20.2
199 , 20.25
200 , 20.23
201 , 20.21
202 , 20.26
203 , 20.2
204 , 20.24
205 , 20.28
206 , 20.26
207 , 20.16
208 , 20.89
209 , 21.36
210 , 20.37
211 , 20.44
212 , 20.28
213 , 20.27
214 , 20.66
215 , 20.36
216 , 20.24
217 , 20.32
218 , 20.27
219 , 20.32
220 , 20.25
221 , 20.27
222 , 20.28
223 , 20.23
224 , 20.23
225 , 20.3
226 , 20.26
227 , 20.29
228 , 20.3
229 , 20.26
230 , 20.31
231 , 20.89
232 , 19.0
233 , 19.02
234 , 19.02
235 , 18.93
236 , 19.03
237 , 18.95
238 , 19.05
239 , 18.93
240 , 18.89
241 , 18.98
242 , 18.97
243 , 18.94
244 , 18.93
245 , 18.92
246 , 18.93
247 , 18.93
248 , 18.94
249 , 18.9
250 , 18.92
251 , 18.97
252 , 18.9
253 , 18.94
254 , 18.96
255 , 18.92
256 , 18.93
257 , 18.93
258 , 18.91
259 , 18.92
260 , 18.98
261 , 18.88
262 , 18.94
263 , 18.94
264 , 18.87
265 , 18.94
266 , 18.9
267 , 18.92
268 , 18.94
269 , 23.42
270 , 19.03
271 , 18.99
272 , 18.98
273 , 18.91
274 , 19.01
275 , 18.95
276 , 18.96
277 , 18.93
278 , 18.94
279 , 18.95
280 , 18.97
281 , 18.9
282 , 18.97
283 , 18.98
284 , 18.89
285 , 18.91
286 , 18.94
287 , 18.89
288 , 18.95
289 , 18.89
290 , 18.88
291 , 18.93
292 , 18.93
293 , 18.92
294 , 18.93
295 , 18.92
296 , 18.87
297 , 18.95
298 , 18.95
299 , 18.91
300 , 18.93
301 , 18.94
302 , 18.9
303 , 18.96
304 , 18.95
305 , 18.9
306 , 18.94
307 , 18.93
308 , 18.9
309 , 18.92
310 , 18.95
311 , 18.89
312 , 18.94
313 , 18.98
314 , 18.92
315 , 18.9
316 , 18.92
317 , 18.88
318 , 18.94
319 , 18.92
320 , 18.87
321 , 18.94
322 , 18.91
323 , 18.93
324 , 18.98
325 , 18.93
326 , 18.88
327 , 18.94
328 , 18.95
329 , 18.89
330 , 19.0
331 , 18.89
332 , 18.9
333 , 18.93
334 , 18.92
335 , 18.9
336 , 18.9
337 , 18.93
338 , 18.88
339 , 18.92
340 , 18.93
341 , 18.9
342 , 18.92
343 , 19.07
344 , 18.96
345 , 18.91
346 , 18.98
347 , 18.97
348 , 18.97
349 , 18.99
350 , 18.92
351 , 18.9
352 , 18.96
353 , 18.93
354 , 18.91
355 , 18.92
356 , 18.9
357 , 19.01
358 , 18.92
359 , 18.91
360 , 18.91
361 , 18.89
362 , 18.93
363 , 18.9
364 , 18.92
365 , 18.93
366 , 18.88
367 , 18.9
368 , 18.96
369 , 18.87
370 , 18.92
371 , 18.89
372 , 18.85
373 , 18.92
374 , 18.92
375 , 18.87
376 , 18.89
377 , 18.99
378 , 18.92
379 , 18.94
380 , 18.91
381 , 18.86
382 , 18.92
383 , 18.92
384 , 18.89
385 , 18.93
386 , 18.92
387 , 18.94
388 , 18.93
389 , 18.94
390 , 18.85
391 , 18.91
392 , 18.92
393 , 18.94
394 , 18.87
395 , 18.86
396 , 18.9
397 , 18.89
398 , 18.93
399 , 18.87
400 , 18.91
401 , 18.94
402 , 18.89
403 , 18.97
404 , 18.89
405 , 18.91
406 , 18.92
407 , 18.91
408 , 19.0
409 , 18.87
410 , 18.9
411 , 18.92
412 , 18.92
413 , 18.92
414 , 18.9
415 , 18.95
416 , 18.86
417 , 18.94
418 , 18.97
419 , 18.88
420 , 18.94
421 , 18.88
422 , 18.87
423 , 18.91
424 , 18.98
425 , 18.89
426 , 18.93
427 , 18.91
428 , 18.91
429 , 18.94
430 , 18.9
431 , 18.91
432 , 18.93
433 , 18.92
434 , 18.93
435 , 18.88
436 , 18.91
437 , 18.94
438 , 18.9
439 , 18.93
440 , 18.88
441 , 18.87
442 , 19.09
443 , 19.04
444 , 19.04
445 , 18.95
446 , 18.91
447 , 19.06
448 , 18.94
449 , 18.93
450 , 18.97
451 , 18.96
452 , 18.93
453 , 19.03
454 , 18.94
455 , 18.98
456 , 18.98
457 , 18.98
458 , 18.96
459 , 18.94
460 , 18.93
461 , 18.94
462 , 18.95
463 , 18.94
464 , 18.95
465 , 18.9
466 , 19.21
467 , 17.31
468 , 17.01
469 , 17.03
470 , 17.03
471 , 17.11
472 , 17.02
473 , 17.02
474 , 16.98
475 , 17.01
476 , 17.02
477 , 17.06
478 , 17.09
479 , 17.0
480 , 16.99
481 , 17.08
482 , 17.04
483 , 17.06
484 , 17.04
485 , 17.0
486 , 16.99
487 , 16.98
488 , 17.03
489 , 17.04
490 , 17.02
491 , 16.98
492 , 17.0
493 , 17.01
494 , 17.03
495 , 17.03
496 , 17.02
497 , 17.02
498 , 16.99
499 , 17.01
500 , 17.02
501 , 17.02
502 , 16.96
503 , 17.01
504 , 17.0
505 , 17.02
506 , 17.02
507 , 40.31
508 , 17.83
509 , 16.07
510 , 16.12
511 , 16.07
512 , 16.05
513 , 16.05
514 , 16.06
515 , 16.04
516 , 16.05
517 , 16.01
518 , 16.05
519 , 16.03
520 , 16.06
521 , 16.03
522 , 16.04
523 , 16.03
524 , 16.04
525 , 16.02
526 , 16.05
527 , 16.02
528 , 16.02
529 , 16.01
530 , 16.03
531 , 16.02
532 , 16.05
533 , 16.04
534 , 16.03
535 , 16.01
536 , 16.03
537 , 16.03
538 , 16.05
539 , 16.02
540 , 16.04
541 , 16.02
542 , 16.0
543 , 16.03
544 , 16.02
545 , 15.99
546 , 16.0
547 , 16.03
548 , 16.02
549 , 16.01
550 , 16.0
551 , 16.04
552 , 16.02
553 , 16.02
554 , 16.01
555 , 16.04
556 , 16.03
557 , 16.02
558 , 16.04
559 , 16.02
560 , 16.03
561 , 16.05
562 , 16.01
563 , 16.03
564 , 16.01
565 , 15.99
566 , 16.01
567 , 16.03
568 , 16.05
569 , 16.02
570 , 16.03
571 , 16.02
572 , 16.02
573 , 16.01
574 , 16.05
575 , 16.0
576 , 15.99
577 , 16.02
578 , 16.03
579 , 16.05
580 , 16.03
581 , 16.01
582 , 16.02
583 , 16.06
584 , 16.03
585 , 16.01
586 , 16.03
587 , 16.0
588 , 16.03
589 , 16.02
590 , 16.01
591 , 16.01
592 , 16.01
593 , 16.02
594 , 16.04
595 , 16.0
596 , 16.03
597 , 16.12
598 , 16.08
599 , 16.02
600 , 16.03
601 , 16.01
602 , 16.17
603 , 16.12
604 , 16.01
605 , 16.0
606 , 16.0
607 , 16.03
608 , 16.08
609 , 16.02
610 , 16.01
611 , 16.03
612 , 16.02
613 , 16.06
614 , 16.01
615 , 16.02
616 , 16.02
617 , 16.05
618 , 16.03
619 , 16.03
620 , 16.0
621 , 16.01
622 , 16.01
623 , 16.02
624 , 16.0
625 , 16.03
626 , 16.03
627 , 16.03
628 , 16.04
629 , 16.03
630 , 16.04
631 , 16.02
632 , 16.01
633 , 16.03
634 , 16.04
635 , 16.03
636 , 16.01
637 , 16.02
638 , 16.02
639 , 16.0
640 , 16.02
641 , 16.0
642 , 16.01
643 , 16.0
644 , 16.03
645 , 16.03
646 , 16.02
647 , 16.02
648 , 16.03
649 , 16.04
650 , 16.04
651 , 16.03
652 , 16.04
653 , 16.06
654 , 16.02
655 , 16.0
656 , 16.02
657 , 16.01
658 , 16.04
659 , 16.01
660 , 16.02
661 , 16.04
662 , 16.04
663 , 15.99
664 , 16.02
665 , 16.0
666 , 16.06
667 , 16.02
668 , 16.03
669 , 16.0
670 , 16.01
671 , 16.04
672 , 16.0
673 , 16.08
674 , 15.99
675 , 16.0
676 , 16.01
677 , 16.0
678 , 16.05
679 , 16.02
680 , 16.0
681 , 16.01
682 , 16.02
683 , 16.04
684 , 16.04
685 , 16.02
686 , 16.02
687 , 16.01
688 , 16.04
689 , 16.0
690 , 15.99
691 , 16.0
692 , 16.0
693 , 16.03
694 , 16.04
695 , 16.06
696 , 16.01
697 , 16.01
698 , 16.0
699 , 16.01
700 , 16.02
701 , 16.03
702 , 16.04
703 , 16.03
704 , 16.02
705 , 16.02
706 , 16.01
707 , 16.01
708 , 16.01
709 , 16.0
710 , 16.0
711 , 15.98
712 , 16.03
713 , 16.02
714 , 15.99
715 , 15.99
716 , 16.16
717 , 16.12
718 , 16.14
719 , 16.16
720 , 16.07
721 , 16.06
722 , 16.15
723 , 16.07
724 , 16.06
725 , 16.02
726 , 16.07
727 , 16.03
728 , 16.06
729 , 16.04
730 , 16.02
731 , 16.02
732 , 16.03
733 , 16.04
734 , 16.03
735 , 16.02
736 , 16.04
737 , 16.01
738 , 16.02
739 , 16.01
740 , 16.08
741 , 16.07
742 , 16.04
743 , 16.06
744 , 16.05
745 , 16.04
746 , 16.04
747 , 16.09
748 , 15.34
749 , 14.13
750 , 14.13
751 , 14.16
752 , 14.13
753 , 14.19
754 , 14.13
755 , 14.13
756 , 14.13
757 , 14.11
758 , 14.09
759 , 14.09
760 , 14.12
761 , 14.13
762 , 14.15
763 , 14.13
764 , 14.15
765 , 14.11
766 , 14.13
767 , 14.09
768 , 14.12
769 , 14.15
770 , 14.12
771 , 14.14
772 , 14.1
773 , 14.09
774 , 14.11
775 , 14.12
776 , 14.13
777 , 14.13
778 , 14.14
779 , 14.12
780 , 14.11
781 , 14.09
782 , 14.13
783 , 14.11
784 , 14.12
785 , 14.19
786 , 14.12
787 , 14.12
788 , 14.13
789 , 14.1
790 , 14.1
791 , 14.1
792 , 14.14
793 , 14.17
794 , 14.15
795 , 14.12
796 , 14.09
797 , 16.14
798 , 14.19
799 , 14.15
800 , 14.14
801 , 14.11
802 , 14.09
803 , 14.11
804 , 14.14
805 , 14.13
806 , 14.15
807 , 14.13
808 , 14.13
809 , 14.1
810 , 14.11
811 , 14.12
812 , 14.1
813 , 14.13
814 , 14.15
815 , 14.11
816 , 14.15
817 , 14.13
818 , 14.1
819 , 14.11
820 , 14.12
821 , 14.14
822 , 14.21
823 , 14.14
824 , 14.13
825 , 14.09
826 , 14.12
827 , 14.12
828 , 14.11
829 , 14.12
830 , 14.12
831 , 14.11
832 , 14.11
833 , 14.11
834 , 14.09
835 , 14.11
836 , 14.16
837 , 14.12
838 , 14.12
839 , 14.1
840 , 14.1
841 , 14.1
842 , 14.12
843 , 14.12
844 , 14.11
845 , 14.13
846 , 14.11
847 , 14.08
848 , 14.1
849 , 14.1
850 , 14.12
851 , 14.13
852 , 14.13
853 , 14.13
854 , 14.11
855 , 14.08
856 , 14.1
857 , 14.12
858 , 14.11
859 , 14.14
860 , 14.11
861 , 14.13
862 , 14.07
863 , 14.11
864 , 14.09
865 , 14.11
866 , 14.14
867 , 14.12
868 , 14.14
869 , 14.1
870 , 14.11
871 , 14.11
872 , 14.13
873 , 14.15
874 , 14.15
875 , 14.14
876 , 14.12
877 , 14.11
878 , 14.1
879 , 14.11
880 , 14.11
881 , 14.12
882 , 14.15
883 , 14.11
884 , 14.11
885 , 14.09
886 , 14.1
887 , 14.11
888 , 14.11
889 , 14.13
890 , 14.12
891 , 14.11
892 , 14.09
893 , 14.1
894 , 14.08
895 , 14.11
896 , 14.14
897 , 14.11
898 , 14.1
899 , 14.11
900 , 14.08
901 , 14.1
902 , 14.23
903 , 14.2
904 , 14.13
905 , 14.11
906 , 14.12
907 , 14.11
908 , 14.1
909 , 14.09
910 , 14.09
911 , 14.1
912 , 14.13
913 , 14.11
914 , 14.19
915 , 14.12
916 , 14.08
917 , 14.09
918 , 14.1
919 , 14.12
920 , 14.13
921 , 14.13
922 , 14.13
923 , 14.09
924 , 14.09
925 , 14.09
926 , 14.11
927 , 14.13
928 , 14.11
929 , 14.1
930 , 14.15
931 , 14.08
932 , 14.11
933 , 14.12
934 , 14.11
935 , 14.12
936 , 14.12
937 , 14.11
938 , 14.09
939 , 14.08
940 , 14.1
941 , 14.08
942 , 14.13
943 , 14.11
944 , 14.12
945 , 14.1
946 , 14.08
947 , 14.11
948 , 14.11
949 , 14.13
950 , 14.11
951 , 14.12
952 , 14.15
953 , 14.09
954 , 14.13
955 , 14.09
956 , 14.13
957 , 14.11
958 , 14.14
959 , 14.11
960 , 14.08
961 , 14.12
962 , 14.09
963 , 14.11
964 , 14.12
965 , 14.13
966 , 14.11
967 , 14.09
968 , 14.07
969 , 14.11
970 , 14.1
971 , 14.1
972 , 14.13
973 , 14.1
974 , 14.12
975 , 14.1
976 , 14.12
977 , 14.1
978 , 14.11
979 , 14.19
980 , 14.11
981 , 14.12
982 , 14.13
983 , 14.07
984 , 14.1
985 , 14.11
986 , 14.12
987 , 14.12
988 , 14.11
989 , 14.13
990 , 14.09
991 , 14.1
992 , 14.1
993 , 14.09
994 , 14.11
995 , 14.11
996 , 14.11
997 , 14.09
998 , 14.1
999 , 14.1
1000 , 14.12
1001 , 14.16
1002 , 14.13
1003 , 14.17
1004 , 14.1
1005 , 14.08
1006 , 14.08
1007 , 14.1
1008 , 14.11
1009 , 14.13
1010 , 14.12
1011 , 14.11
1012 , 14.09
1013 , 14.09
1014 , 14.1
1015 , 14.11
1016 , 14.1
1017 , 14.11
1018 , 14.12
1019 , 14.08
1020 , 14.07
1021 , 14.11
1022 , 14.12
1023 , 14.11
1024 , 14.11
1025 , 14.11
1026 , 14.13
1027 , 14.1
1028 , 14.08
1029 , 14.1
1030 , 14.11
1031 , 14.1
1032 , 14.1
1033 , 14.09
1034 , 14.49
1035 , 14.19
1036 , 14.14
1037 , 14.15
1038 , 14.21
1039 , 14.17
1040 , 14.13
1041 , 14.14
1042 , 14.27
1043 , 14.17
1044 , 14.15
1045 , 14.18
1046 , 14.19
1047 , 14.12
1048 , 14.12
1049 , 14.12
1050 , 14.18
1051 , 14.15
1052 , 14.14
1053 , 14.12
1054 , 14.1
1055 , 14.1
1056 , 14.1
1057 , 14.09
1058 , 14.14
1059 , 14.13
1060 , 14.13
1061 , 14.08
1062 , 14.11
1063 , 14.11
1064 , 14.12
1065 , 14.13
1066 , 14.14
1067 , 14.15
1068 , 14.1
1069 , 14.08
1070 , 14.09
1071 , 14.13
1072 , 14.07
1073 , 13.03
1074 , 12.25
1075 , 12.26
1076 , 12.28
1077 , 12.27
1078 , 12.22
1079 , 12.24
1080 , 12.23
1081 , 12.23
1082 , 12.24
1083 , 12.23
1084 , 12.26
1085 , 12.22
1086 , 12.22
1087 , 12.22
1088 , 12.26
1089 , 12.25
1090 , 12.29
1091 , 12.24
1092 , 12.22
1093 , 12.24
1094 , 12.24
1095 , 12.22
1096 , 12.23
1097 , 12.21
1098 , 12.24
1099 , 12.19
1100 , 12.27
1101 , 12.23
1102 , 12.2
1103 , 12.23
1104 , 12.21
1105 , 12.23
1106 , 12.23
1107 , 12.23
1108 , 12.22
1109 , 12.2
1110 , 12.21
1111 , 12.22
1112 , 12.19
1113 , 12.22
1114 , 12.23
1115 , 12.27
1116 , 12.2
1117 , 12.2
1118 , 12.27
1119 , 12.21
1120 , 12.21
1121 , 12.24
1122 , 12.22
1123 , 12.23
1124 , 12.23
1125 , 12.19
1126 , 12.21
1127 , 12.68
1128 , 12.26
1129 , 12.23
1130 , 12.24
1131 , 12.2
1132 , 12.23
1133 , 12.24
1134 , 12.24
1135 , 12.25
1136 , 12.18
1137 , 12.22
1138 , 12.23
1139 , 12.23
1140 , 12.2
1141 , 12.21
1142 , 12.24
1143 , 12.2
1144 , 12.18
1145 , 12.24
1146 , 12.2
1147 , 12.2
1148 , 12.2
1149 , 12.21
1150 , 12.23
1151 , 12.23
1152 , 12.22
1153 , 12.22
1154 , 12.21
1155 , 12.21
1156 , 12.22
1157 , 12.2
1158 , 12.2
1159 , 12.22
1160 , 12.19
1161 , 12.21
1162 , 12.22
1163 , 12.2
1164 , 12.22
1165 , 12.2
1166 , 12.23
1167 , 12.2
1168 , 12.19
1169 , 12.2
1170 , 12.2
1171 , 12.23
1172 , 12.2
1173 , 12.18
1174 , 12.22
1175 , 12.19
1176 , 12.19
1177 , 12.21
1178 , 12.2
1179 , 12.19
1180 , 12.2
1181 , 12.19
1182 , 12.19
1183 , 12.21
1184 , 12.19
1185 , 12.22
1186 , 12.22
1187 , 12.24
1188 , 12.22
1189 , 12.19
1190 , 12.21
1191 , 12.19
1192 , 12.21
1193 , 12.21
1194 , 12.2
1195 , 12.19
1196 , 12.22
1197 , 12.19
1198 , 12.21
1199 , 12.21
1200 , 12.19
1201 , 12.25
1202 , 12.2
1203 , 12.21
1204 , 12.21
1205 , 12.18
1206 , 12.21
1207 , 12.2
1208 , 12.19
1209 , 12.23
1210 , 12.21
1211 , 12.2
1212 , 12.19
1213 , 12.19
1214 , 12.19
1215 , 12.2
1216 , 12.19
1217 , 12.2
1218 , 12.18
1219 , 12.2
1220 , 12.2
1221 , 12.19
1222 , 12.21
1223 , 12.18
1224 , 12.22
1225 , 12.21
1226 , 12.18
1227 , 12.22
1228 , 12.2
1229 , 12.21
1230 , 12.2
1231 , 12.22
1232 , 12.2
1233 , 12.19
1234 , 12.19
1235 , 12.21
1236 , 12.2
1237 , 12.18
1238 , 12.23
1239 , 12.21
1240 , 12.24
1241 , 12.24
1242 , 12.18
1243 , 12.24
1244 , 12.21
1245 , 12.22
1246 , 12.23
1247 , 12.2
1248 , 12.28
1249 , 12.28
1250 , 12.2
1251 , 12.21
1252 , 12.2
1253 , 12.21
1254 , 12.27
1255 , 12.2
1256 , 12.22
1257 , 12.23
1258 , 12.19
1259 , 12.21
1260 , 12.19
1261 , 12.27
1262 , 12.22
1263 , 12.19
1264 , 12.2
1265 , 12.21
1266 , 12.19
1267 , 12.21
1268 , 12.2
1269 , 12.18
1270 , 12.22
1271 , 12.27
1272 , 12.2
1273 , 12.19
1274 , 12.2
1275 , 12.2
1276 , 12.19
1277 , 12.19
1278 , 12.21
1279 , 12.18
1280 , 12.2
1281 , 12.19
1282 , 12.23
1283 , 12.2
1284 , 12.19
1285 , 12.19
1286 , 12.23
1287 , 12.22
1288 , 12.21
1289 , 12.22
1290 , 12.25
1291 , 12.2
1292 , 12.19
1293 , 12.2
1294 , 12.22
1295 , 12.2
1296 , 12.2
1297 , 12.2
1298 , 12.25
1299 , 12.2
1300 , 12.19
1301 , 12.21
1302 , 12.2
1303 , 12.17
1304 , 12.22
1305 , 12.18
1306 , 12.19
1307 , 12.21
1308 , 12.2
1309 , 12.18
1310 , 12.21
1311 , 12.19
1312 , 12.21
1313 , 12.19
1314 , 12.21
1315 , 12.2
1316 , 12.19
1317 , 12.2
1318 , 12.21
1319 , 12.19
1320 , 12.21
1321 , 12.2
1322 , 12.2
1323 , 12.2
1324 , 12.2
1325 , 12.2
1326 , 12.19
1327 , 12.19
1328 , 12.21
1329 , 12.2
1330 , 12.19
1331 , 12.19
1332 , 12.18
1333 , 12.22
1334 , 12.19
1335 , 12.19
1336 , 12.22
1337 , 12.17
1338 , 12.22
1339 , 12.24
1340 , 12.22
1341 , 12.24
1342 , 12.19
1343 , 12.21
1344 , 12.2
1345 , 12.19
1346 , 12.2
1347 , 12.25
1348 , 12.21
1349 , 12.21
1350 , 12.2
1351 , 12.19
1352 , 12.21
1353 , 12.22
1354 , 12.21
1355 , 12.21
1356 , 12.21
1357 , 12.22
1358 , 12.21
1359 , 12.21
1360 , 12.21
1361 , 12.19
1362 , 12.24
1363 , 12.18
1364 , 12.2
1365 , 12.22
1366 , 12.2
1367 , 12.21
1368 , 12.19
1369 , 12.23
1370 , 12.19
1371 , 12.19
1372 , 12.24
1373 , 12.21
1374 , 12.18
1375 , 12.18
1376 , 12.19
1377 , 12.18
1378 , 12.2
1379 , 12.19
1380 , 12.19
1381 , 12.2
1382 , 12.21
1383 , 12.2
1384 , 12.2
1385 , 12.18
1386 , 12.2
1387 , 12.19
1388 , 12.2
1389 , 12.19
1390 , 12.19
1391 , 12.2
1392 , 12.21
1393 , 12.2
1394 , 12.18
1395 , 12.18
1396 , 12.18
1397 , 12.19
1398 , 12.19
1399 , 12.38
1400 , 12.28
1401 , 12.3
1402 , 12.28
1403 , 12.22
1404 , 12.25
1405 , 12.22
1406 , 12.22
1407 , 12.21
1408 , 12.38
1409 , 12.26
1410 , 12.23
1411 , 12.26
1412 , 12.23
1413 , 12.23
1414 , 12.22
1415 , 12.23
1416 , 12.22
1417 , 12.23
1418 , 12.19
1419 , 12.23
1420 , 12.21
1421 , 12.2
1422 , 12.22
1423 , 12.2
1424 , 12.22
1425 , 12.21
1426 , 12.2
1427 , 12.21
1428 , 12.2
1429 , 12.21
1430 , 12.25
1431 , 12.19
1432 , 12.19
1433 , 12.2
1434 , 12.24
1435 , 12.22
1436 , 12.2
1437 , 12.2
1438 , 12.22
1439 , 12.2
1440 , 12.2
1441 , 12.2
1442 , 12.2
1443 , 12.41
1444 , 11.28
1445 , 10.33
1446 , 10.36
1447 , 10.3
1448 , 10.3
1449 , 10.33
1450 , 10.29
1451 , 10.3
1452 , 10.32
1453 , 10.32
1454 , 10.31
1455 , 10.31
1456 , 10.29
1457 , 10.3
1458 , 10.3
1459 , 10.33
1460 , 10.31
1461 , 10.32
1462 , 10.31
1463 , 10.31
1464 , 10.31
1465 , 10.29
1466 , 10.29
1467 , 10.32
1468 , 10.29
1469 , 10.28
1470 , 10.32
1471 , 10.32
1472 , 10.33
1473 , 10.28
1474 , 10.29
1475 , 10.26
1476 , 10.28
1477 , 10.28
1478 , 10.28
1479 , 10.32
1480 , 10.3
1481 , 10.32
1482 , 10.3
1483 , 10.27
1484 , 10.27
1485 , 10.28
1486 , 10.29
1487 , 10.27
1488 , 10.3
1489 , 10.31
1490 , 10.32
1491 , 10.29
1492 , 10.3
1493 , 10.29
1494 , 10.27
1495 , 10.29
1496 , 10.31
1497 , 10.3
1498 , 10.31
1499 , 10.33
1500 , 10.29
1501 , 10.28
1502 , 10.26
1503 , 10.29
1504 , 10.28
1505 , 12.32
1506 , 10.43
1507 , 10.3
1508 , 10.29
1509 , 10.32
1510 , 10.32
1511 , 10.3
1512 , 10.31
1513 , 10.31
1514 , 10.33
1515 , 10.33
1516 , 10.29
1517 , 10.27
1518 , 10.32
1519 , 10.29
1520 , 10.29
1521 , 10.32
1522 , 10.29
1523 , 10.29
1524 , 10.3
1525 , 10.32
1526 , 10.28
1527 , 10.28
1528 , 10.27
1529 , 10.29
1530 , 10.29
1531 , 10.32
1532 , 10.31
1533 , 10.32
1534 , 10.32
1535 , 10.27
1536 , 10.28
1537 , 10.28
1538 , 10.28
1539 , 10.3
1540 , 10.3
1541 , 10.3
1542 , 10.29
1543 , 10.32
1544 , 10.32
1545 , 10.25
1546 , 10.28
1547 , 10.29
1548 , 10.3
1549 , 10.3
1550 , 10.29
1551 , 10.29
1552 , 10.34
1553 , 10.25
1554 , 10.28
1555 , 10.28
1556 , 10.27
1557 , 10.31
1558 , 10.29
1559 , 10.31
1560 , 10.28
1561 , 10.27
1562 , 10.31
1563 , 10.27
1564 , 10.28
1565 , 10.33
1566 , 10.31
1567 , 10.3
1568 , 10.3
1569 , 10.3
1570 , 10.31
1571 , 10.28
1572 , 10.26
1573 , 10.26
1574 , 10.29
1575 , 10.32
1576 , 10.32
1577 , 10.29
1578 , 10.32
1579 , 10.27
1580 , 10.26
1581 , 10.29
1582 , 10.28
1583 , 10.3
1584 , 10.32
1585 , 10.32
1586 , 10.29
1587 , 10.32
1588 , 10.31
1589 , 10.25
1590 , 10.28
1591 , 10.28
1592 , 10.26
1593 , 10.29
1594 , 10.32
1595 , 10.29
1596 , 10.29
1597 , 10.27
1598 , 10.27
1599 , 10.27
1600 , 10.26
1601 , 10.32
1602 , 10.28
1603 , 10.31
1604 , 10.28
1605 , 10.31
1606 , 10.28
1607 , 10.26
1608 , 10.27
1609 , 10.28
1610 , 10.29
1611 , 10.29
1612 , 10.28
1613 , 10.27
1614 , 10.3
1615 , 10.26
1616 , 10.28
1617 , 10.28
1618 , 10.27
1619 , 10.28
1620 , 10.3
1621 , 10.31
1622 , 10.28
1623 , 10.29
1624 , 10.25
1625 , 10.28
1626 , 10.26
1627 , 10.28
1628 , 10.31
1629 , 10.3
1630 , 10.29
1631 , 10.27
1632 , 10.25
1633 , 10.27
1634 , 10.26
1635 , 10.26
1636 , 10.29
1637 , 10.3
1638 , 10.29
1639 , 10.31
1640 , 10.28
1641 , 10.27
1642 , 10.27
1643 , 10.31
1644 , 10.28
1645 , 10.29
1646 , 10.31
1647 , 10.29
1648 , 10.35
1649 , 10.36
1650 , 10.33
1651 , 10.28
1652 , 10.29
1653 , 10.26
1654 , 10.29
1655 , 10.34
1656 , 10.4
1657 , 10.3
1658 , 10.29
1659 , 10.27
1660 , 10.27
1661 , 10.28
1662 , 10.27
1663 , 10.31
1664 , 10.29
1665 , 10.29
1666 , 10.29
1667 , 10.29
1668 , 10.25
1669 , 10.27
1670 , 10.3
1671 , 10.29
1672 , 10.28
1673 , 10.28
1674 , 10.28
1675 , 10.27
1676 , 10.28
1677 , 10.28
1678 , 10.28
1679 , 10.27
1680 , 10.29
1681 , 10.29
1682 , 10.29
1683 , 10.29
1684 , 10.27
1685 , 10.26
1686 , 10.26
1687 , 10.31
1688 , 10.29
1689 , 10.29
1690 , 10.28
1691 , 10.28
1692 , 10.28
1693 , 10.28
1694 , 10.25
1695 , 10.29
1696 , 10.28
1697 , 10.27
1698 , 10.29
1699 , 10.28
1700 , 10.31
1701 , 10.27
1702 , 10.28
1703 , 10.26
1704 , 10.3
1705 , 10.27
1706 , 10.34
1707 , 10.37
1708 , 10.28
1709 , 10.31
1710 , 10.27
1711 , 10.34
1712 , 10.25
1713 , 10.3
1714 , 10.27
1715 , 10.29
1716 , 10.29
1717 , 10.28
1718 , 10.27
1719 , 10.28
1720 , 10.28
1721 , 10.26
1722 , 10.27
1723 , 10.27
1724 , 10.32
1725 , 10.29
1726 , 10.27
1727 , 10.31
1728 , 10.29
1729 , 10.26
1730 , 10.28
1731 , 10.26
1732 , 10.27
1733 , 10.27
1734 , 10.29
1735 , 10.29
1736 , 10.3
1737 , 10.28
1738 , 10.27
1739 , 10.26
1740 , 10.29
1741 , 10.27
1742 , 10.31
1743 , 10.28
1744 , 10.3
1745 , 10.29
1746 , 10.26
1747 , 10.27
1748 , 10.27
1749 , 10.3
1750 , 10.33
1751 , 10.31
1752 , 10.27
1753 , 10.28
1754 , 10.29
1755 , 10.24
1756 , 10.28
1757 , 10.3
1758 , 10.27
1759 , 10.28
1760 , 10.3
1761 , 10.28
1762 , 10.28
1763 , 10.25
1764 , 10.26
1765 , 10.26
1766 , 10.26
1767 , 10.29
1768 , 10.28
1769 , 10.28
1770 , 10.27
1771 , 10.27
1772 , 10.24
1773 , 10.25
1774 , 10.29
1775 , 10.25
1776 , 10.28
1777 , 10.29
1778 , 10.29
1779 , 10.3
1780 , 10.25
1781 , 10.31
1782 , 10.26
1783 , 10.28
1784 , 10.29
1785 , 10.27
1786 , 10.28
1787 , 10.27
1788 , 10.26
1789 , 10.27
1790 , 10.28
1791 , 10.26
1792 , 10.26
1793 , 10.33
1794 , 10.32
1795 , 10.29
1796 , 10.28
1797 , 10.26
1798 , 10.25
1799 , 10.26
1800 , 10.27
1801 , 10.32
1802 , 10.28
1803 , 10.34
1804 , 10.28
1805 , 10.27
1806 , 10.24
1807 , 10.3
1808 , 10.28
1809 , 10.26
1810 , 10.28
1811 , 10.3
1812 , 10.28
1813 , 10.29
1814 , 10.28
1815 , 10.25
1816 , 10.26
1817 , 10.28
1818 , 10.28
1819 , 10.29
1820 , 10.29
1821 , 10.3
1822 , 10.26
1823 , 10.24
1824 , 10.4
1825 , 10.35
1826 , 10.33
1827 , 10.31
1828 , 10.35
1829 , 10.32
1830 , 10.34
1831 , 10.31
1832 , 10.3
1833 , 10.3
1834 , 10.32
1835 , 10.35
1836 , 10.3
1837 , 10.33
1838 , 10.32
1839 , 10.3
1840 , 10.32
1841 , 10.32
1842 , 10.3
1843 , 10.31
1844 , 10.29
1845 , 10.27
1846 , 10.32
1847 , 10.29
1848 , 10.29
1849 , 10.3
1850 , 10.31
1851 , 10.29
1852 , 10.3
1853 , 10.29
1854 , 10.27
1855 , 10.27
1856 , 10.28
1857 , 10.27
1858 , 10.29
1859 , 10.31
1860 , 10.32
1861 , 10.3
1862 , 10.29
1863 , 10.28
1864 , 10.31
1865 , 10.29
1866 , 10.27
1867 , 10.28
1868 , 10.29
1869 , 10.3
1870 , 10.3
1871 , 10.27
1872 , 10.28
1873 , 10.25
1874 , 10.28
1875 , 10.29
1876 , 10.3
1877 , 10.38
1878 , 9.91
1879 , 8.99
1880 , 8.42
1881 , 8.4
1882 , 8.38
1883 , 8.39
1884 , 8.39
1885 , 8.39
1886 , 8.38
1887 , 8.38
1888 , 8.38
1889 , 8.4
1890 , 8.38
1891 , 8.36
1892 , 8.38
1893 , 8.37
1894 , 8.38
1895 , 8.37
1896 , 8.55
1897 , 8.44
1898 , 8.39
1899 , 8.4
1900 , 8.38
1901 , 8.42
1902 , 8.39
1903 , 8.38
1904 , 8.37
1905 , 8.38
1906 , 8.4
1907 , 8.41
1908 , 8.37
1909 , 8.4
1910 , 8.36
1911 , 8.37
1912 , 8.37
1913 , 8.36
1914 , 8.36
1915 , 8.38
1916 , 8.37
1917 , 8.36
1918 , 8.39
1919 , 8.36
1920 , 8.36
1921 , 8.35
1922 , 8.42
1923 , 8.36
1924 , 8.38
1925 , 8.36
1926 , 8.39
1927 , 8.41
1928 , 8.36
1929 , 8.37
1930 , 8.4
1931 , 8.37
1932 , 8.4
1933 , 8.37
1934 , 8.38
1935 , 8.37
1936 , 8.35
1937 , 8.37
1938 , 8.36
1939 , 8.36
1940 , 8.39
1941 , 8.37
1942 , 8.38
1943 , 8.38
1944 , 8.37
1945 , 8.35
1946 , 8.38
1947 , 8.37
1948 , 8.36
1949 , 8.35
1950 , 11.16
1951 , 8.45
1952 , 8.39
1953 , 8.39
1954 , 8.36
1955 , 8.36
1956 , 8.37
1957 , 8.36
1958 , 8.35
1959 , 8.36
1960 , 8.36
1961 , 8.36
1962 , 8.36
1963 , 8.36
1964 , 8.35
1965 , 8.39
1966 , 8.38
1967 , 8.38
1968 , 8.38
1969 , 8.37
1970 , 8.38
1971 , 8.37
1972 , 8.34
1973 , 8.37
1974 , 8.36
1975 , 8.35
1976 , 8.37
1977 , 8.34
1978 , 8.35
1979 , 8.35
1980 , 8.35
1981 , 8.36
1982 , 8.35
1983 , 8.36
1984 , 8.39
1985 , 8.35
1986 , 8.37
1987 , 8.36
1988 , 8.35
1989 , 8.36
1990 , 8.36
1991 , 8.34
1992 , 8.38
1993 , 8.35
1994 , 8.36
1995 , 8.35
1996 , 8.35
1997 , 8.36
1998 , 8.37
1999 , 8.36
2000 , 8.34
2001 , 8.35
2002 , 8.37
2003 , 8.35
2004 , 8.37
2005 , 8.35
2006 , 8.37
2007 , 8.39
2008 , 8.35
2009 , 8.36
2010 , 8.36
2011 , 8.38
2012 , 8.36
2013 , 8.37
2014 , 8.36
2015 , 8.34
2016 , 8.35
2017 , 8.37
2018 , 8.37
2019 , 8.37
2020 , 8.35
2021 , 8.35
2022 , 8.35
2023 , 8.34
2024 , 8.37
2025 , 8.36
2026 , 8.34
2027 , 8.37
2028 , 8.36
2029 , 8.36
2030 , 8.37
2031 , 8.35
2032 , 8.37
2033 , 8.35
2034 , 8.37
2035 , 8.37
2036 , 8.36
2037 , 8.37
2038 , 8.37
2039 , 8.35
2040 , 8.39
2041 , 8.35
2042 , 8.37
2043 , 8.36
2044 , 8.35
2045 , 8.37
2046 , 8.34
2047 , 8.38
2048 , 8.35
2049 , 8.34
2050 , 8.38
2051 , 8.35
2052 , 8.38
2053 , 8.36
2054 , 8.34
2055 , 8.36
2056 , 8.36
2057 , 8.35
2058 , 8.37
2059 , 8.34
2060 , 8.36
2061 , 8.37
2062 , 8.36
2063 , 8.34
2064 , 8.35
2065 , 8.37
2066 , 8.41
2067 , 8.35
2068 , 8.38
2069 , 8.35
2070 , 8.38
2071 , 8.38
2072 , 8.35
2073 , 8.36
2074 , 8.36
2075 , 8.35
2076 , 8.4
2077 , 8.34
2078 , 8.37
2079 , 8.35
2080 , 8.36
2081 , 8.39
2082 , 8.35
2083 , 8.36
2084 , 8.36
2085 , 8.37
2086 , 8.36
2087 , 8.36
2088 , 8.36
2089 , 8.38
2090 , 8.36
2091 , 8.38
2092 , 8.4
2093 , 8.36
2094 , 8.36
2095 , 8.35
2096 , 8.36
2097 , 8.37
2098 , 8.36
2099 , 8.37
2100 , 8.34
2101 , 8.36
2102 , 8.35
2103 , 8.34
2104 , 8.35
2105 , 8.34
2106 , 8.36
2107 , 8.35
2108 , 8.34
2109 , 8.35
2110 , 8.39
2111 , 8.39
2112 , 8.36
2113 , 8.35
2114 , 8.4
2115 , 8.34
2116 , 8.35
2117 , 8.37
2118 , 8.33
2119 , 8.33
2120 , 8.34
2121 , 8.35
2122 , 8.37
2123 , 8.37
2124 , 8.4
2125 , 8.44
2126 , 8.4
2127 , 8.37
2128 , 8.35
2129 , 8.35
2130 , 8.35
2131 , 8.34
2132 , 8.37
2133 , 8.36
2134 , 8.36
2135 , 8.41
2136 , 8.34
2137 , 8.35
2138 , 8.37
2139 , 8.36
2140 , 8.39
2141 , 8.37
2142 , 8.36
2143 , 8.35
2144 , 8.35
2145 , 8.36
2146 , 8.34
2147 , 8.35
2148 , 8.37
2149 , 8.34
2150 , 8.36
2151 , 8.39
2152 , 8.35
2153 , 8.36
2154 , 8.34
2155 , 8.35
2156 , 8.36
2157 , 8.34
2158 , 8.36
2159 , 8.38
2160 , 8.35
2161 , 8.35
2162 , 8.35
2163 , 8.35
2164 , 8.35
2165 , 8.36
2166 , 8.35
2167 , 8.34
2168 , 8.36
2169 , 8.35
2170 , 8.38
2171 , 8.41
2172 , 8.35
2173 , 8.36
2174 , 8.35
2175 , 8.36
2176 , 8.38
2177 , 8.35
2178 , 8.37
2179 , 8.35
2180 , 8.39
2181 , 8.38
2182 , 8.38
2183 , 8.35
2184 , 8.35
2185 , 8.35
2186 , 8.35
2187 , 8.34
2188 , 8.35
2189 , 8.35
2190 , 8.33
2191 , 8.37
2192 , 8.36
2193 , 8.37
2194 , 8.4
2195 , 8.34
2196 , 8.37
2197 , 8.35
2198 , 8.37
2199 , 8.37
2200 , 8.34
2201 , 8.36
2202 , 8.35
2203 , 8.34
2204 , 8.35
2205 , 8.35
2206 , 8.35
2207 , 8.36
2208 , 8.34
2209 , 8.34
2210 , 8.35
2211 , 8.35
2212 , 8.37
2213 , 8.35
2214 , 8.35
2215 , 8.36
2216 , 8.35
2217 , 8.35
2218 , 8.34
2219 , 8.35
2220 , 8.36
2221 , 8.34
2222 , 8.35
2223 , 8.36
2224 , 8.34
2225 , 8.37
2226 , 8.34
2227 , 8.38
2228 , 8.35
2229 , 8.34
2230 , 8.35
2231 , 8.35
2232 , 8.36
2233 , 8.36
2234 , 8.37
2235 , 8.35
2236 , 8.34
2237 , 8.36
2238 , 8.35
2239 , 8.34
2240 , 8.35
2241 , 8.35
2242 , 8.35
2243 , 8.38
2244 , 8.33
2245 , 8.36
2246 , 8.36
2247 , 8.35
2248 , 8.34
2249 , 8.34
2250 , 8.39
2251 , 8.34
2252 , 8.38
2253 , 8.34
2254 , 8.35
2255 , 8.35
2256 , 8.36
2257 , 8.35
2258 , 8.37
2259 , 8.36
2260 , 8.35
2261 , 8.34
2262 , 8.34
2263 , 8.35
2264 , 8.36
2265 , 8.33
2266 , 8.35
2267 , 8.34
2268 , 8.36
2269 , 8.36
2270 , 8.34
2271 , 8.36
2272 , 8.34
2273 , 8.34
2274 , 8.39
2275 , 8.33
2276 , 8.37
2277 , 8.35
2278 , 8.35
2279 , 8.34
2280 , 8.34
2281 , 8.34
2282 , 8.35
2283 , 8.35
2284 , 8.36
2285 , 8.34
2286 , 8.35
2287 , 8.37
2288 , 8.34
2289 , 8.36
2290 , 8.35
2291 , 8.34
2292 , 8.36
2293 , 8.36
2294 , 8.37
2295 , 8.35
2296 , 8.35
2297 , 8.35
2298 , 8.37
2299 , 8.35
2300 , 8.35
2301 , 8.34
2302 , 8.35
2303 , 8.35
2304 , 8.35
2305 , 8.37
2306 , 8.34
2307 , 8.36
2308 , 8.35
2309 , 8.34
2310 , 8.37
2311 , 8.34
2312 , 8.34
2313 , 8.37
2314 , 8.35
2315 , 8.35
2316 , 8.35
2317 , 8.33
2318 , 8.35
2319 , 8.34
2320 , 8.36
2321 , 8.36
2322 , 8.33
2323 , 8.37
2324 , 8.36
2325 , 8.34
2326 , 8.36
2327 , 8.34
2328 , 8.36
2329 , 8.34
2330 , 8.35
2331 , 8.39
2332 , 8.34
2333 , 8.37
2334 , 8.33
2335 , 8.77
2336 , 8.48
2337 , 8.42
2338 , 8.46
2339 , 8.42
2340 , 8.4
2341 , 8.42
2342 , 8.54
2343 , 8.44
2344 , 8.36
2345 , 8.38
2346 , 8.37
2347 , 8.37
2348 , 8.49
2349 , 8.47
2350 , 8.43
2351 , 8.39
2352 , 8.39
2353 , 8.39
2354 , 8.43
2355 , 8.42
2356 , 8.37
2357 , 8.37
2358 , 8.38
2359 , 8.38
2360 , 8.38
2361 , 8.38
2362 , 8.39
2363 , 8.37
2364 , 8.38
2365 , 8.39
2366 , 8.4
2367 , 8.38
2368 , 8.36
2369 , 8.36
2370 , 8.37
2371 , 8.35
2372 , 8.35
2373 , 8.37
2374 , 8.36
2375 , 8.36
2376 , 8.38
2377 , 8.35
2378 , 8.41
2379 , 8.39
2380 , 8.36
2381 , 8.37
2382 , 8.4
2383 , 8.36
2384 , 8.41
2385 , 8.36
2386 , 8.38
2387 , 8.38
2388 , 8.38
2389 , 8.35
2390 , 8.37
2391 , 8.38
2392 , 8.36
2393 , 8.37
2394 , 8.37
2395 , 8.36
2396 , 8.39
2397 , 8.35
2398 , 8.39
2399 , 8.35
2400 , 8.36
2401 , 8.36
2402 , 8.48
2403 , 7.81
2404 , 7.05
2405 , 6.52
2406 , 6.46
2407 , 6.47
2408 , 6.46
2409 , 6.46
2410 , 6.48
2411 , 6.47
2412 , 6.46
2413 , 6.46
2414 , 6.47
2415 , 6.44
2416 , 6.46
2417 , 6.45
2418 , 6.45
2419 , 6.47
2420 , 6.47
2421 , 6.46
2422 , 6.46
2423 , 6.46
2424 , 6.49
2425 , 6.44
2426 , 6.44
2427 , 6.44
2428 , 6.45
2429 , 6.46
2430 , 6.45
2431 , 6.47
2432 , 6.45
2433 , 6.46
2434 , 6.44
2435 , 6.42
2436 , 6.44
2437 , 6.44
2438 , 6.45
2439 , 6.46
2440 , 6.46
2441 , 6.46
2442 , 6.45
2443 , 6.44
2444 , 6.43
2445 , 6.42
2446 , 6.44
2447 , 6.44
2448 , 6.46
2449 , 6.45
2450 , 6.45
2451 , 6.45
2452 , 6.44
2453 , 6.44
2454 , 6.44
2455 , 6.44
2456 , 6.43
2457 , 6.44
2458 , 6.45
2459 , 6.44
2460 , 6.45
2461 , 6.46
2462 , 6.44
2463 , 6.42
2464 , 6.44
2465 , 6.43
2466 , 6.45
2467 , 6.44
2468 , 6.46
2469 , 6.44
2470 , 6.45
2471 , 6.44
2472 , 6.44
2473 , 6.42
2474 , 6.43
2475 , 6.42
2476 , 6.44
2477 , 6.44
2478 , 6.45
2479 , 6.46
2480 , 6.44
2481 , 6.46
2482 , 6.43
2483 , 6.43
2484 , 6.43
2485 , 6.44
2486 , 6.45
2487 , 6.46
2488 , 6.47
2489 , 6.44
2490 , 8.8
2491 , 6.54
2492 , 6.47
2493 , 6.48
2494 , 6.47
2495 , 6.47
2496 , 6.47
2497 , 6.46
2498 , 6.46
2499 , 6.42
2500 , 6.44
2501 , 6.43
2502 , 6.45
2503 , 6.46
2504 , 6.48
2505 , 6.46
2506 , 6.45
2507 , 6.45
2508 , 6.44
2509 , 6.43
2510 , 6.43
2511 , 6.43
2512 , 6.45
2513 , 6.46
2514 , 6.46
2515 , 6.45
2516 , 6.44
2517 , 6.45
2518 , 6.44
2519 , 6.44
2520 , 6.44
2521 , 6.45
2522 , 6.46
2523 , 6.45
2524 , 6.46
2525 , 6.45
2526 , 6.46
2527 , 6.44
2528 , 6.43
2529 , 6.43
2530 , 6.43
2531 , 6.45
2532 , 6.45
2533 , 6.47
2534 , 6.48
2535 , 6.45
2536 , 6.45
2537 , 6.43
2538 , 6.42
2539 , 6.44
2540 , 6.44
2541 , 6.46
2542 , 6.44
2543 , 6.46
2544 , 6.45
2545 , 6.44
2546 , 6.45
2547 , 6.43
2548 , 6.43
2549 , 6.43
2550 , 6.43
2551 , 6.46
2552 , 6.45
2553 , 6.44
2554 , 6.43
2555 , 6.44
2556 , 6.42
2557 , 6.42
2558 , 6.44
2559 , 6.43
2560 , 6.46
2561 , 6.44
2562 , 6.46
2563 , 6.44
2564 , 6.44
2565 , 6.43
2566 , 6.42
2567 , 6.43
2568 , 6.43
2569 , 6.44
2570 , 6.47
2571 , 6.44
2572 , 6.45
2573 , 6.44
2574 , 6.43
2575 , 6.42
2576 , 6.43
2577 , 6.43
2578 , 6.44
2579 , 6.46
2580 , 6.44
2581 , 6.45
2582 , 6.45
2583 , 6.45
2584 , 6.42
2585 , 6.42
2586 , 6.43
2587 , 6.44
2588 , 6.46
2589 , 6.45
2590 , 6.44
2591 , 6.46
2592 , 6.45
2593 , 6.43
2594 , 6.43
2595 , 6.43
2596 , 6.42
2597 , 6.44
2598 , 6.44
2599 , 6.44
2600 , 6.48
2601 , 6.44
2602 , 6.45
2603 , 6.42
2604 , 6.42
2605 , 6.42
2606 , 6.43
2607 , 6.46
2608 , 6.45
2609 , 6.45
2610 , 6.45
2611 , 6.44
2612 , 6.43
2613 , 6.42
2614 , 6.43
2615 , 6.43
2616 , 6.44
2617 , 6.44
2618 , 6.45
2619 , 6.44
2620 , 6.44
2621 , 6.43
2622 , 6.42
2623 , 6.43
2624 , 6.43
2625 , 6.43
2626 , 6.45
2627 , 6.44
2628 , 6.44
2629 , 6.44
2630 , 6.45
2631 , 6.42
2632 , 6.43
2633 , 6.42
2634 , 6.43
2635 , 6.44
2636 , 6.49
2637 , 6.44
2638 , 6.44
2639 , 6.45
2640 , 6.43
2641 , 6.42
2642 , 6.43
2643 , 6.46
2644 , 6.44
2645 , 6.45
2646 , 6.47
2647 , 6.44
2648 , 6.44
2649 , 6.45
2650 , 6.43
2651 , 6.44
2652 , 6.43
2653 , 6.43
2654 , 6.45
2655 , 6.45
2656 , 6.46
2657 , 6.44
2658 , 6.43
2659 , 6.45
2660 , 6.43
2661 , 6.42
2662 , 6.42
2663 , 6.43
2664 , 6.44
2665 , 6.49
2666 , 6.48
2667 , 6.44
2668 , 6.44
2669 , 6.42
2670 , 6.42
2671 , 6.43
2672 , 6.43
2673 , 6.44
2674 , 6.45
2675 , 6.45
2676 , 6.44
2677 , 6.45
2678 , 6.43
2679 , 6.42
2680 , 6.43
2681 , 6.44
2682 , 6.45
2683 , 6.45
2684 , 6.45
2685 , 6.46
2686 , 6.45
2687 , 6.44
2688 , 6.42
2689 , 6.42
2690 , 6.44
2691 , 6.44
2692 , 6.45
2693 , 6.45
2694 , 6.45
2695 , 6.44
2696 , 6.43
2697 , 6.43
2698 , 6.42
2699 , 6.43
2700 , 6.44
2701 , 6.45
2702 , 6.44
2703 , 6.45
2704 , 6.45
2705 , 6.45
2706 , 6.43
2707 , 6.42
2708 , 6.43
2709 , 6.43
2710 , 6.45
2711 , 6.51
2712 , 6.47
2713 , 6.52
2714 , 6.51
2715 , 6.45
2716 , 6.43
2717 , 6.43
2718 , 6.44
2719 , 6.44
2720 , 6.45
2721 , 6.44
2722 , 6.45
2723 , 6.47
2724 , 6.44
2725 , 6.44
2726 , 6.41
2727 , 6.43
2728 , 6.43
2729 , 6.43
2730 , 6.45
2731 , 6.46
2732 , 6.45
2733 , 6.45
2734 , 6.45
2735 , 6.44
2736 , 6.42
2737 , 6.42
2738 , 6.44
2739 , 6.45
2740 , 6.44
2741 , 6.45
2742 , 6.44
2743 , 6.45
2744 , 6.44
2745 , 6.42
2746 , 6.43
2747 , 6.44
2748 , 6.43
2749 , 6.44
2750 , 6.45
2751 , 6.46
2752 , 6.44
2753 , 6.43
2754 , 6.42
2755 , 6.43
2756 , 6.42
2757 , 6.45
2758 , 6.45
2759 , 6.44
2760 , 6.45
2761 , 6.45
2762 , 6.45
2763 , 6.42
2764 , 6.42
2765 , 6.43
2766 , 6.44
2767 , 6.45
2768 , 6.47
2769 , 6.44
2770 , 6.45
2771 , 6.45
2772 , 6.44
2773 , 6.42
2774 , 6.43
2775 , 6.42
2776 , 6.43
2777 , 6.44
2778 , 6.45
2779 , 6.45
2780 , 6.45
2781 , 6.43
2782 , 6.43
2783 , 6.43
2784 , 6.42
2785 , 6.43
2786 , 6.45
2787 , 6.45
2788 , 6.45
2789 , 6.44
2790 , 6.43
2791 , 6.42
2792 , 6.42
2793 , 6.43
2794 , 6.42
2795 , 6.45
2796 , 6.44
2797 , 6.45
2798 , 6.46
2799 , 6.46
2800 , 6.43
2801 , 6.42
2802 , 6.43
2803 , 6.43
2804 , 6.45
2805 , 6.44
2806 , 6.45
2807 , 6.44
2808 , 6.44
2809 , 6.43
2810 , 6.42
2811 , 6.42
2812 , 6.43
2813 , 6.43
2814 , 6.44
2815 , 6.45
2816 , 6.45
2817 , 6.44
2818 , 6.44
2819 , 6.42
2820 , 6.42
2821 , 6.43
2822 , 6.43
2823 , 6.45
2824 , 6.46
2825 , 6.46
2826 , 6.44
2827 , 6.45
2828 , 6.43
2829 , 6.42
2830 , 6.43
2831 , 6.44
2832 , 6.45
2833 , 6.45
2834 , 6.45
2835 , 6.45
2836 , 6.45
2837 , 6.44
2838 , 6.42
2839 , 6.43
2840 , 6.44
2841 , 6.45
2842 , 6.47
2843 , 6.46
2844 , 6.46
2845 , 6.45
2846 , 6.44
2847 , 6.42
2848 , 6.44
2849 , 6.42
2850 , 6.44
2851 , 6.44
2852 , 6.46
2853 , 6.47
2854 , 6.45
2855 , 6.43
2856 , 6.44
2857 , 6.42
2858 , 6.43
2859 , 6.42
2860 , 6.44
2861 , 6.45
2862 , 6.45
2863 , 6.45
2864 , 6.45
2865 , 6.46
2866 , 6.42
2867 , 6.44
2868 , 6.42
2869 , 6.44
2870 , 6.46
2871 , 6.46
2872 , 6.44
2873 , 6.46
2874 , 6.44
2875 , 6.43
2876 , 6.41
2877 , 6.43
2878 , 6.42
2879 , 6.46
2880 , 6.46
2881 , 6.45
2882 , 6.45
2883 , 6.44
2884 , 6.44
2885 , 6.41
2886 , 6.42
2887 , 6.43
2888 , 6.43
2889 , 6.47
2890 , 6.46
2891 , 6.45
2892 , 6.44
2893 , 6.43
2894 , 6.41
2895 , 6.43
2896 , 6.42
2897 , 6.43
2898 , 6.46
2899 , 6.44
2900 , 6.48
2901 , 6.45
2902 , 6.45
2903 , 6.44
2904 , 6.42
2905 , 6.43
2906 , 6.43
2907 , 6.48
2908 , 6.47
2909 , 6.44
2910 , 6.45
2911 , 6.44
2912 , 6.45
2913 , 6.42
2914 , 6.44
2915 , 6.42
2916 , 6.44
2917 , 6.45
2918 , 6.45
2919 , 6.44
2920 , 6.45
2921 , 6.44
2922 , 6.43
2923 , 6.42
2924 , 6.43
2925 , 6.43
2926 , 6.44
2927 , 6.45
2928 , 6.44
2929 , 6.44
2930 , 6.45
2931 , 6.43
2932 , 6.42
2933 , 6.42
2934 , 6.43
2935 , 6.43
2936 , 6.44
2937 , 6.45
2938 , 6.45
2939 , 6.44
2940 , 6.44
2941 , 6.43
2942 , 6.43
2943 , 6.42
2944 , 6.44
2945 , 6.45
2946 , 6.46
2947 , 6.44
2948 , 6.44
2949 , 6.45
2950 , 6.43
2951 , 6.42
2952 , 6.43
2953 , 6.43
2954 , 6.45
2955 , 6.44
2956 , 6.45
2957 , 6.45
2958 , 6.44
2959 , 6.43
2960 , 6.41
2961 , 6.43
2962 , 6.43
2963 , 6.43
2964 , 6.44
2965 , 6.44
2966 , 6.45
2967 , 6.43
2968 , 6.43
2969 , 6.41
2970 , 6.44
2971 , 6.43
2972 , 6.44
2973 , 6.45
2974 , 6.45
2975 , 6.43
2976 , 6.42
2977 , 6.71
2978 , 7.09
2979 , 6.59
2980 , 6.54
2981 , 6.53
2982 , 6.5
2983 , 6.48
2984 , 6.46
2985 , 6.53
2986 , 6.48
2987 , 6.46
2988 , 6.47
2989 , 6.47
2990 , 6.47
2991 , 6.47
2992 , 6.45
2993 , 6.58
2994 , 6.53
2995 , 6.47
2996 , 6.46
2997 , 6.48
2998 , 6.48
2999 , 6.48
3000 , 6.49
