1 , 66.85
2 , 66.09
3 , 59.22
4 , 59.31
5 , 59.34
6 , 59.29
7 , 59.27
8 , 59.4
9 , 59.34
10 , 59.4
11 , 59.4
12 , 59.4
13 , 59.39
14 , 59.34
15 , 59.31
16 , 59.33
17 , 59.51
18 , 52.83
19 , 51.93
20 , 49.07
21 , 46.99
22 , 45.07
23 , 43.01
24 , 41.16
25 , 39.69
26 , 37.79
27 , 36.16
28 , 34.57
29 , 33.27
30 , 31.71
31 , 30.39
32 , 29.37
33 , 27.99
34 , 26.99
35 , 25.61
36 , 24.61
37 , 23.75
38 , 22.67
39 , 21.88
40 , 20.79
41 , 20.01
42 , 19.18
43 , 18.33
44 , 17.47
45 , 16.65
46 , 15.8
47 , 17.95
48 , 14.47
49 , 13.86
50 , 13.36
51 , 12.78
52 , 12.22
53 , 11.69
54 , 11.08
55 , 10.96
56 , 10.32
57 , 10.01
58 , 9.99
59 , 10.0
60 , 10.0
61 , 10.03
62 , 10.03
63 , 9.97
64 , 9.99
65 , 9.98
66 , 10.01
67 , 9.97
68 , 9.99
69 , 9.98
70 , 9.99
71 , 9.99
72 , 10.01
73 , 10.14
74 , 10.0
75 , 9.98
76 , 9.99
77 , 9.99
78 , 9.97
79 , 9.98
80 , 9.99
81 , 9.97
82 , 9.99
83 , 9.97
84 , 9.98
85 , 9.95
86 , 10.0
87 , 9.97
88 , 9.97
89 , 9.97
90 , 9.98
91 , 10.01
92 , 9.98
93 , 10.0
94 , 9.95
95 , 9.97
96 , 9.98
97 , 9.97
98 , 10.16
99 , 9.97
100 , 9.98
101 , 9.96
102 , 9.97
103 , 9.99
104 , 9.99
105 , 9.98
106 , 10.04
107 , 10.0
108 , 10.02
109 , 10.0
110 , 9.97
111 , 9.97
112 , 9.97
113 , 9.98
114 , 10.03
115 , 9.98
116 , 9.97
117 , 9.97
118 , 10.17
119 , 10.02
120 , 9.97
121 , 9.98
122 , 9.97
123 , 9.97
124 , 9.99
125 , 9.97
126 , 9.99
127 , 9.97
128 , 10.05
129 , 9.97
130 , 9.97
131 , 9.97
132 , 9.97
133 , 10.0
134 , 9.97
135 , 9.97
136 , 9.97
137 , 9.98
138 , 9.97
139 , 9.97
140 , 10.0
141 , 10.02
142 , 9.99
143 , 10.0
144 , 10.01
145 , 9.96
146 , 9.72
147 , 9.18
148 , 8.93
149 , 8.4
150 , 8.17
151 , 7.7
152 , 7.39
153 , 7.11
154 , 6.87
155 , 6.6
156 , 6.11
157 , 5.86
158 , 5.62
159 , 5.61
160 , 5.41
161 , 5.12
162 , 4.87
163 , 4.67
164 , 4.41
165 , 4.19
166 , 4.21
167 , 3.96
168 , 3.73
169 , 3.74
170 , 3.53
171 , 3.31
172 , 3.51
173 , 3.08
174 , 2.88
175 , 2.86
176 , 2.85
177 , 2.85
178 , 2.85
179 , 2.85
180 , 2.85
181 , 2.84
182 , 2.85
183 , 2.85
184 , 2.86
185 , 2.86
186 , 2.86
187 , 2.85
188 , 2.86
189 , 2.85
190 , 2.85
191 , 2.85
192 , 2.84
193 , 2.86
194 , 2.86
195 , 2.85
196 , 2.85
197 , 2.86
198 , 2.85
199 , 2.85
200 , 2.86
201 , 2.85
202 , 2.84
203 , 2.84
204 , 2.84
205 , 2.85
206 , 2.85
207 , 2.85
208 , 2.85
209 , 2.83
210 , 2.84
211 , 2.84
212 , 2.84
213 , 2.84
214 , 2.84
215 , 2.85
216 , 2.85
217 , 2.85
218 , 2.86
219 , 2.85
220 , 2.86
221 , 2.85
222 , 2.85
223 , 2.85
224 , 2.85
225 , 2.88
226 , 2.85
227 , 2.86
228 , 2.86
229 , 2.85
230 , 2.85
231 , 2.85
232 , 2.86
233 , 2.86
234 , 2.86
235 , 2.85
236 , 2.85
237 , 2.86
238 , 2.85
239 , 2.85
240 , 2.85
241 , 2.85
242 , 2.85
243 , 2.85
244 , 2.84
245 , 2.84
246 , 2.84
247 , 2.84
248 , 2.84
249 , 2.84
250 , 2.84
251 , 2.84
252 , 2.85
253 , 2.85
254 , 2.86
255 , 2.86
256 , 2.85
257 , 2.86
258 , 2.86
259 , 2.86
260 , 2.86
261 , 2.86
262 , 2.85
263 , 2.85
264 , 2.86
265 , 2.88
266 , 2.86
267 , 2.86
268 , 2.86
269 , 2.87
270 , 2.85
271 , 2.86
272 , 2.86
273 , 2.86
274 , 2.86
275 , 2.85
276 , 2.85
277 , 2.86
278 , 2.85
279 , 2.86
280 , 2.85
281 , 2.85
282 , 2.84
283 , 2.84
284 , 2.85
285 , 2.83
286 , 2.84
287 , 2.83
288 , 2.84
289 , 2.85
290 , 2.85
291 , 2.87
292 , 2.85
293 , 2.86
294 , 2.87
295 , 2.85
296 , 2.86
297 , 2.85
298 , 2.85
299 , 2.86
300 , 2.86
301 , 2.86
302 , 3.02
303 , 3.67
304 , 3.53
305 , 3.46
306 , 3.68
307 , 3.64
308 , 3.72
309 , 3.24
310 , 2.89
311 , 3.01
312 , 2.89
313 , 2.88
314 , 2.88
315 , 2.88
316 , 2.86
317 , 2.86
318 , 2.85
319 , 2.86
320 , 2.85
321 , 2.86
322 , 2.86
323 , 2.86
324 , 2.89
325 , 2.86
326 , 2.87
327 , 2.88
328 , 2.88
329 , 2.88
330 , 2.86
331 , 2.87
332 , 2.87
333 , 2.86
334 , 2.86
335 , 2.86
336 , 2.86
337 , 2.85
338 , 2.85
339 , 2.87
340 , 2.85
341 , 2.85
342 , 3.23
343 , 3.15
344 , 2.91
345 , 2.88
346 , 2.89
347 , 2.88
348 , 2.89
349 , 2.87
350 , 2.86
351 , 2.86
352 , 2.86
353 , 2.86
354 , 2.87
355 , 2.86
356 , 2.85
357 , 2.85
358 , 2.85
359 , 2.86
360 , 2.86
361 , 2.85
362 , 2.86
363 , 2.84
364 , 2.85
365 , 2.85
366 , 2.86
367 , 2.85
368 , 2.83
369 , 2.84
370 , 2.84
371 , 2.85
372 , 2.85
373 , 2.85
374 , 2.85
375 , 2.85
376 , 2.86
377 , 2.86
378 , 2.85
379 , 2.86
380 , 2.86
381 , 2.86
382 , 2.85
383 , 2.86
384 , 2.86
385 , 2.85
386 , 2.85
387 , 2.85
388 , 2.85
389 , 2.85
390 , 2.86
391 , 2.85
392 , 2.92
393 , 2.87
394 , 2.86
395 , 2.85
396 , 2.86
397 , 2.86
398 , 2.86
399 , 2.85
400 , 2.86
401 , 2.85
402 , 2.84
403 , 2.84
404 , 2.84
405 , 2.85
406 , 2.84
407 , 2.84
408 , 2.84
409 , 2.84
410 , 2.85
411 , 2.85
412 , 2.85
413 , 2.85
414 , 2.85
415 , 2.87
416 , 2.86
417 , 2.87
418 , 2.86
419 , 2.85
420 , 2.86
421 , 2.86
422 , 2.85
423 , 2.86
424 , 2.85
425 , 2.86
426 , 2.85
427 , 2.85
428 , 2.86
429 , 2.85
430 , 3.16
431 , 2.84
432 , 2.86
433 , 2.85
434 , 2.84
435 , 2.85
436 , 2.85
437 , 2.86
438 , 2.85
439 , 2.84
440 , 2.85
441 , 2.84
442 , 2.83
443 , 2.83
444 , 2.84
445 , 2.83
446 , 2.84
447 , 2.84
448 , 2.84
449 , 2.85
450 , 2.85
451 , 2.85
452 , 2.88
453 , 2.85
454 , 2.86
455 , 2.86
456 , 2.84
457 , 2.85
458 , 2.85
459 , 2.85
460 , 2.84
461 , 2.84
462 , 2.85
463 , 2.85
464 , 2.87
465 , 2.85
466 , 2.85
467 , 2.85
468 , 2.85
469 , 2.86
470 , 2.86
471 , 2.85
472 , 2.86
473 , 2.85
474 , 2.86
475 , 2.85
476 , 2.85
477 , 2.84
478 , 2.84
479 , 2.85
480 , 2.84
481 , 2.84
482 , 2.84
483 , 2.84
484 , 2.85
485 , 2.85
486 , 2.86
487 , 2.86
488 , 2.85
489 , 2.88
490 , 2.86
491 , 2.87
492 , 2.85
493 , 2.86
494 , 2.86
495 , 2.86
496 , 2.86
497 , 2.86
498 , 2.86
499 , 2.85
500 , 2.85
501 , 2.86
502 , 2.85
503 , 2.85
504 , 2.86
505 , 2.85
506 , 2.86
507 , 2.85
508 , 2.84
509 , 2.85
510 , 2.85
511 , 2.85
512 , 2.85
513 , 2.85
514 , 2.85
515 , 2.84
516 , 2.84
517 , 2.84
518 , 2.85
519 , 2.84
520 , 2.86
521 , 2.86
522 , 2.87
523 , 2.86
524 , 2.85
525 , 2.86
526 , 2.87
527 , 2.86
528 , 2.86
529 , 2.85
530 , 2.85
531 , 2.86
532 , 2.85
533 , 2.86
534 , 2.87
535 , 2.85
536 , 2.85
537 , 2.85
538 , 2.86
539 , 2.86
540 , 2.85
541 , 2.85
542 , 2.86
543 , 2.86
544 , 2.85
545 , 2.85
546 , 2.85
547 , 2.85
548 , 2.85
549 , 2.85
550 , 2.84
551 , 2.84
552 , 2.84
553 , 2.84
554 , 2.84
555 , 2.85
556 , 2.84
557 , 2.87
558 , 2.85
559 , 2.84
560 , 2.85
561 , 2.86
562 , 2.86
563 , 2.86
564 , 2.86
565 , 2.87
566 , 2.86
567 , 2.85
568 , 2.85
569 , 2.85
570 , 2.86
571 , 2.86
572 , 2.85
573 , 2.86
574 , 2.85
575 , 2.85
576 , 2.85
577 , 2.86
578 , 2.85
579 , 2.85
580 , 2.86
581 , 2.85
582 , 2.84
583 , 2.86
584 , 2.85
585 , 2.86
586 , 2.85
587 , 2.85
588 , 2.84
589 , 2.84
590 , 2.85
591 , 2.84
592 , 2.85
593 , 2.84
594 , 2.84
595 , 2.85
596 , 2.85
597 , 2.86
598 , 2.85
599 , 2.88
600 , 2.87
601 , 2.85
602 , 2.86
603 , 2.85
604 , 2.85
605 , 2.85
606 , 2.86
607 , 2.86
608 , 2.85
609 , 2.85
610 , 2.85
611 , 2.86
612 , 2.87
613 , 2.85
614 , 2.84
615 , 2.85
616 , 2.85
617 , 2.86
618 , 2.85
619 , 2.85
620 , 2.85
621 , 2.85
622 , 2.85
623 , 2.84
624 , 2.85
625 , 2.84
626 , 2.84
627 , 2.84
628 , 2.84
629 , 2.85
630 , 2.84
631 , 2.85
632 , 2.85
633 , 2.85
634 , 2.86
635 , 2.86
636 , 2.85
637 , 2.85
638 , 2.85
639 , 2.86
640 , 2.86
641 , 2.85
642 , 2.86
643 , 2.85
644 , 2.85
645 , 2.84
646 , 2.85
647 , 2.85
648 , 2.84
649 , 2.91
650 , 2.86
651 , 2.85
652 , 2.85
653 , 2.85
654 , 2.86
655 , 2.84
656 , 2.85
657 , 2.85
658 , 2.85
659 , 2.85
660 , 2.83
661 , 2.85
662 , 2.83
663 , 2.83
664 , 2.84
665 , 2.84
666 , 2.84
667 , 2.85
668 , 2.85
669 , 2.85
670 , 2.85
671 , 2.86
672 , 2.85
673 , 2.86
674 , 2.87
675 , 2.85
676 , 2.88
677 , 2.85
678 , 2.85
679 , 2.85
680 , 2.86
681 , 2.86
682 , 2.85
683 , 2.85
684 , 2.85
685 , 2.85
686 , 2.86
687 , 2.85
688 , 2.87
689 , 2.86
690 , 2.85
691 , 2.85
692 , 2.84
693 , 2.86
694 , 2.84
695 , 2.85
696 , 2.85
697 , 2.83
698 , 2.84
699 , 2.84
700 , 2.84
701 , 2.84
702 , 2.84
703 , 2.84
704 , 2.85
705 , 2.85
706 , 2.85
707 , 2.84
708 , 2.86
709 , 2.85
710 , 2.86
711 , 2.86
712 , 2.85
713 , 2.85
714 , 2.85
715 , 2.84
716 , 2.85
717 , 2.85
718 , 2.85
719 , 2.84
720 , 2.85
721 , 2.85
722 , 2.85
723 , 2.85
724 , 2.85
725 , 2.85
726 , 2.85
727 , 2.84
728 , 2.84
729 , 2.85
730 , 2.85
731 , 2.84
732 , 2.83
733 , 2.84
734 , 2.84
735 , 2.84
736 , 2.84
737 , 2.83
738 , 2.84
739 , 2.84
740 , 2.85
741 , 2.85
742 , 2.85
743 , 2.86
744 , 2.85
745 , 2.86
746 , 2.85
747 , 2.85
748 , 2.86
749 , 2.85
750 , 2.85
751 , 2.85
752 , 2.84
753 , 2.85
754 , 2.85
755 , 2.85
756 , 2.84
757 , 2.85
758 , 2.85
759 , 2.85
760 , 2.86
761 , 2.85
762 , 2.84
763 , 2.85
764 , 2.85
765 , 2.85
766 , 2.85
767 , 2.83
768 , 2.84
769 , 2.84
770 , 2.84
771 , 2.84
772 , 2.84
773 , 2.85
774 , 2.85
775 , 2.85
776 , 2.85
777 , 2.85
778 , 2.89
779 , 2.87
780 , 2.86
781 , 2.85
782 , 2.85
783 , 2.86
784 , 2.85
785 , 2.85
786 , 2.85
787 , 2.85
788 , 2.85
789 , 2.85
790 , 2.85
791 , 2.85
792 , 2.84
793 , 2.86
794 , 2.85
795 , 2.86
796 , 2.85
797 , 2.84
798 , 2.85
799 , 2.85
800 , 2.85
801 , 2.84
802 , 2.86
803 , 2.84
804 , 2.83
805 , 2.84
806 , 2.84
807 , 2.84
808 , 2.84
809 , 2.84
810 , 2.84
811 , 2.85
812 , 2.86
813 , 2.86
814 , 2.85
815 , 2.85
816 , 2.85
817 , 2.86
818 , 2.85
819 , 2.85
820 , 2.86
821 , 2.86
822 , 2.85
823 , 2.85
824 , 2.85
825 , 2.84
826 , 2.84
827 , 2.85
828 , 2.85
829 , 2.85
830 , 2.84
831 , 2.84
832 , 2.86
833 , 2.85
834 , 2.84
835 , 2.85
836 , 2.84
837 , 2.83
838 , 2.84
839 , 2.84
840 , 2.84
841 , 2.83
842 , 2.85
843 , 2.84
844 , 2.85
845 , 2.84
846 , 2.85
847 , 2.85
848 , 2.85
849 , 2.85
850 , 2.86
851 , 2.85
852 , 2.86
853 , 2.85
854 , 2.85
855 , 2.85
856 , 2.87
857 , 3.08
858 , 2.85
859 , 2.86
860 , 2.86
861 , 2.86
862 , 2.86
863 , 2.85
864 , 2.85
865 , 2.85
866 , 2.85
867 , 2.85
868 , 2.85
869 , 2.85
870 , 2.84
871 , 2.84
872 , 2.85
873 , 2.85
874 , 2.84
875 , 2.84
876 , 2.84
877 , 2.84
878 , 2.85
879 , 2.85
880 , 2.84
881 , 2.85
882 , 2.85
883 , 2.85
884 , 2.86
885 , 2.86
886 , 2.86
887 , 2.86
888 , 2.86
889 , 2.86
890 , 2.86
891 , 2.86
892 , 2.85
893 , 2.86
894 , 2.85
895 , 2.85
896 , 2.86
897 , 2.85
898 , 2.84
899 , 2.85
900 , 2.85
901 , 2.85
902 , 2.85
903 , 2.84
904 , 2.85
905 , 2.85
906 , 2.85
907 , 2.87
908 , 2.86
909 , 2.85
910 , 2.84
911 , 2.85
912 , 2.84
913 , 2.84
914 , 2.83
915 , 2.84
916 , 2.84
917 , 2.84
918 , 2.84
919 , 2.85
920 , 2.86
921 , 2.86
922 , 2.85
923 , 2.86
924 , 2.88
925 , 2.86
926 , 2.86
927 , 2.85
928 , 2.86
929 , 2.85
930 , 2.86
931 , 2.87
932 , 2.85
933 , 2.87
934 , 2.86
935 , 2.85
936 , 2.87
937 , 2.86
938 , 2.86
939 , 2.85
940 , 2.85
941 , 2.85
942 , 2.84
943 , 2.85
944 , 2.85
945 , 2.91
946 , 2.86
947 , 2.85
948 , 2.84
949 , 2.83
950 , 2.84
951 , 2.83
952 , 2.83
953 , 2.83
954 , 2.84
955 , 2.85
956 , 2.85
957 , 2.85
958 , 2.85
959 , 2.85
960 , 2.86
961 , 2.85
962 , 2.85
963 , 2.86
964 , 2.85
965 , 2.85
966 , 2.84
967 , 2.86
968 , 2.85
969 , 2.84
970 , 2.85
971 , 2.84
972 , 2.85
973 , 2.85
974 , 2.84
975 , 2.85
976 , 2.85
977 , 2.85
978 , 2.84
979 , 2.85
980 , 2.85
981 , 2.85
982 , 2.84
983 , 2.84
984 , 2.83
985 , 2.84
986 , 2.83
987 , 2.83
988 , 2.84
989 , 2.84
990 , 2.84
991 , 2.84
992 , 2.85
993 , 2.88
994 , 2.85
995 , 2.86
996 , 2.85
997 , 2.86
998 , 2.86
999 , 2.85
1000 , 2.85
1001 , 2.85
1002 , 2.85
1003 , 2.84
1004 , 2.85
1005 , 2.86
1006 , 2.86
1007 , 2.85
1008 , 2.86
1009 , 2.84
1010 , 2.85
1011 , 2.84
1012 , 2.85
1013 , 2.84
1014 , 2.84
1015 , 2.85
1016 , 2.83
1017 , 2.83
1018 , 2.84
1019 , 2.84
1020 , 2.84
1021 , 2.83
1022 , 2.84
1023 , 2.83
1024 , 2.84
1025 , 2.85
1026 , 2.86
1027 , 2.86
1028 , 2.86
1029 , 2.86
1030 , 2.87
1031 , 2.86
1032 , 2.86
1033 , 2.86
1034 , 2.85
1035 , 2.88
1036 , 2.87
1037 , 2.87
1038 , 2.85
1039 , 2.85
1040 , 2.86
1041 , 2.85
1042 , 2.85
1043 , 2.85
1044 , 2.85
1045 , 2.85
1046 , 2.85
1047 , 2.85
1048 , 2.85
1049 , 2.85
1050 , 2.85
1051 , 2.84
1052 , 2.85
1053 , 2.84
1054 , 2.84
1055 , 2.85
1056 , 2.84
1057 , 2.85
1058 , 2.84
1059 , 2.83
1060 , 2.85
1061 , 2.84
1062 , 2.85
1063 , 2.86
1064 , 2.86
1065 , 2.86
1066 , 2.85
1067 , 2.86
1068 , 2.85
1069 , 2.85
1070 , 2.87
1071 , 2.86
1072 , 2.86
1073 , 2.85
1074 , 2.86
1075 , 2.85
1076 , 2.85
1077 , 2.85
1078 , 2.85
1079 , 2.85
1080 , 2.85
1081 , 2.86
1082 , 2.86
1083 , 2.85
1084 , 2.86
1085 , 2.84
1086 , 2.85
1087 , 2.85
1088 , 2.83
1089 , 2.84
1090 , 2.84
1091 , 2.84
1092 , 2.84
1093 , 2.84
1094 , 2.84
1095 , 2.84
1096 , 2.84
1097 , 2.85
1098 , 2.87
1099 , 2.86
1100 , 2.85
1101 , 2.86
1102 , 2.85
1103 , 2.85
1104 , 2.86
1105 , 2.85
1106 , 2.85
1107 , 11.0
1108 , 3.11
1109 , 2.9
1110 , 2.92
1111 , 2.9
1112 , 2.92
1113 , 2.86
1114 , 2.86
1115 , 2.86
1116 , 2.86
1117 , 2.86
1118 , 2.85
1119 , 2.88
1120 , 2.84
1121 , 2.85
1122 , 2.85
1123 , 2.84
1124 , 2.86
1125 , 2.85
1126 , 2.85
1127 , 2.85
1128 , 2.84
1129 , 2.85
1130 , 2.84
1131 , 2.84
1132 , 2.84
1133 , 2.84
1134 , 2.85
1135 , 2.84
1136 , 2.83
1137 , 2.83
1138 , 2.83
1139 , 2.83
1140 , 2.83
1141 , 2.84
1142 , 2.84
1143 , 2.83
1144 , 2.84
1145 , 2.85
1146 , 2.85
1147 , 2.86
1148 , 2.85
1149 , 2.85
1150 , 2.87
1151 , 2.91
1152 , 2.85
1153 , 2.85
1154 , 2.85
1155 , 2.84
1156 , 2.84
1157 , 2.84
1158 , 2.84
1159 , 2.84
1160 , 2.84
1161 , 2.84
1162 , 2.87
1163 , 2.86
1164 , 2.86
1165 , 2.85
1166 , 2.84
1167 , 2.84
1168 , 2.84
1169 , 2.84
1170 , 2.84
1171 , 2.82
1172 , 2.83
1173 , 2.83
1174 , 2.83
1175 , 2.83
1176 , 2.83
1177 , 2.83
1178 , 2.83
1179 , 2.84
1180 , 2.85
1181 , 2.85
1182 , 2.85
1183 , 2.84
1184 , 2.85
1185 , 2.85
1186 , 2.85
1187 , 2.84
1188 , 2.84
1189 , 2.84
1190 , 2.84
1191 , 2.84
1192 , 2.86
1193 , 2.84
1194 , 2.84
1195 , 2.84
1196 , 2.84
1197 , 2.84
1198 , 2.84
1199 , 2.84
1200 , 2.84
1201 , 3.21
1202 , 2.85
1203 , 2.84
1204 , 2.84
1205 , 2.84
1206 , 2.84
1207 , 2.83
1208 , 2.84
1209 , 2.82
1210 , 2.82
1211 , 2.83
1212 , 2.83
1213 , 2.83
1214 , 2.83
1215 , 2.83
1216 , 2.84
1217 , 2.85
1218 , 2.85
1219 , 2.85
1220 , 2.84
1221 , 2.84
1222 , 2.84
1223 , 2.84
1224 , 2.84
1225 , 2.84
1226 , 2.84
1227 , 2.84
1228 , 2.84
1229 , 2.84
1230 , 2.84
1231 , 2.85
1232 , 2.84
1233 , 2.84
1234 , 2.84
1235 , 2.83
1236 , 2.85
1237 , 2.84
1238 , 2.83
1239 , 2.83
1240 , 2.82
1241 , 2.83
1242 , 2.83
1243 , 2.83
1244 , 2.83
1245 , 2.83
1246 , 2.84
1247 , 2.84
1248 , 2.83
1249 , 2.87
1250 , 2.85
1251 , 2.85
1252 , 2.84
1253 , 2.84
1254 , 2.86
1255 , 2.84
1256 , 2.85
1257 , 2.85
1258 , 2.85
1259 , 2.84
1260 , 2.84
1261 , 2.84
1262 , 2.84
1263 , 2.84
1264 , 2.85
1265 , 2.85
1266 , 2.84
1267 , 2.85
1268 , 2.84
1269 , 2.84
1270 , 2.85
1271 , 2.84
1272 , 2.83
1273 , 2.82
1274 , 2.84
1275 , 2.83
1276 , 2.83
1277 , 2.83
1278 , 2.83
1279 , 2.84
1280 , 2.84
1281 , 2.85
1282 , 2.85
1283 , 2.84
1284 , 2.86
1285 , 2.84
1286 , 2.84
1287 , 2.85
1288 , 2.83
1289 , 2.84
1290 , 2.84
1291 , 2.87
1292 , 2.85
1293 , 2.84
1294 , 2.85
1295 , 2.85
1296 , 2.84
1297 , 2.85
1298 , 2.84
1299 , 2.84
1300 , 2.84
1301 , 2.83
1302 , 2.83
1303 , 2.84
1304 , 2.86
1305 , 2.83
1306 , 2.83
1307 , 2.83
1308 , 2.82
1309 , 2.83
1310 , 2.83
1311 , 2.83
1312 , 2.84
1313 , 2.83
1314 , 2.84
1315 , 2.85
1316 , 2.84
1317 , 2.85
1318 , 2.84
1319 , 2.86
1320 , 2.84
1321 , 2.85
1322 , 2.85
1323 , 2.84
1324 , 2.85
1325 , 2.83
1326 , 2.84
1327 , 2.84
1328 , 2.84
1329 , 2.85
1330 , 2.84
1331 , 2.84
1332 , 2.84
1333 , 2.84
1334 , 2.85
1335 , 2.83
1336 , 2.84
1337 , 2.84
1338 , 2.83
1339 , 2.83
1340 , 2.83
1341 , 2.83
1342 , 2.84
1343 , 2.83
1344 , 2.84
1345 , 2.84
1346 , 2.84
1347 , 2.85
1348 , 2.84
1349 , 2.85
1350 , 2.85
1351 , 2.84
1352 , 2.84
1353 , 2.84
1354 , 2.85
1355 , 2.84
1356 , 2.84
1357 , 2.84
1358 , 2.84
1359 , 2.84
1360 , 2.83
1361 , 2.83
1362 , 2.84
1363 , 2.84
1364 , 2.84
1365 , 2.84
1366 , 2.84
1367 , 2.83
1368 , 2.85
1369 , 3.05
1370 , 2.85
1371 , 2.85
1372 , 2.84
1373 , 2.84
1374 , 2.84
1375 , 2.83
1376 , 2.83
1377 , 2.84
1378 , 2.83
1379 , 2.83
1380 , 2.83
1381 , 2.84
1382 , 2.85
1383 , 2.84
1384 , 2.85
1385 , 2.84
1386 , 2.85
1387 , 2.85
1388 , 2.85
1389 , 2.85
1390 , 2.85
1391 , 2.83
1392 , 2.85
1393 , 2.84
1394 , 2.85
1395 , 2.84
1396 , 2.84
1397 , 2.84
1398 , 2.84
1399 , 2.84
1400 , 2.84
1401 , 2.83
1402 , 2.84
1403 , 2.84
1404 , 2.84
1405 , 2.84
1406 , 2.82
1407 , 2.83
1408 , 2.83
1409 , 2.84
1410 , 2.83
1411 , 2.83
1412 , 2.84
1413 , 2.84
1414 , 2.85
1415 , 2.84
1416 , 2.84
1417 , 2.85
1418 , 2.85
1419 , 2.86
1420 , 2.88
1421 , 2.86
1422 , 2.85
1423 , 2.85
1424 , 2.86
1425 , 2.85
1426 , 2.84
1427 , 2.85
1428 , 2.83
1429 , 2.84
1430 , 2.84
1431 , 2.84
1432 , 2.84
1433 , 2.84
1434 , 2.84
1435 , 2.84
1436 , 2.84
1437 , 2.84
1438 , 2.84
1439 , 2.85
1440 , 2.83
1441 , 2.83
1442 , 2.83
1443 , 2.82
1444 , 2.83
1445 , 2.82
1446 , 2.83
1447 , 2.83
1448 , 2.84
1449 , 2.84
1450 , 2.85
1451 , 2.84
1452 , 2.85
1453 , 2.84
1454 , 2.85
1455 , 2.84
1456 , 2.85
1457 , 2.85
1458 , 2.84
1459 , 2.89
1460 , 2.85
1461 , 2.84
1462 , 2.84
1463 , 2.84
1464 , 2.84
1465 , 2.84
1466 , 2.84
1467 , 2.84
1468 , 2.84
1469 , 2.84
1470 , 2.83
1471 , 2.84
1472 , 2.82
1473 , 2.83
1474 , 2.83
1475 , 2.83
1476 , 2.83
1477 , 2.84
1478 , 2.84
1479 , 2.84
1480 , 2.83
1481 , 2.84
1482 , 2.85
1483 , 2.84
1484 , 2.85
1485 , 2.85
1486 , 2.84
1487 , 2.85
1488 , 2.84
1489 , 2.85
1490 , 2.85
1491 , 2.85
1492 , 2.85
1493 , 2.84
1494 , 2.84
1495 , 2.85
1496 , 2.84
1497 , 2.84
1498 , 2.84
1499 , 2.84
1500 , 2.84
1501 , 2.84
1502 , 2.85
1503 , 2.83
1504 , 2.84
1505 , 2.83
1506 , 2.82
1507 , 2.83
1508 , 2.83
1509 , 2.83
1510 , 2.83
1511 , 2.83
1512 , 2.84
1513 , 2.83
1514 , 2.85
1515 , 2.85
1516 , 2.84
1517 , 2.84
1518 , 2.85
1519 , 2.85
1520 , 2.84
1521 , 2.86
1522 , 2.86
1523 , 2.84
1524 , 2.85
1525 , 2.84
1526 , 2.84
1527 , 2.84
1528 , 2.84
1529 , 2.84
1530 , 2.84
1531 , 2.84
1532 , 2.87
1533 , 2.83
1534 , 2.84
1535 , 2.84
1536 , 2.84
1537 , 2.83
1538 , 2.82
1539 , 2.83
1540 , 2.83
1541 , 2.83
1542 , 2.83
1543 , 2.83
1544 , 2.84
1545 , 2.84
1546 , 2.83
1547 , 2.85
1548 , 2.85
1549 , 2.88
1550 , 2.86
1551 , 2.85
1552 , 2.84
1553 , 2.85
1554 , 2.84
1555 , 2.84
1556 , 2.85
1557 , 2.85
1558 , 2.84
1559 , 2.85
1560 , 2.84
1561 , 2.84
1562 , 2.84
1563 , 2.84
1564 , 2.83
1565 , 2.84
1566 , 2.83
1567 , 2.85
1568 , 2.84
1569 , 2.82
1570 , 2.83
1571 , 2.83
1572 , 2.84
1573 , 2.83
1574 , 2.83
1575 , 2.83
1576 , 2.83
1577 , 2.84
1578 , 2.84
1579 , 2.84
1580 , 2.85
1581 , 2.84
1582 , 2.85
1583 , 2.85
1584 , 2.85
1585 , 3.65
1586 , 3.46
1587 , 3.4
1588 , 3.72
1589 , 3.55
1590 , 3.7
1591 , 3.58
1592 , 2.92
1593 , 3.1
1594 , 2.89
1595 , 2.86
1596 , 2.87
1597 , 2.87
1598 , 2.86
1599 , 2.84
1600 , 2.85
1601 , 2.85
1602 , 2.84
1603 , 2.85
1604 , 2.84
1605 , 2.86
1606 , 2.87
1607 , 2.85
1608 , 2.85
1609 , 2.85
1610 , 2.86
1611 , 2.85
1612 , 2.85
1613 , 2.86
1614 , 2.85
1615 , 2.86
1616 , 2.85
1617 , 2.85
1618 , 2.85
1619 , 2.85
1620 , 2.85
1621 , 2.85
1622 , 2.84
1623 , 2.85
1624 , 3.23
1625 , 2.9
1626 , 2.9
1627 , 2.88
1628 , 2.86
1629 , 2.86
1630 , 2.85
1631 , 2.86
1632 , 2.86
1633 , 2.87
1634 , 2.86
1635 , 2.85
1636 , 2.85
1637 , 2.85
1638 , 2.84
1639 , 2.85
1640 , 2.85
1641 , 2.84
1642 , 2.86
1643 , 2.84
1644 , 2.84
1645 , 2.83
1646 , 2.84
1647 , 2.83
1648 , 2.83
1649 , 2.83
1650 , 2.84
1651 , 2.85
1652 , 2.84
1653 , 2.85
1654 , 2.86
1655 , 2.85
1656 , 2.86
1657 , 2.85
1658 , 2.84
1659 , 2.85
1660 , 2.85
1661 , 2.86
1662 , 2.85
1663 , 2.85
1664 , 2.88
1665 , 2.85
1666 , 2.84
1667 , 2.84
1668 , 2.84
1669 , 2.85
1670 , 2.84
1671 , 2.84
1672 , 2.84
1673 , 2.83
1674 , 2.84
1675 , 2.84
1676 , 2.86
1677 , 2.86
1678 , 2.84
1679 , 2.83
1680 , 2.83
1681 , 2.84
1682 , 2.83
1683 , 2.83
1684 , 2.83
1685 , 2.83
1686 , 2.84
1687 , 2.84
1688 , 2.84
1689 , 2.85
1690 , 2.86
1691 , 2.89
1692 , 2.84
1693 , 2.84
1694 , 2.85
1695 , 2.86
1696 , 2.85
1697 , 2.84
1698 , 2.84
1699 , 2.84
1700 , 2.85
1701 , 2.85
1702 , 2.84
1703 , 2.84
1704 , 2.84
1705 , 2.84
1706 , 2.85
1707 , 2.84
1708 , 2.84
1709 , 2.84
1710 , 2.83
1711 , 2.83
1712 , 2.83
1713 , 2.83
1714 , 2.83
1715 , 2.83
1716 , 2.84
1717 , 2.83
1718 , 2.83
1719 , 2.84
1720 , 2.83
1721 , 2.85
1722 , 2.85
1723 , 2.85
1724 , 2.85
1725 , 2.84
1726 , 2.85
1727 , 2.84
1728 , 2.85
1729 , 2.85
1730 , 2.84
1731 , 2.85
1732 , 2.84
1733 , 2.83
1734 , 2.84
1735 , 2.83
1736 , 2.84
1737 , 2.83
1738 , 2.84
1739 , 2.84
1740 , 2.84
1741 , 2.84
1742 , 2.84
1743 , 2.84
1744 , 2.83
1745 , 2.82
1746 , 2.85
1747 , 2.83
1748 , 2.83
1749 , 2.84
1750 , 2.83
1751 , 2.84
1752 , 2.84
1753 , 2.85
1754 , 2.85
1755 , 2.84
1756 , 2.85
1757 , 2.85
1758 , 2.84
1759 , 2.84
1760 , 2.85
1761 , 2.84
1762 , 2.84
1763 , 2.84
1764 , 2.85
1765 , 2.84
1766 , 2.83
1767 , 2.84
1768 , 2.84
1769 , 2.84
1770 , 2.84
1771 , 2.84
1772 , 2.84
1773 , 2.84
1774 , 2.85
1775 , 2.84
1776 , 2.83
1777 , 2.83
1778 , 2.83
1779 , 2.84
1780 , 2.83
1781 , 2.83
1782 , 2.83
1783 , 2.83
1784 , 2.84
1785 , 2.85
1786 , 2.84
1787 , 2.85
1788 , 2.84
1789 , 2.85
1790 , 2.84
1791 , 2.84
1792 , 2.85
1793 , 2.84
1794 , 2.85
1795 , 2.84
1796 , 2.84
1797 , 2.85
1798 , 2.84
1799 , 2.84
1800 , 2.84
1801 , 2.84
1802 , 2.84
1803 , 2.83
1804 , 2.83
1805 , 2.87
1806 , 2.85
1807 , 2.85
1808 , 2.83
1809 , 2.84
1810 , 2.83
1811 , 2.83
1812 , 2.84
1813 , 2.84
1814 , 2.84
1815 , 2.84
1816 , 2.83
1817 , 2.85
1818 , 2.85
1819 , 2.86
1820 , 2.85
1821 , 2.86
1822 , 2.85
1823 , 2.84
1824 , 2.85
1825 , 2.84
1826 , 2.84
1827 , 2.84
1828 , 2.84
1829 , 2.84
1830 , 2.85
1831 , 2.84
1832 , 2.84
1833 , 2.84
1834 , 2.84
1835 , 2.84
1836 , 2.83
1837 , 2.85
1838 , 2.84
1839 , 2.85
1840 , 2.85
1841 , 2.83
1842 , 2.84
1843 , 2.83
1844 , 2.83
1845 , 2.84
1846 , 2.83
1847 , 2.84
1848 , 2.83
1849 , 2.84
1850 , 2.85
1851 , 2.84
1852 , 2.85
1853 , 2.84
1854 , 2.84
1855 , 2.84
1856 , 2.84
1857 , 2.85
1858 , 2.85
1859 , 2.85
1860 , 2.86
1861 , 2.85
1862 , 2.85
1863 , 2.84
1864 , 2.84
1865 , 2.85
1866 , 2.84
1867 , 2.85
1868 , 2.84
1869 , 2.84
1870 , 2.87
1871 , 2.84
1872 , 2.85
1873 , 2.84
1874 , 2.83
1875 , 2.83
1876 , 2.83
1877 , 2.83
1878 , 2.83
1879 , 2.83
1880 , 2.83
1881 , 2.84
1882 , 2.85
1883 , 2.88
1884 , 2.85
1885 , 2.85
1886 , 2.88
1887 , 2.86
1888 , 2.85
1889 , 2.86
1890 , 2.85
1891 , 2.84
1892 , 2.85
1893 , 2.85
1894 , 2.86
1895 , 2.85
1896 , 2.85
1897 , 2.84
1898 , 2.84
1899 , 2.85
1900 , 2.84
1901 , 2.84
1902 , 2.84
1903 , 2.84
1904 , 2.84
1905 , 2.83
1906 , 2.84
1907 , 2.84
1908 , 2.84
1909 , 2.84
1910 , 2.83
1911 , 2.83
1912 , 2.85
1913 , 2.83
1914 , 2.83
1915 , 2.83
1916 , 2.84
1917 , 2.84
1918 , 2.83
1919 , 2.84
1920 , 2.84
1921 , 2.84
1922 , 2.87
1923 , 2.84
1924 , 2.85
1925 , 2.84
1926 , 2.85
1927 , 2.84
1928 , 2.83
1929 , 2.84
1930 , 2.85
1931 , 2.84
1932 , 2.84
1933 , 2.85
1934 , 2.87
1935 , 2.86
1936 , 2.85
1937 , 2.85
1938 , 2.85
1939 , 2.85
1940 , 2.84
1941 , 2.85
1942 , 2.84
1943 , 2.85
1944 , 2.84
1945 , 2.84
1946 , 2.84
1947 , 2.83
1948 , 2.83
1949 , 2.83
1950 , 2.83
1951 , 2.84
1952 , 2.84
1953 , 2.84
1954 , 2.84
1955 , 2.85
1956 , 2.85
1957 , 2.85
1958 , 2.85
1959 , 2.88
1960 , 2.85
1961 , 2.85
1962 , 2.85
1963 , 2.85
1964 , 2.85
1965 , 2.84
1966 , 2.85
1967 , 2.84
1968 , 2.84
1969 , 2.84
1970 , 2.84
1971 , 2.84
1972 , 2.84
1973 , 2.85
1974 , 3.18
1975 , 2.84
1976 , 2.84
1977 , 2.84
1978 , 2.84
1979 , 2.84
1980 , 2.84
1981 , 2.85
1982 , 2.84
1983 , 2.84
1984 , 2.83
1985 , 2.82
1986 , 2.83
1987 , 2.82
1988 , 2.83
1989 , 2.83
1990 , 2.83
1991 , 2.83
1992 , 2.84
1993 , 2.85
1994 , 2.84
1995 , 2.84
1996 , 2.84
1997 , 2.84
1998 , 2.85
1999 , 2.84
2000 , 2.84
2001 , 2.85
2002 , 2.84
2003 , 2.84
2004 , 2.85
2005 , 2.84
2006 , 2.84
2007 , 2.84
2008 , 2.83
2009 , 2.84
2010 , 2.84
2011 , 2.84
2012 , 2.84
2013 , 2.84
2014 , 2.83
2015 , 2.83
2016 , 2.83
2017 , 2.84
2018 , 2.83
2019 , 2.84
2020 , 2.83
2021 , 2.84
2022 , 2.84
2023 , 2.84
2024 , 2.85
2025 , 2.85
2026 , 2.85
2027 , 2.84
2028 , 2.84
2029 , 2.85
2030 , 2.85
2031 , 2.85
2032 , 2.84
2033 , 2.84
2034 , 2.84
2035 , 2.87
2036 , 2.86
2037 , 2.85
2038 , 2.84
2039 , 2.85
2040 , 2.84
2041 , 2.84
2042 , 2.84
2043 , 2.84
2044 , 2.85
2045 , 2.84
2046 , 2.84
2047 , 2.83
2048 , 2.83
2049 , 2.83
2050 , 2.85
2051 , 2.84
2052 , 2.83
2053 , 2.83
2054 , 2.83
2055 , 2.83
2056 , 2.84
2057 , 2.84
2058 , 2.85
2059 , 2.86
2060 , 2.85
2061 , 2.86
2062 , 2.84
2063 , 2.86
2064 , 2.86
2065 , 2.85
2066 , 2.86
2067 , 2.85
2068 , 2.84
2069 , 2.85
2070 , 2.84
2071 , 2.85
2072 , 2.85
2073 , 2.85
2074 , 2.85
2075 , 2.84
2076 , 2.84
2077 , 2.84
2078 , 2.84
2079 , 2.84
2080 , 2.84
2081 , 2.84
2082 , 2.83
2083 , 2.84
2084 , 2.83
2085 , 2.83
2086 , 2.84
2087 , 2.84
2088 , 2.84
2089 , 2.84
2090 , 2.83
2091 , 2.84
2092 , 2.84
2093 , 2.85
2094 , 2.85
2095 , 2.85
2096 , 2.86
2097 , 2.84
2098 , 2.86
2099 , 2.85
2100 , 2.85
2101 , 2.85
2102 , 2.85
2103 , 2.85
2104 , 2.84
2105 , 2.83
2106 , 2.84
2107 , 2.84
2108 , 2.85
2109 , 2.85
2110 , 2.84
2111 , 2.84
2112 , 2.84
2113 , 2.84
2114 , 2.84
2115 , 2.84
2116 , 2.83
2117 , 2.83
2118 , 2.86
2119 , 2.84
2120 , 2.84
2121 , 2.84
2122 , 2.83
2123 , 2.84
2124 , 2.84
2125 , 2.84
2126 , 2.85
2127 , 2.85
2128 , 2.85
2129 , 2.85
2130 , 2.84
2131 , 2.85
2132 , 2.85
2133 , 2.84
2134 , 2.85
2135 , 2.84
2136 , 2.84
2137 , 2.84
2138 , 2.84
2139 , 2.86
2140 , 2.83
2141 , 2.85
2142 , 2.84
2143 , 2.83
2144 , 2.84
2145 , 2.84
2146 , 2.84
2147 , 2.84
2148 , 2.83
2149 , 2.83
2150 , 2.83
2151 , 2.83
2152 , 2.83
2153 , 2.83
2154 , 2.83
2155 , 2.83
2156 , 2.84
2157 , 2.84
2158 , 2.84
2159 , 2.85
2160 , 2.85
2161 , 2.85
2162 , 2.85
2163 , 2.84
2164 , 2.85
2165 , 2.84
2166 , 2.85
2167 , 2.85
2168 , 2.83
2169 , 2.85
2170 , 2.84
2171 , 2.85
2172 , 2.84
2173 , 2.85
2174 , 2.85
2175 , 2.84
2176 , 2.86
2177 , 2.85
2178 , 2.85
2179 , 2.85
2180 , 2.85
2181 , 2.84
2182 , 2.85
2183 , 2.84
2184 , 2.83
2185 , 2.83
2186 , 2.84
2187 , 2.83
2188 , 2.84
2189 , 2.83
2190 , 2.83
2191 , 2.84
2192 , 2.84
2193 , 2.86
2194 , 2.86
2195 , 2.84
2196 , 2.85
2197 , 2.85
2198 , 2.85
2199 , 2.84
2200 , 2.84
2201 , 2.85
2202 , 2.84
2203 , 2.85
2204 , 2.85
2205 , 2.85
2206 , 2.85
2207 , 2.85
2208 , 2.85
2209 , 2.85
2210 , 2.84
2211 , 2.85
2212 , 2.84
2213 , 2.85
2214 , 2.84
2215 , 2.84
2216 , 2.85
2217 , 2.84
2218 , 2.83
2219 , 2.83
2220 , 2.85
2221 , 2.84
2222 , 2.83
2223 , 2.83
2224 , 2.83
2225 , 2.84
2226 , 2.84
2227 , 2.84
2228 , 2.84
2229 , 2.84
2230 , 2.85
2231 , 2.85
2232 , 3.2
2233 , 2.9
2234 , 2.84
2235 , 2.85
2236 , 2.84
2237 , 2.85
2238 , 2.84
2239 , 2.85
2240 , 2.85
2241 , 2.85
2242 , 2.85
2243 , 2.84
2244 , 2.83
2245 , 2.85
2246 , 2.84
2247 , 2.84
2248 , 2.84
2249 , 2.84
2250 , 2.84
2251 , 2.83
2252 , 2.86
2253 , 2.84
2254 , 2.84
2255 , 2.84
2256 , 2.84
2257 , 2.83
2258 , 2.82
2259 , 2.82
2260 , 2.83
2261 , 2.83
2262 , 2.83
2263 , 2.83
2264 , 2.83
2265 , 2.84
2266 , 2.84
2267 , 2.85
2268 , 2.84
2269 , 2.84
2270 , 2.84
2271 , 2.84
2272 , 2.85
2273 , 2.85
2274 , 2.84
2275 , 2.84
2276 , 2.84
2277 , 2.86
2278 , 2.84
2279 , 2.84
2280 , 2.85
2281 , 2.84
2282 , 2.83
2283 , 2.84
2284 , 2.84
2285 , 2.84
2286 , 2.84
2287 , 2.84
2288 , 2.83
2289 , 2.83
2290 , 2.84
2291 , 2.83
2292 , 2.84
2293 , 2.84
2294 , 2.83
2295 , 2.84
2296 , 2.84
2297 , 2.84
2298 , 2.84
2299 , 2.84
2300 , 2.86
2301 , 2.84
2302 , 2.85
2303 , 2.85
2304 , 2.84
2305 , 2.85
2306 , 2.84
2307 , 2.84
2308 , 2.85
2309 , 2.84
2310 , 2.84
2311 , 2.84
2312 , 2.84
2313 , 2.84
2314 , 2.84
2315 , 2.84
2316 , 2.83
2317 , 2.84
2318 , 2.84
2319 , 2.84
2320 , 2.85
2321 , 2.84
2322 , 2.83
2323 , 2.84
2324 , 2.84
2325 , 2.84
2326 , 2.83
2327 , 2.84
2328 , 2.84
2329 , 2.84
2330 , 2.84
2331 , 2.84
2332 , 2.85
2333 , 2.86
2334 , 2.84
2335 , 2.85
2336 , 2.87
2337 , 2.85
2338 , 2.85
2339 , 2.85
2340 , 2.86
2341 , 2.84
2342 , 2.85
2343 , 2.84
2344 , 2.84
2345 , 2.87
2346 , 2.84
2347 , 2.83
2348 , 2.84
2349 , 2.84
2350 , 2.85
2351 , 2.84
2352 , 2.83
2353 , 2.84
2354 , 2.84
2355 , 2.84
2356 , 2.84
2357 , 2.82
2358 , 2.83
2359 , 2.82
2360 , 2.84
2361 , 2.83
2362 , 2.83
2363 , 2.84
2364 , 2.84
2365 , 2.85
2366 , 2.85
2367 , 2.84
2368 , 2.85
2369 , 2.84
2370 , 2.85
2371 , 2.84
2372 , 2.85
2373 , 2.84
2374 , 2.84
2375 , 2.84
2376 , 2.84
2377 , 2.85
2378 , 2.84
2379 , 2.84
2380 , 2.84
2381 , 2.84
2382 , 2.83
2383 , 2.84
2384 , 2.83
2385 , 2.83
2386 , 2.83
2387 , 2.83
2388 , 2.83
2389 , 2.82
2390 , 2.83
2391 , 5.57
2392 , 2.98
2393 , 2.89
2394 , 2.88
2395 , 2.91
2396 , 3.09
2397 , 2.92
2398 , 2.86
2399 , 2.86
2400 , 2.86
2401 , 2.85
2402 , 2.85
2403 , 2.85
2404 , 2.84
2405 , 2.85
2406 , 2.85
2407 , 2.85
2408 , 2.84
2409 , 2.85
2410 , 2.85
2411 , 2.85
2412 , 2.85
2413 , 2.85
2414 , 2.84
2415 , 2.83
2416 , 2.83
2417 , 2.83
2418 , 2.83
2419 , 2.84
2420 , 2.84
2421 , 2.84
2422 , 2.84
2423 , 2.84
2424 , 2.86
2425 , 2.86
2426 , 2.86
2427 , 2.86
2428 , 2.85
2429 , 2.85
2430 , 2.86
2431 , 2.85
2432 , 2.86
2433 , 2.84
2434 , 2.85
2435 , 2.85
2436 , 2.85
2437 , 2.86
2438 , 2.85
2439 , 2.85
2440 , 2.84
2441 , 2.85
2442 , 2.84
2443 , 2.84
2444 , 2.85
2445 , 2.84
2446 , 2.85
2447 , 2.84
2448 , 2.86
2449 , 2.84
2450 , 2.83
2451 , 2.85
2452 , 2.84
2453 , 2.83
2454 , 2.84
2455 , 2.83
2456 , 2.84
2457 , 2.84
2458 , 2.83
2459 , 2.85
2460 , 2.85
2461 , 2.86
2462 , 2.85
2463 , 2.87
2464 , 2.85
2465 , 2.85
2466 , 2.86
2467 , 2.85
2468 , 2.85
2469 , 2.85
2470 , 2.85
2471 , 2.85
2472 , 2.85
2473 , 2.85
2474 , 2.84
2475 , 2.84
2476 , 2.86
2477 , 2.85
2478 , 2.84
2479 , 2.85
2480 , 2.84
2481 , 2.84
2482 , 2.84
2483 , 2.84
2484 , 2.85
2485 , 2.83
2486 , 2.83
2487 , 2.83
2488 , 2.83
2489 , 2.84
2490 , 2.83
2491 , 2.83
2492 , 2.84
2493 , 2.84
2494 , 2.84
2495 , 2.85
2496 , 2.85
2497 , 2.84
2498 , 2.85
2499 , 2.84
2500 , 2.84
2501 , 2.84
2502 , 2.84
2503 , 2.85
2504 , 2.85
2505 , 2.83
2506 , 2.84
2507 , 2.85
2508 , 2.85
2509 , 2.84
2510 , 2.84
2511 , 2.85
2512 , 2.84
2513 , 2.84
2514 , 2.84
2515 , 2.84
2516 , 2.84
2517 , 2.84
2518 , 2.83
2519 , 2.83
2520 , 2.83
2521 , 2.83
2522 , 2.83
2523 , 2.83
2524 , 2.83
2525 , 2.84
2526 , 2.84
2527 , 2.85
2528 , 2.86
2529 , 2.87
2530 , 2.85
2531 , 2.86
2532 , 2.84
2533 , 2.84
2534 , 2.85
2535 , 2.85
2536 , 2.85
2537 , 2.85
2538 , 2.84
2539 , 2.85
2540 , 2.84
2541 , 2.85
2542 , 2.84
2543 , 2.84
2544 , 2.84
2545 , 2.84
2546 , 2.86
2547 , 2.84
2548 , 2.84
2549 , 2.86
2550 , 2.85
2551 , 2.85
2552 , 2.83
2553 , 2.83
2554 , 2.83
2555 , 2.83
2556 , 2.84
2557 , 2.83
2558 , 2.83
2559 , 2.84
2560 , 2.86
2561 , 2.86
2562 , 2.85
2563 , 2.85
2564 , 2.85
2565 , 2.84
2566 , 2.85
2567 , 2.84
2568 , 2.85
2569 , 2.85
2570 , 2.85
2571 , 2.85
2572 , 2.84
2573 , 2.84
2574 , 2.84
2575 , 2.85
2576 , 2.85
2577 , 2.87
2578 , 2.86
2579 , 2.86
2580 , 2.85
2581 , 2.85
2582 , 2.84
2583 , 2.84
2584 , 2.85
2585 , 2.84
2586 , 2.84
2587 , 2.83
2588 , 2.83
2589 , 2.84
2590 , 2.83
2591 , 2.84
2592 , 2.84
2593 , 2.84
2594 , 2.84
2595 , 2.84
2596 , 2.85
2597 , 2.85
2598 , 2.85
2599 , 2.86
2600 , 2.85
2601 , 2.87
2602 , 2.85
2603 , 2.85
2604 , 2.85
2605 , 2.85
2606 , 2.86
2607 , 2.84
2608 , 2.84
2609 , 2.85
2610 , 2.84
2611 , 2.86
2612 , 2.86
2613 , 2.85
2614 , 2.85
2615 , 2.85
2616 , 2.85
2617 , 2.84
2618 , 2.84
2619 , 2.85
2620 , 2.83
2621 , 2.84
2622 , 2.83
2623 , 2.84
2624 , 2.83
2625 , 2.84
2626 , 2.84
2627 , 2.83
2628 , 2.85
2629 , 2.84
2630 , 2.86
2631 , 2.86
2632 , 2.84
2633 , 2.86
2634 , 2.85
2635 , 2.85
2636 , 2.85
2637 , 2.84
2638 , 2.84
2639 , 2.85
2640 , 2.85
2641 , 2.85
2642 , 2.84
2643 , 2.84
2644 , 2.83
2645 , 2.84
2646 , 2.85
2647 , 2.85
2648 , 2.85
2649 , 2.86
2650 , 2.84
2651 , 2.84
2652 , 2.86
2653 , 2.84
2654 , 2.83
2655 , 2.83
2656 , 2.84
2657 , 2.83
2658 , 2.85
2659 , 2.84
2660 , 2.83
2661 , 2.84
2662 , 2.84
2663 , 2.86
2664 , 2.86
2665 , 2.85
2666 , 2.85
2667 , 2.85
2668 , 2.86
2669 , 2.85
2670 , 2.85
2671 , 2.86
2672 , 2.85
2673 , 2.85
2674 , 2.85
2675 , 2.84
2676 , 2.84
2677 , 2.84
2678 , 2.85
2679 , 2.84
2680 , 2.85
2681 , 2.85
2682 , 2.85
2683 , 2.86
2684 , 2.85
2685 , 2.84
2686 , 2.85
2687 , 2.84
2688 , 2.85
2689 , 2.83
2690 , 2.83
2691 , 2.84
2692 , 2.83
2693 , 2.84
2694 , 2.83
2695 , 2.84
2696 , 2.84
2697 , 2.84
2698 , 2.85
2699 , 2.85
2700 , 2.85
2701 , 2.85
2702 , 2.85
2703 , 2.86
2704 , 2.85
2705 , 2.87
2706 , 2.88
2707 , 2.86
2708 , 2.86
2709 , 2.85
2710 , 2.85
2711 , 2.85
2712 , 2.84
2713 , 2.85
2714 , 2.84
2715 , 2.85
2716 , 2.85
2717 , 2.84
2718 , 2.85
2719 , 2.84
2720 , 2.84
2721 , 2.85
2722 , 2.84
2723 , 2.85
2724 , 2.83
2725 , 2.83
2726 , 2.83
2727 , 2.83
2728 , 2.84
2729 , 2.84
2730 , 2.84
2731 , 2.84
2732 , 2.85
2733 , 2.85
2734 , 2.86
2735 , 2.86
2736 , 2.86
2737 , 3.06
2738 , 2.89
2739 , 2.87
2740 , 2.87
2741 , 2.87
2742 , 2.85
2743 , 2.85
2744 , 2.86
2745 , 2.86
2746 , 2.86
2747 , 2.87
2748 , 2.85
2749 , 2.85
2750 , 2.84
2751 , 2.83
2752 , 2.84
2753 , 2.83
2754 , 2.83
2755 , 2.84
2756 , 2.84
2757 , 2.84
2758 , 2.84
2759 , 2.84
2760 , 2.84
2761 , 2.84
2762 , 2.83
2763 , 2.83
2764 , 2.83
2765 , 2.83
2766 , 2.83
2767 , 2.84
2768 , 2.83
2769 , 2.83
2770 , 2.84
2771 , 2.85
2772 , 2.87
2773 , 2.87
2774 , 2.85
2775 , 2.85
2776 , 2.85
2777 , 2.85
2778 , 2.84
2779 , 2.84
2780 , 2.84
2781 , 2.85
2782 , 2.85
2783 , 2.84
2784 , 2.84
2785 , 2.85
2786 , 2.84
2787 , 2.85
2788 , 2.84
2789 , 2.84
2790 , 2.84
2791 , 2.84
2792 , 2.85
2793 , 2.83
2794 , 2.84
2795 , 2.83
2796 , 2.83
2797 , 2.84
2798 , 2.83
2799 , 2.83
2800 , 2.83
2801 , 2.83
2802 , 2.84
2803 , 2.84
2804 , 2.84
2805 , 2.85
2806 , 2.84
2807 , 2.85
2808 , 2.84
2809 , 2.84
2810 , 2.84
2811 , 2.84
2812 , 2.84
2813 , 2.84
2814 , 2.84
2815 , 2.84
2816 , 2.83
2817 , 2.84
2818 , 2.85
2819 , 2.84
2820 , 2.85
2821 , 2.84
2822 , 2.84
2823 , 2.84
2824 , 2.84
2825 , 2.84
2826 , 2.84
2827 , 2.82
2828 , 2.83
2829 , 2.83
2830 , 2.83
2831 , 2.82
2832 , 2.83
2833 , 2.84
2834 , 2.86
2835 , 2.86
2836 , 2.85
2837 , 2.87
2838 , 2.85
2839 , 2.85
2840 , 2.85
2841 , 2.84
2842 , 2.85
2843 , 2.85
2844 , 2.84
2845 , 2.85
2846 , 2.84
2847 , 2.83
2848 , 2.84
2849 , 2.84
2850 , 2.84
2851 , 2.84
2852 , 2.84
2853 , 2.84
2854 , 2.83
2855 , 2.85
2856 , 2.83
2857 , 2.84
2858 , 2.84
2859 , 2.85
2860 , 2.83
2861 , 2.83
2862 , 2.83
2863 , 2.83
2864 , 2.83
2865 , 2.84
2866 , 2.83
2867 , 2.84
2868 , 2.84
2869 , 3.55
2870 , 3.5
2871 , 3.73
2872 , 3.75
2873 , 3.54
2874 , 3.65
2875 , 3.64
2876 , 2.93
2877 , 3.07
2878 , 2.89
2879 , 2.88
2880 , 2.87
2881 , 2.87
2882 , 2.88
2883 , 2.86
2884 , 2.86
2885 , 2.87
2886 , 2.87
2887 , 2.85
2888 , 2.88
2889 , 2.85
2890 , 2.85
2891 , 2.89
2892 , 2.85
2893 , 2.85
2894 , 2.84
2895 , 2.85
2896 , 2.84
2897 , 2.84
2898 , 2.85
2899 , 2.85
2900 , 2.86
2901 , 2.85
2902 , 2.85
2903 , 2.85
2904 , 2.85
2905 , 2.87
2906 , 2.86
2907 , 2.86
2908 , 2.91
2909 , 3.33
2910 , 2.94
2911 , 2.89
2912 , 2.93
2913 , 2.9
2914 , 2.9
2915 , 2.88
2916 , 2.88
2917 , 2.86
2918 , 2.86
2919 , 2.86
2920 , 2.86
2921 , 2.86
2922 , 2.85
2923 , 2.86
2924 , 2.85
2925 , 2.85
2926 , 2.85
2927 , 2.85
2928 , 2.86
2929 , 2.86
2930 , 2.85
2931 , 2.84
2932 , 2.85
2933 , 2.86
2934 , 2.85
2935 , 2.84
2936 , 2.85
2937 , 2.85
2938 , 2.86
2939 , 2.84
2940 , 2.84
2941 , 2.84
2942 , 2.84
2943 , 2.84
2944 , 2.83
2945 , 2.83
2946 , 2.84
2947 , 2.84
2948 , 2.85
2949 , 2.85
2950 , 2.85
2951 , 2.85
2952 , 2.84
2953 , 2.85
2954 , 2.86
2955 , 2.85
2956 , 2.86
2957 , 2.85
2958 , 2.86
2959 , 2.84
2960 , 2.85
2961 , 2.91
2962 , 2.86
2963 , 2.86
2964 , 2.86
2965 , 2.85
2966 , 2.86
2967 , 2.85
2968 , 2.85
2969 , 2.84
2970 , 2.85
2971 , 2.85
2972 , 2.84
2973 , 2.85
2974 , 2.83
2975 , 2.84
2976 , 2.83
2977 , 2.83
2978 , 2.83
2979 , 2.83
2980 , 2.85
2981 , 2.84
2982 , 2.84
2983 , 2.84
2984 , 2.84
2985 , 2.85
2986 , 2.85
2987 , 2.85
2988 , 2.86
2989 , 2.85
2990 , 2.85
2991 , 2.86
2992 , 2.84
2993 , 2.85
2994 , 2.84
2995 , 2.85
2996 , 2.84
2997 , 2.84
2998 , 2.84
2999 , 2.84
3000 , 2.85
