1 , 93.03
2 , 91.68
3 , 84.74
4 , 84.3
5 , 84.7
6 , 84.63
7 , 84.66
8 , 84.75
9 , 84.78
10 , 84.59
11 , 85.04
12 , 84.99
13 , 85.11
14 , 84.47
15 , 84.75
16 , 84.52
17 , 84.46
18 , 84.54
19 , 84.3
20 , 84.52
21 , 84.64
22 , 84.71
23 , 84.71
24 , 90.18
25 , 51.43
26 , 30.83
27 , 16.94
28 , 10.14
29 , 5.95
30 , 2.55
31 , 2.56
32 , 2.54
33 , 2.53
34 , 2.52
35 , 2.52
36 , 2.51
37 , 2.5
38 , 2.5
39 , 2.5
40 , 2.52
41 , 2.52
42 , 2.51
43 , 2.51
44 , 2.51
45 , 2.5
46 , 2.49
47 , 2.5
48 , 2.52
49 , 2.51
50 , 2.52
51 , 2.52
52 , 2.51
53 , 2.49
54 , 2.5
55 , 2.5
56 , 2.53
57 , 2.52
58 , 2.52
59 , 2.52
60 , 2.51
61 , 2.49
62 , 2.49
63 , 2.49
64 , 2.51
65 , 2.51
66 , 2.51
67 , 2.51
68 , 2.5
69 , 2.48
70 , 2.49
71 , 2.49
72 , 2.51
73 , 2.51
74 , 2.51
75 , 2.51
76 , 2.51
77 , 2.5
78 , 62.56
79 , 59.88
80 , 59.66
81 , 59.69
82 , 59.68
83 , 59.49
84 , 59.56
85 , 59.54
86 , 59.47
87 , 59.59
88 , 59.58
89 , 59.56
90 , 59.41
91 , 59.42
92 , 59.41
93 , 59.77
94 , 59.45
95 , 59.35
96 , 59.49
97 , 59.41
98 , 59.52
99 , 59.43
100 , 59.66
101 , 59.81
102 , 59.64
103 , 59.42
104 , 59.47
105 , 59.66
106 , 59.54
107 , 59.42
108 , 59.53
109 , 59.02
110 , 42.73
111 , 48.37
112 , 43.94
113 , 39.88
114 , 36.03
115 , 33.41
116 , 30.88
117 , 28.72
118 , 26.86
119 , 25.46
120 , 25.49
121 , 25.6
122 , 9.21
123 , 8.06
124 , 8.02
125 , 8.02
126 , 8.05
127 , 8.03
128 , 8.02
129 , 8.07
130 , 8.02
131 , 8.02
132 , 8.05
133 , 8.04
134 , 8.02
135 , 8.05
136 , 8.03
137 , 8.03
138 , 8.04
139 , 8.06
140 , 8.69
141 , 8.5
142 , 8.43
143 , 8.2
144 , 8.05
145 , 8.03
146 , 8.03
147 , 8.07
148 , 8.02
149 , 8.04
150 , 8.05
151 , 8.03
152 , 8.02
153 , 8.06
154 , 8.02
155 , 8.02
156 , 8.06
157 , 8.05
158 , 8.03
159 , 8.06
160 , 8.05
161 , 8.05
162 , 8.06
163 , 8.03
164 , 25.63
165 , 24.72
166 , 24.09
167 , 24.05
168 , 23.99
169 , 23.87
170 , 23.81
171 , 23.92
172 , 23.75
173 , 23.76
174 , 23.84
175 , 23.68
176 , 23.93
177 , 24.49
178 , 23.87
179 , 23.79
180 , 23.74
181 , 23.67
182 , 23.62
183 , 23.79
184 , 23.69
185 , 23.63
186 , 23.73
187 , 23.67
188 , 23.62
189 , 23.71
190 , 23.63
191 , 23.84
192 , 23.67
193 , 23.65
194 , 23.63
195 , 23.81
196 , 23.66
197 , 23.66
198 , 23.67
199 , 23.65
200 , 23.62
201 , 23.76
202 , 23.62
203 , 23.64
204 , 23.76
205 , 23.98
206 , 23.72
207 , 23.71
208 , 23.63
209 , 3.68
210 , 2.62
211 , 2.56
212 , 2.55
213 , 2.54
214 , 2.53
215 , 2.52
216 , 2.51
217 , 2.5
218 , 2.5
219 , 2.53
220 , 2.53
221 , 2.53
222 , 2.52
223 , 28.04
224 , 24.19
225 , 23.73
226 , 23.72
227 , 23.83
228 , 23.76
229 , 23.81
230 , 23.68
231 , 23.81
232 , 24.07
233 , 23.74
234 , 23.69
235 , 23.88
236 , 23.73
237 , 23.67
238 , 23.71
239 , 23.61
240 , 23.8
241 , 23.83
242 , 23.51
243 , 23.72
244 , 23.77
245 , 23.91
246 , 23.92
247 , 23.01
248 , 21.89
249 , 21.72
250 , 21.82
251 , 21.79
252 , 21.9
253 , 19.93
254 , 17.64
255 , 17.66
256 , 17.62
257 , 17.58
258 , 17.61
259 , 19.03
260 , 18.17
261 , 16.53
262 , 15.14
263 , 14.77
264 , 14.84
265 , 49.61
266 , 49.25
267 , 48.95
268 , 48.85
269 , 48.89
270 , 48.56
271 , 49.55
272 , 48.6
273 , 48.78
274 , 48.68
275 , 48.74
276 , 49.27
277 , 49.28
278 , 48.51
279 , 48.79
280 , 48.53
281 , 49.28
282 , 48.46
283 , 48.73
284 , 49.63
285 , 48.55
286 , 49.17
287 , 48.52
288 , 48.49
289 , 48.65
290 , 48.63
291 , 48.57
292 , 48.49
293 , 48.54
294 , 48.58
295 , 48.68
296 , 48.66
297 , 48.7
298 , 48.44
299 , 49.34
300 , 48.69
301 , 48.55
302 , 48.36
303 , 48.53
304 , 48.52
305 , 48.66
306 , 48.38
307 , 48.59
308 , 48.6
309 , 48.69
310 , 48.81
311 , 48.33
312 , 45.09
313 , 45.53
314 , 45.43
315 , 45.13
316 , 39.33
317 , 37.59
318 , 37.25
319 , 37.67
320 , 37.37
321 , 35.16
322 , 31.99
323 , 33.3
324 , 36.19
325 , 31.35
326 , 31.56
327 , 31.47
328 , 36.18
329 , 35.48
330 , 35.11
331 , 35.05
332 , 34.94
333 , 34.97
334 , 34.91
335 , 34.86
336 , 34.89
337 , 34.87
338 , 34.77
339 , 34.84
340 , 34.87
341 , 34.8
342 , 34.85
343 , 31.53
344 , 31.05
345 , 31.0
346 , 30.99
347 , 30.99
348 , 30.93
349 , 31.08
350 , 30.97
351 , 30.94
352 , 31.01
353 , 30.94
354 , 30.99
355 , 30.94
356 , 30.96
357 , 31.0
358 , 30.98
359 , 30.93
360 , 30.96
361 , 30.91
362 , 30.9
363 , 30.96
364 , 30.96
365 , 30.97
366 , 31.0
367 , 30.94
368 , 31.0
369 , 31.0
370 , 30.91
371 , 31.02
372 , 30.93
373 , 60.11
374 , 60.06
375 , 60.05
376 , 59.94
377 , 59.78
378 , 59.74
379 , 59.58
380 , 63.48
381 , 61.03
382 , 59.9
383 , 46.48
384 , 46.01
385 , 45.9
386 , 45.06
387 , 42.22
388 , 47.79
389 , 47.82
390 , 47.53
391 , 90.06
392 , 85.87
393 , 85.66
394 , 85.55
395 , 85.65
396 , 85.7
397 , 85.71
398 , 85.34
399 , 85.7
400 , 85.82
401 , 85.72
402 , 85.73
403 , 86.04
404 , 85.8
405 , 85.88
406 , 86.13
407 , 86.03
408 , 86.15
409 , 86.06
410 , 86.05
411 , 86.5
412 , 86.35
413 , 85.85
414 , 86.54
415 , 89.06
416 , 88.61
417 , 88.7
418 , 89.47
419 , 89.09
420 , 89.06
421 , 87.21
422 , 86.57
423 , 86.33
424 , 86.11
425 , 86.85
426 , 86.14
427 , 86.08
428 , 86.19
429 , 86.75
430 , 86.7
431 , 86.27
432 , 86.21
433 , 87.06
434 , 86.22
435 , 86.17
436 , 86.1
437 , 86.66
438 , 86.01
439 , 86.38
440 , 86.81
441 , 28.64
442 , 24.06
443 , 27.07
444 , 26.21
445 , 24.4
446 , 24.09
447 , 24.13
448 , 24.24
449 , 24.07
450 , 24.06
451 , 24.13
452 , 23.82
453 , 24.08
454 , 24.14
455 , 24.08
456 , 22.6
457 , 22.08
458 , 22.03
459 , 22.1
460 , 20.12
461 , 17.87
462 , 17.77
463 , 17.83
464 , 17.86
465 , 18.02
466 , 16.36
467 , 14.93
468 , 13.88
469 , 12.89
470 , 11.97
471 , 11.16
472 , 10.34
473 , 10.12
474 , 10.11
475 , 10.13
476 , 10.16
477 , 10.21
478 , 10.12
479 , 10.13
480 , 10.11
481 , 10.12
482 , 10.16
483 , 10.21
484 , 10.12
485 , 10.13
486 , 10.11
487 , 10.12
488 , 60.22
489 , 60.59
490 , 60.27
491 , 59.99
492 , 60.04
493 , 60.31
494 , 60.21
495 , 59.82
496 , 59.78
497 , 59.8
498 , 59.86
499 , 59.74
500 , 59.7
501 , 59.74
502 , 60.18
503 , 59.77
504 , 59.81
505 , 59.83
506 , 59.74
507 , 59.79
508 , 59.64
509 , 59.81
510 , 59.74
511 , 87.65
512 , 86.01
513 , 85.72
514 , 86.03
515 , 86.1
516 , 88.04
517 , 88.35
518 , 89.12
519 , 88.92
520 , 88.71
521 , 85.99
522 , 86.34
523 , 86.32
524 , 86.42
525 , 86.51
526 , 85.82
527 , 86.04
528 , 86.18
529 , 86.16
530 , 85.84
531 , 85.95
532 , 85.79
533 , 85.89
534 , 86.28
535 , 86.23
536 , 86.17
537 , 86.14
538 , 85.77
539 , 85.85
540 , 85.69
541 , 85.94
542 , 86.92
543 , 89.53
544 , 91.91
545 , 88.9
546 , 90.85
547 , 88.59
548 , 86.38
549 , 85.43
550 , 85.65
551 , 85.54
552 , 85.41
553 , 85.68
554 , 85.89
555 , 85.83
556 , 85.79
557 , 85.58
558 , 85.87
559 , 85.72
560 , 85.69
561 , 85.67
562 , 85.85
563 , 85.4
564 , 85.76
565 , 85.93
566 , 86.19
567 , 86.15
568 , 85.7
569 , 86.32
570 , 86.61
571 , 89.06
572 , 85.57
573 , 85.83
574 , 85.77
575 , 85.72
576 , 85.82
577 , 86.22
578 , 86.06
579 , 85.71
580 , 85.9
581 , 85.76
582 , 85.95
583 , 86.45
584 , 86.11
585 , 85.7
586 , 85.61
587 , 86.13
588 , 85.63
589 , 85.6
590 , 85.96
591 , 85.72
592 , 85.58
593 , 85.83
594 , 85.85
595 , 85.97
596 , 85.84
597 , 85.81
598 , 86.06
599 , 85.77
600 , 55.18
601 , 51.86
602 , 48.63
603 , 48.44
604 , 48.48
605 , 48.32
606 , 48.46
607 , 48.29
608 , 48.39
609 , 48.63
610 , 48.51
611 , 48.31
612 , 48.29
613 , 87.63
614 , 86.37
615 , 85.54
616 , 85.66
617 , 85.48
618 , 85.72
619 , 86.02
620 , 85.4
621 , 85.69
622 , 86.68
623 , 86.1
624 , 85.71
625 , 86.41
626 , 85.8
627 , 85.89
628 , 85.51
629 , 85.62
630 , 85.4
631 , 85.31
632 , 85.24
633 , 85.48
634 , 85.41
635 , 85.78
636 , 85.88
637 , 86.42
638 , 85.78
639 , 85.93
640 , 86.02
641 , 85.96
642 , 85.4
643 , 85.57
644 , 85.36
645 , 85.63
646 , 85.95
647 , 85.78
648 , 85.84
649 , 85.75
650 , 85.72
651 , 85.63
652 , 85.48
653 , 85.5
654 , 85.9
655 , 86.05
656 , 84.98
657 , 86.27
658 , 85.7
659 , 86.25
660 , 85.74
661 , 85.56
662 , 85.72
663 , 88.48
664 , 86.93
665 , 85.67
666 , 85.74
667 , 85.79
668 , 86.2
669 , 85.4
670 , 85.44
671 , 85.37
672 , 85.27
673 , 85.5
674 , 85.53
675 , 85.65
676 , 85.72
677 , 85.72
678 , 86.01
679 , 85.67
680 , 86.48
681 , 85.66
682 , 85.51
683 , 85.33
684 , 85.33
685 , 85.54
686 , 85.68
687 , 85.85
688 , 86.48
689 , 85.67
690 , 85.3
691 , 86.02
692 , 85.65
693 , 85.34
694 , 85.56
695 , 85.86
696 , 85.92
697 , 85.88
698 , 85.77
699 , 85.51
700 , 85.7
701 , 85.53
702 , 85.56
703 , 85.31
704 , 86.04
705 , 85.46
706 , 85.49
707 , 85.73
708 , 85.55
709 , 85.39
710 , 85.76
711 , 85.27
712 , 85.69
713 , 85.54
714 , 86.1
715 , 85.59
716 , 85.62
717 , 85.7
718 , 85.89
719 , 86.15
720 , 88.3
721 , 86.18
722 , 85.36
723 , 85.73
724 , 85.2
725 , 85.53
726 , 85.82
727 , 85.73
728 , 85.58
729 , 85.51
730 , 85.41
731 , 85.66
732 , 85.92
733 , 85.91
734 , 85.45
735 , 85.61
736 , 85.64
737 , 85.94
738 , 85.68
739 , 85.76
740 , 85.43
741 , 85.43
742 , 85.42
743 , 85.35
744 , 85.77
745 , 85.54
746 , 85.67
747 , 85.4
748 , 85.53
749 , 85.3
750 , 85.5
751 , 85.31
752 , 85.78
753 , 0.35
754 , 0.08
755 , 0.07
756 , 0.07
757 , 0.07
758 , 0.07
759 , 0.07
760 , 0.07
761 , 0.07
762 , 0.07
763 , 0.07
764 , 0.07
765 , 0.08
766 , 27.81
767 , 24.06
768 , 23.91
769 , 24.91
770 , 26.52
771 , 24.51
772 , 24.05
773 , 24.21
774 , 23.82
775 , 24.88
776 , 24.36
777 , 24.08
778 , 24.3
779 , 23.97
780 , 23.81
781 , 23.91
782 , 23.89
783 , 24.01
784 , 23.85
785 , 24.15
786 , 23.89
787 , 24.0
788 , 23.94
789 , 24.04
790 , 23.82
791 , 23.96
792 , 23.85
793 , 24.05
794 , 23.89
795 , 23.94
796 , 23.77
797 , 23.96
798 , 23.82
799 , 24.08
800 , 23.91
801 , 23.99
802 , 23.82
803 , 23.99
804 , 23.9
805 , 24.11
806 , 23.87
807 , 24.0
808 , 24.0
809 , 24.0
810 , 24.01
811 , 23.93
812 , 23.85
813 , 86.61
814 , 85.77
815 , 85.39
816 , 85.19
817 , 85.38
818 , 85.53
819 , 85.33
820 , 85.4
821 , 85.46
822 , 85.17
823 , 85.62
824 , 88.48
825 , 86.48
826 , 85.78
827 , 85.82
828 , 85.36
829 , 85.37
830 , 86.03
831 , 85.6
832 , 85.45
833 , 85.23
834 , 85.46
835 , 85.71
836 , 86.25
837 , 85.64
838 , 85.73
839 , 85.71
840 , 85.56
841 , 85.43
842 , 85.45
843 , 85.43
844 , 85.35
845 , 85.44
846 , 85.56
847 , 85.59
848 , 85.81
849 , 85.84
850 , 85.78
851 , 85.39
852 , 85.37
853 , 85.79
854 , 85.54
855 , 9.75
856 , 9.36
857 , 9.36
858 , 9.36
859 , 9.37
860 , 9.36
861 , 9.35
862 , 9.35
863 , 9.36
864 , 9.36
865 , 9.36
866 , 9.36
867 , 9.53
868 , 9.36
869 , 9.36
870 , 9.38
871 , 62.03
872 , 60.0
873 , 63.18
874 , 60.73
875 , 60.66
876 , 59.69
877 , 59.62
878 , 59.42
879 , 59.57
880 , 59.8
881 , 59.99
882 , 59.93
883 , 59.65
884 , 59.44
885 , 59.47
886 , 59.34
887 , 59.44
888 , 59.3
889 , 59.39
890 , 59.63
891 , 59.39
892 , 59.64
893 , 59.6
894 , 59.37
895 , 59.44
896 , 59.42
897 , 59.42
898 , 59.33
899 , 59.43
900 , 59.26
901 , 46.33
902 , 43.8
903 , 49.89
904 , 47.31
905 , 43.36
906 , 40.72
907 , 40.24
908 , 36.81
909 , 35.19
910 , 38.19
911 , 35.84
912 , 35.27
913 , 34.75
914 , 34.78
915 , 34.66
916 , 34.76
917 , 34.8
918 , 34.67
919 , 34.69
920 , 34.61
921 , 34.69
922 , 34.68
923 , 25.93
924 , 24.65
925 , 24.4
926 , 24.21
927 , 24.05
928 , 24.08
929 , 23.95
930 , 23.83
931 , 24.04
932 , 23.99
933 , 23.89
934 , 23.94
935 , 23.86
936 , 23.75
937 , 23.92
938 , 23.87
939 , 23.81
940 , 23.86
941 , 23.87
942 , 23.81
943 , 23.97
944 , 23.8
945 , 23.79
946 , 23.81
947 , 23.8
948 , 23.77
949 , 23.95
950 , 24.1
951 , 23.89
952 , 23.83
953 , 23.82
954 , 23.77
955 , 23.89
956 , 23.84
957 , 23.79
958 , 23.88
959 , 23.82
960 , 23.76
961 , 49.01
962 , 49.13
963 , 48.8
964 , 48.67
965 , 48.57
966 , 48.47
967 , 48.49
968 , 48.42
969 , 48.41
970 , 48.35
971 , 48.4
972 , 48.52
973 , 48.49
974 , 48.41
975 , 48.43
976 , 48.45
977 , 48.69
978 , 48.4
979 , 48.75
980 , 48.38
981 , 48.47
982 , 48.43
983 , 48.46
984 , 48.44
985 , 48.44
986 , 48.38
987 , 48.53
988 , 48.47
989 , 48.44
990 , 48.36
991 , 48.45
992 , 48.33
993 , 87.19
994 , 85.76
995 , 85.82
996 , 85.81
997 , 85.52
998 , 85.59
999 , 86.39
1000 , 85.48
1001 , 85.37
1002 , 85.45
1003 , 85.57
1004 , 85.7
1005 , 85.48
1006 , 85.75
1007 , 85.37
1008 , 85.36
1009 , 86.88
1010 , 88.3
1011 , 88.42
1012 , 85.42
1013 , 85.68
1014 , 85.54
1015 , 85.46
1016 , 88.16
1017 , 86.48
1018 , 85.65
1019 , 85.77
1020 , 85.65
1021 , 85.71
1022 , 85.47
1023 , 85.2
1024 , 85.9
1025 , 85.57
1026 , 85.51
1027 , 85.82
1028 , 85.94
1029 , 85.52
1030 , 85.5
1031 , 85.81
1032 , 85.35
1033 , 85.64
1034 , 85.8
1035 , 85.61
1036 , 85.29
1037 , 85.33
1038 , 85.18
1039 , 85.64
1040 , 85.67
1041 , 85.56
1042 , 85.27
1043 , 85.49
1044 , 85.58
1045 , 85.51
1046 , 85.61
1047 , 85.47
1048 , 85.74
1049 , 85.56
1050 , 85.59
1051 , 85.67
1052 , 85.88
1053 , 85.54
1054 , 85.46
1055 , 85.36
1056 , 85.54
1057 , 85.87
1058 , 52.35
1059 , 48.91
1060 , 48.79
1061 , 48.62
1062 , 48.44
1063 , 48.44
1064 , 48.47
1065 , 48.41
1066 , 48.34
1067 , 48.44
1068 , 48.73
1069 , 48.36
1070 , 48.27
1071 , 48.49
1072 , 48.3
1073 , 48.34
1074 , 48.23
1075 , 86.98
1076 , 85.27
1077 , 85.32
1078 , 85.42
1079 , 85.36
1080 , 86.19
1081 , 88.11
1082 , 86.17
1083 , 85.47
1084 , 86.13
1085 , 85.6
1086 , 85.57
1087 , 85.62
1088 , 88.92
1089 , 89.41
1090 , 88.71
1091 , 88.55
1092 , 85.68
1093 , 85.9
1094 , 86.24
1095 , 85.6
1096 , 85.43
1097 , 85.33
1098 , 85.49
1099 , 85.72
1100 , 85.39
1101 , 85.58
1102 , 86.36
1103 , 85.41
1104 , 85.49
1105 , 85.36
1106 , 85.24
1107 , 85.26
1108 , 85.51
1109 , 85.43
1110 , 85.44
1111 , 85.19
1112 , 85.39
1113 , 85.32
1114 , 86.66
1115 , 88.03
1116 , 88.82
1117 , 88.27
1118 , 52.02
1119 , 49.21
1120 , 49.62
1121 , 49.13
1122 , 48.53
1123 , 48.53
1124 , 48.38
1125 , 48.39
1126 , 48.65
1127 , 48.52
1128 , 48.32
1129 , 48.89
1130 , 48.25
1131 , 48.26
1132 , 48.31
1133 , 48.3
1134 , 48.27
1135 , 48.3
1136 , 48.58
1137 , 48.3
1138 , 48.38
1139 , 48.29
1140 , 48.32
1141 , 48.28
1142 , 48.44
1143 , 48.28
1144 , 48.27
1145 , 48.32
1146 , 48.23
1147 , 48.38
1148 , 48.48
1149 , 48.23
1150 , 48.45
1151 , 48.32
1152 , 48.46
1153 , 48.36
1154 , 51.91
1155 , 49.46
1156 , 48.71
1157 , 48.47
1158 , 48.3
1159 , 48.28
1160 , 48.33
1161 , 48.25
1162 , 48.29
1163 , 48.22
1164 , 87.34
1165 , 85.81
1166 , 85.65
1167 , 85.39
1168 , 85.4
1169 , 85.37
1170 , 85.6
1171 , 85.34
1172 , 85.27
1173 , 85.38
1174 , 85.85
1175 , 85.69
1176 , 86.67
1177 , 85.78
1178 , 85.9
1179 , 85.8
1180 , 85.62
1181 , 85.55
1182 , 86.52
1183 , 85.69
1184 , 85.91
1185 , 85.73
1186 , 85.45
1187 , 85.44
1188 , 85.47
1189 , 62.29
1190 , 59.81
1191 , 59.65
1192 , 59.65
1193 , 60.33
1194 , 62.9
1195 , 60.46
1196 , 60.92
1197 , 59.9
1198 , 59.52
1199 , 59.95
1200 , 59.54
1201 , 59.62
1202 , 60.18
1203 , 59.69
1204 , 59.64
1205 , 59.5
1206 , 59.73
1207 , 59.98
1208 , 59.75
1209 , 59.59
1210 , 59.35
1211 , 59.56
1212 , 59.66
1213 , 59.86
1214 , 60.02
1215 , 59.43
1216 , 59.27
1217 , 59.39
1218 , 59.36
1219 , 59.91
1220 , 59.49
1221 , 59.53
1222 , 59.45
1223 , 59.66
1224 , 59.44
1225 , 59.46
1226 , 59.59
1227 , 60.13
1228 , 63.36
1229 , 87.31
1230 , 85.73
1231 , 85.7
1232 , 86.01
1233 , 85.51
1234 , 85.51
1235 , 85.23
1236 , 85.4
1237 , 85.5
1238 , 85.64
1239 , 85.78
1240 , 85.7
1241 , 85.43
1242 , 85.55
1243 , 85.81
1244 , 86.55
1245 , 85.56
1246 , 85.58
1247 , 85.32
1248 , 85.53
1249 , 85.31
1250 , 85.72
1251 , 85.55
1252 , 85.69
1253 , 85.69
1254 , 85.42
1255 , 85.74
1256 , 85.83
1257 , 85.47
1258 , 85.41
1259 , 85.51
1260 , 85.7
1261 , 85.5
1262 , 85.76
1263 , 85.66
1264 , 85.83
1265 , 85.47
1266 , 85.9
1267 , 86.13
1268 , 85.24
1269 , 85.28
1270 , 85.44
1271 , 85.31
1272 , 85.61
1273 , 63.18
1274 , 59.83
1275 , 61.03
1276 , 59.69
1277 , 60.72
1278 , 59.92
1279 , 60.91
1280 , 59.69
1281 , 60.56
1282 , 59.91
1283 , 60.77
1284 , 59.66
1285 , 60.77
1286 , 59.75
1287 , 61.11
1288 , 59.76
1289 , 60.88
1290 , 59.69
1291 , 64.5
1292 , 60.49
1293 , 60.94
1294 , 59.82
1295 , 60.85
1296 , 59.82
1297 , 46.01
1298 , 50.16
1299 , 46.15
1300 , 40.86
1301 , 37.91
1302 , 34.88
1303 , 88.29
1304 , 85.58
1305 , 85.63
1306 , 85.42
1307 , 85.44
1308 , 85.4
1309 , 85.17
1310 , 85.35
1311 , 85.28
1312 , 85.95
1313 , 85.54
1314 , 85.37
1315 , 85.53
1316 , 85.59
1317 , 85.53
1318 , 85.71
1319 , 85.5
1320 , 85.82
1321 , 85.77
1322 , 85.29
1323 , 85.0
1324 , 85.42
1325 , 85.4
1326 , 87.42
1327 , 88.55
1328 , 88.2
1329 , 88.09
1330 , 87.11
1331 , 85.65
1332 , 85.33
1333 , 85.64
1334 , 85.52
1335 , 85.53
1336 , 52.11
1337 , 48.91
1338 , 48.56
1339 , 48.54
1340 , 48.57
1341 , 48.45
1342 , 48.49
1343 , 48.44
1344 , 48.7
1345 , 48.5
1346 , 48.33
1347 , 48.28
1348 , 48.71
1349 , 48.34
1350 , 48.2
1351 , 48.3
1352 , 48.32
1353 , 48.25
1354 , 48.37
1355 , 48.46
1356 , 48.43
1357 , 48.39
1358 , 48.38
1359 , 48.25
1360 , 48.3
1361 , 48.23
1362 , 48.26
1363 , 48.23
1364 , 48.25
1365 , 48.28
1366 , 51.98
1367 , 49.66
1368 , 48.56
1369 , 48.49
1370 , 48.41
1371 , 48.27
1372 , 48.32
1373 , 48.28
1374 , 48.46
1375 , 48.33
1376 , 48.43
1377 , 48.28
1378 , 48.43
1379 , 48.33
1380 , 48.32
1381 , 87.19
1382 , 85.97
1383 , 85.41
1384 , 85.66
1385 , 85.6
1386 , 85.24
1387 , 85.58
1388 , 85.7
1389 , 85.3
1390 , 85.45
1391 , 85.54
1392 , 85.57
1393 , 85.36
1394 , 85.27
1395 , 85.38
1396 , 85.7
1397 , 85.38
1398 , 85.22
1399 , 85.51
1400 , 85.23
1401 , 85.47
1402 , 85.15
1403 , 86.47
1404 , 85.89
1405 , 85.56
1406 , 85.5
1407 , 85.67
1408 , 85.77
1409 , 85.66
1410 , 85.34
1411 , 85.56
1412 , 85.93
1413 , 85.59
1414 , 85.23
1415 , 85.35
1416 , 85.49
1417 , 85.24
1418 , 85.13
1419 , 86.22
1420 , 85.53
1421 , 85.37
1422 , 85.53
1423 , 85.56
1424 , 85.24
1425 , 85.67
1426 , 85.6
1427 , 85.23
1428 , 85.25
1429 , 85.25
1430 , 88.32
1431 , 86.38
1432 , 85.56
1433 , 85.46
1434 , 85.2
1435 , 85.46
1436 , 85.38
1437 , 85.38
1438 , 85.22
1439 , 85.26
1440 , 85.26
1441 , 85.49
1442 , 85.45
1443 , 85.24
1444 , 85.58
1445 , 85.99
1446 , 85.37
1447 , 85.19
1448 , 85.43
1449 , 85.44
1450 , 85.52
1451 , 85.25
1452 , 85.69
1453 , 85.76
1454 , 85.8
1455 , 85.72
1456 , 85.5
1457 , 52.01
1458 , 48.67
1459 , 48.65
1460 , 48.59
1461 , 48.84
1462 , 48.74
1463 , 48.98
1464 , 48.68
1465 , 48.88
1466 , 48.49
1467 , 48.77
1468 , 48.55
1469 , 48.73
1470 , 51.85
1471 , 49.93
1472 , 49.0
1473 , 49.16
1474 , 48.69
1475 , 48.82
1476 , 48.57
1477 , 48.74
1478 , 48.56
1479 , 49.33
1480 , 48.8
1481 , 48.94
1482 , 48.71
1483 , 48.71
1484 , 48.57
1485 , 49.41
1486 , 48.51
1487 , 49.24
1488 , 48.6
1489 , 48.75
1490 , 48.51
1491 , 48.73
1492 , 49.08
1493 , 49.03
1494 , 48.64
1495 , 86.5
1496 , 85.56
1497 , 85.57
1498 , 85.65
1499 , 85.43
1500 , 85.35
1501 , 85.52
1502 , 85.54
1503 , 85.41
1504 , 88.75
1505 , 85.59
1506 , 85.37
1507 , 85.4
1508 , 85.46
1509 , 85.6
1510 , 85.39
1511 , 85.77
1512 , 85.48
1513 , 85.64
1514 , 85.48
1515 , 85.63
1516 , 85.67
1517 , 85.63
1518 , 85.57
1519 , 85.6
1520 , 85.4
1521 , 62.19
1522 , 59.69
1523 , 60.05
1524 , 59.51
1525 , 59.58
1526 , 59.53
1527 , 59.59
1528 , 59.61
1529 , 59.5
1530 , 59.54
1531 , 46.99
1532 , 42.34
1533 , 47.24
1534 , 42.85
1535 , 38.82
1536 , 34.96
1537 , 32.83
1538 , 29.92
1539 , 28.13
1540 , 26.13
1541 , 25.43
1542 , 25.34
1543 , 25.41
1544 , 25.35
1545 , 25.36
1546 , 25.39
1547 , 25.44
1548 , 25.4
1549 , 25.41
1550 , 25.35
1551 , 25.69
1552 , 25.33
1553 , 25.41
1554 , 25.41
1555 , 25.45
1556 , 25.36
1557 , 86.42
1558 , 85.7
1559 , 85.82
1560 , 85.75
1561 , 85.24
1562 , 85.55
1563 , 85.44
1564 , 85.44
1565 , 85.44
1566 , 85.79
1567 , 86.21
1568 , 85.34
1569 , 85.14
1570 , 85.31
1571 , 85.5
1572 , 85.64
1573 , 85.44
1574 , 85.39
1575 , 88.99
1576 , 88.71
1577 , 88.58
1578 , 86.04
1579 , 85.54
1580 , 85.91
1581 , 88.78
1582 , 86.43
1583 , 85.34
1584 , 85.47
1585 , 85.23
1586 , 86.06
1587 , 85.36
1588 , 85.25
1589 , 85.52
1590 , 85.48
1591 , 85.37
1592 , 85.51
1593 , 85.33
1594 , 85.44
1595 , 85.65
1596 , 85.74
1597 , 85.4
1598 , 85.37
1599 , 85.58
1600 , 85.47
1601 , 85.98
1602 , 85.61
1603 , 85.34
1604 , 85.32
1605 , 85.57
1606 , 85.18
1607 , 85.21
1608 , 86.04
1609 , 85.64
1610 , 85.78
1611 , 86.05
1612 , 85.39
1613 , 85.23
1614 , 85.41
1615 , 85.58
1616 , 85.74
1617 , 85.62
1618 , 85.71
1619 , 85.71
1620 , 85.62
1621 , 85.68
1622 , 85.39
1623 , 85.48
1624 , 85.5
1625 , 85.49
1626 , 85.47
1627 , 85.64
1628 , 85.68
1629 , 85.44
1630 , 85.32
1631 , 85.79
1632 , 85.46
1633 , 86.19
1634 , 85.43
1635 , 85.41
1636 , 85.62
1637 , 85.37
1638 , 88.24
1639 , 86.57
1640 , 85.36
1641 , 85.74
1642 , 85.73
1643 , 85.47
1644 , 85.63
1645 , 85.31
1646 , 85.64
1647 , 85.31
1648 , 85.37
1649 , 85.27
1650 , 85.52
1651 , 85.54
1652 , 85.4
1653 , 85.44
1654 , 85.51
1655 , 86.18
1656 , 85.58
1657 , 85.31
1658 , 85.22
1659 , 85.31
1660 , 85.54
1661 , 85.38
1662 , 85.76
1663 , 85.84
1664 , 85.45
1665 , 85.5
1666 , 85.63
1667 , 85.86
1668 , 85.81
1669 , 87.19
1670 , 85.78
1671 , 85.66
1672 , 85.81
1673 , 86.44
1674 , 86.22
1675 , 85.75
1676 , 85.66
1677 , 85.8
1678 , 85.39
1679 , 85.25
1680 , 85.28
1681 , 85.14
1682 , 85.35
1683 , 85.46
1684 , 85.35
1685 , 85.58
1686 , 85.49
1687 , 86.13
1688 , 85.79
1689 , 85.31
1690 , 85.66
1691 , 85.45
1692 , 85.81
1693 , 85.46
1694 , 85.38
1695 , 85.35
1696 , 86.59
1697 , 85.71
1698 , 86.0
1699 , 85.39
1700 , 85.38
1701 , 86.0
1702 , 85.91
1703 , 85.27
1704 , 85.42
1705 , 85.3
1706 , 85.14
1707 , 85.64
1708 , 85.66
1709 , 85.19
1710 , 85.64
1711 , 85.28
1712 , 85.56
1713 , 85.53
1714 , 85.53
1715 , 86.97
1716 , 85.99
1717 , 85.92
1718 , 85.78
1719 , 85.58
1720 , 85.81
1721 , 85.83
1722 , 85.84
1723 , 85.85
1724 , 85.76
1725 , 85.76
1726 , 85.76
1727 , 85.39
1728 , 85.29
1729 , 85.45
1730 , 85.52
1731 , 27.87
1732 , 23.85
1733 , 23.94
1734 , 24.7
1735 , 24.08
1736 , 23.77
1737 , 23.86
1738 , 23.72
1739 , 23.72
1740 , 23.79
1741 , 23.73
1742 , 23.76
1743 , 23.7
1744 , 23.71
1745 , 23.76
1746 , 24.15
1747 , 49.59
1748 , 49.09
1749 , 48.76
1750 , 48.69
1751 , 49.35
1752 , 48.83
1753 , 48.15
1754 , 46.13
1755 , 40.3
1756 , 35.9
1757 , 32.56
1758 , 30.94
1759 , 28.9
1760 , 89.29
1761 , 86.05
1762 , 86.17
1763 , 85.45
1764 , 85.86
1765 , 85.72
1766 , 85.82
1767 , 86.0
1768 , 85.64
1769 , 85.94
1770 , 85.61
1771 , 88.58
1772 , 86.19
1773 , 85.48
1774 , 85.5
1775 , 85.81
1776 , 85.87
1777 , 85.83
1778 , 85.82
1779 , 85.67
1780 , 85.81
1781 , 85.72
1782 , 85.66
1783 , 86.62
1784 , 88.31
1785 , 88.36
1786 , 88.56
1787 , 88.58
1788 , 85.66
1789 , 85.6
1790 , 85.47
1791 , 86.28
1792 , 85.4
1793 , 85.82
1794 , 85.68
1795 , 85.55
1796 , 86.15
1797 , 85.34
1798 , 85.48
1799 , 62.61
1800 , 59.87
1801 , 59.96
1802 , 59.82
1803 , 59.82
1804 , 59.8
1805 , 59.73
1806 , 59.77
1807 , 59.58
1808 , 61.75
1809 , 61.4
1810 , 61.21
1811 , 60.42
1812 , 59.96
1813 , 59.78
1814 , 59.73
1815 , 59.71
1816 , 48.91
1817 , 48.77
1818 , 49.01
1819 , 48.7
1820 , 48.83
1821 , 48.86
1822 , 48.86
1823 , 48.73
1824 , 49.7
1825 , 48.79
1826 , 48.72
1827 , 48.73
1828 , 49.14
1829 , 48.78
1830 , 48.73
1831 , 48.56
1832 , 48.73
1833 , 48.63
1834 , 48.68
1835 , 48.81
1836 , 48.81
1837 , 48.77
1838 , 48.77
1839 , 48.72
1840 , 48.73
1841 , 48.91
1842 , 49.17
1843 , 49.42
1844 , 48.75
1845 , 48.69
1846 , 48.68
1847 , 52.6
1848 , 52.04
1849 , 49.25
1850 , 49.0
1851 , 87.13
1852 , 86.01
1853 , 85.46
1854 , 85.68
1855 , 85.53
1856 , 85.71
1857 , 85.47
1858 , 85.46
1859 , 85.45
1860 , 85.31
1861 , 85.77
1862 , 85.47
1863 , 85.54
1864 , 85.62
1865 , 85.59
1866 , 85.78
1867 , 85.24
1868 , 85.33
1869 , 85.45
1870 , 85.44
1871 , 85.62
1872 , 85.68
1873 , 85.45
1874 , 85.63
1875 , 85.53
1876 , 85.63
1877 , 85.69
1878 , 85.41
1879 , 85.24
1880 , 27.85
1881 , 23.67
1882 , 23.81
1883 , 23.72
1884 , 23.8
1885 , 23.79
1886 , 24.13
1887 , 23.81
1888 , 23.72
1889 , 23.83
1890 , 23.67
1891 , 23.77
1892 , 27.11
1893 , 26.0
1894 , 23.91
1895 , 24.04
1896 , 23.8
1897 , 24.28
1898 , 24.36
1899 , 23.81
1900 , 23.78
1901 , 23.69
1902 , 23.68
1903 , 23.74
1904 , 23.69
1905 , 23.67
1906 , 24.04
1907 , 23.75
1908 , 23.71
1909 , 24.22
1910 , 24.36
1911 , 23.76
1912 , 23.79
1913 , 23.69
1914 , 24.05
1915 , 24.1
1916 , 23.72
1917 , 23.69
1918 , 23.71
1919 , 23.74
1920 , 23.72
1921 , 23.71
1922 , 23.71
1923 , 23.66
1924 , 23.69
1925 , 23.76
1926 , 23.76
1927 , 23.74
1928 , 23.77
1929 , 23.91
1930 , 23.72
1931 , 23.79
1932 , 23.71
1933 , 23.7
1934 , 23.7
1935 , 23.77
1936 , 24.08
1937 , 24.1
1938 , 23.8
1939 , 23.79
1940 , 23.72
1941 , 23.7
1942 , 23.7
1943 , 23.83
1944 , 23.83
1945 , 23.75
1946 , 23.76
1947 , 23.73
1948 , 23.75
1949 , 23.8
1950 , 86.93
1951 , 88.49
1952 , 88.85
1953 , 88.06
1954 , 85.65
1955 , 85.58
1956 , 88.46
1957 , 86.13
1958 , 85.38
1959 , 85.41
1960 , 85.24
1961 , 85.52
1962 , 85.44
1963 , 85.33
1964 , 85.5
1965 , 85.44
1966 , 85.24
1967 , 85.47
1968 , 85.31
1969 , 85.63
1970 , 85.84
1971 , 86.08
1972 , 85.52
1973 , 85.45
1974 , 84.99
1975 , 85.83
1976 , 86.58
1977 , 87.01
1978 , 85.94
1979 , 85.71
1980 , 85.7
1981 , 85.7
1982 , 85.44
1983 , 85.32
1984 , 85.23
1985 , 85.46
1986 , 85.53
1987 , 85.34
1988 , 85.52
1989 , 85.33
1990 , 85.22
1991 , 85.82
1992 , 85.4
1993 , 85.77
1994 , 85.51
1995 , 85.3
1996 , 85.41
1997 , 85.22
1998 , 85.08
1999 , 85.47
2000 , 85.75
2001 , 85.35
2002 , 85.5
2003 , 85.53
2004 , 62.29
2005 , 59.71
2006 , 59.85
2007 , 60.0
2008 , 59.54
2009 , 59.71
2010 , 59.57
2011 , 59.7
2012 , 59.59
2013 , 59.52
2014 , 59.41
2015 , 59.53
2016 , 59.8
2017 , 59.5
2018 , 63.24
2019 , 61.91
2020 , 59.94
2021 , 59.8
2022 , 59.45
2023 , 87.22
2024 , 85.48
2025 , 85.49
2026 , 85.49
2027 , 85.58
2028 , 86.46
2029 , 85.72
2030 , 85.49
2031 , 85.46
2032 , 85.27
2033 , 85.61
2034 , 85.56
2035 , 85.27
2036 , 85.61
2037 , 62.2
2038 , 59.75
2039 , 59.56
2040 , 59.43
2041 , 59.5
2042 , 59.58
2043 , 59.44
2044 , 59.37
2045 , 59.37
2046 , 59.61
2047 , 59.46
2048 , 59.36
2049 , 59.52
2050 , 59.42
2051 , 59.33
2052 , 86.53
2053 , 85.86
2054 , 85.71
2055 , 85.47
2056 , 86.25
2057 , 88.73
2058 , 88.67
2059 , 88.68
2060 , 87.14
2061 , 85.5
2062 , 85.34
2063 , 85.58
2064 , 85.6
2065 , 85.5
2066 , 85.25
2067 , 85.51
2068 , 85.68
2069 , 85.3
2070 , 85.51
2071 , 85.47
2072 , 85.58
2073 , 85.55
2074 , 85.49
2075 , 85.61
2076 , 85.65
2077 , 85.25
2078 , 85.39
2079 , 85.42
2080 , 85.84
2081 , 88.45
2082 , 86.32
2083 , 87.28
2084 , 88.62
2085 , 88.47
2086 , 89.67
2087 , 86.73
2088 , 85.35
2089 , 85.23
2090 , 85.08
2091 , 85.31
2092 , 85.41
2093 , 85.2
2094 , 85.32
2095 , 85.17
2096 , 85.52
2097 , 85.3
2098 , 85.3
2099 , 85.26
2100 , 85.42
2101 , 51.96
2102 , 48.91
2103 , 48.58
2104 , 48.57
2105 , 48.64
2106 , 48.67
2107 , 48.51
2108 , 48.6
2109 , 48.66
2110 , 48.56
2111 , 48.51
2112 , 48.46
2113 , 48.44
2114 , 48.35
2115 , 48.41
2116 , 48.31
2117 , 48.43
2118 , 48.47
2119 , 46.0
2120 , 42.03
2121 , 38.49
2122 , 35.62
2123 , 34.05
2124 , 31.68
2125 , 29.78
2126 , 29.7
2127 , 29.61
2128 , 29.5
2129 , 29.46
2130 , 29.39
2131 , 29.42
2132 , 31.62
2133 , 33.16
2134 , 30.85
2135 , 29.79
2136 , 29.51
2137 , 30.73
2138 , 29.81
2139 , 29.43
2140 , 29.44
2141 , 29.41
2142 , 29.39
2143 , 86.84
2144 , 85.39
2145 , 85.34
2146 , 85.32
2147 , 85.76
2148 , 85.26
2149 , 85.56
2150 , 85.41
2151 , 85.6
2152 , 85.26
2153 , 85.83
2154 , 85.05
2155 , 85.67
2156 , 85.49
2157 , 85.52
2158 , 85.56
2159 , 86.28
2160 , 86.96
2161 , 88.09
2162 , 29.72
2163 , 25.35
2164 , 25.35
2165 , 25.64
2166 , 25.3
2167 , 25.18
2168 , 25.05
2169 , 25.47
2170 , 25.01
2171 , 25.15
2172 , 25.32
2173 , 25.06
2174 , 25.05
2175 , 24.99
2176 , 25.07
2177 , 25.01
2178 , 25.09
2179 , 25.14
2180 , 25.06
2181 , 25.5
2182 , 25.21
2183 , 25.16
2184 , 25.25
2185 , 25.6
2186 , 25.22
2187 , 25.1
2188 , 25.16
2189 , 25.11
2190 , 25.07
2191 , 25.12
2192 , 25.06
2193 , 25.06
2194 , 86.75
2195 , 85.59
2196 , 85.5
2197 , 85.56
2198 , 85.36
2199 , 85.64
2200 , 85.54
2201 , 85.47
2202 , 85.44
2203 , 85.35
2204 , 85.37
2205 , 85.52
2206 , 86.0
2207 , 85.52
2208 , 85.6
2209 , 85.15
2210 , 85.37
2211 , 85.55
2212 , 85.37
2213 , 85.52
2214 , 85.19
2215 , 85.15
2216 , 85.14
2217 , 85.58
2218 , 85.22
2219 , 85.44
2220 , 85.45
2221 , 85.74
2222 , 85.29
2223 , 85.62
2224 , 85.32
2225 , 85.36
2226 , 85.35
2227 , 85.41
2228 , 85.38
2229 , 85.68
2230 , 85.42
2231 , 85.57
2232 , 85.6
2233 , 85.5
2234 , 85.7
2235 , 85.42
2236 , 85.42
2237 , 85.32
2238 , 85.5
2239 , 85.6
2240 , 85.65
2241 , 88.28
2242 , 86.29
2243 , 86.02
2244 , 85.45
2245 , 85.53
2246 , 85.63
2247 , 85.67
2248 , 85.65
2249 , 85.68
2250 , 85.69
2251 , 85.93
2252 , 85.53
2253 , 85.51
2254 , 85.24
2255 , 85.42
2256 , 85.32
2257 , 85.12
2258 , 85.23
2259 , 85.37
2260 , 85.4
2261 , 85.36
2262 , 85.22
2263 , 85.47
2264 , 85.64
2265 , 85.39
2266 , 85.32
2267 , 85.67
2268 , 85.63
2269 , 85.79
2270 , 85.62
2271 , 85.57
2272 , 85.49
2273 , 85.33
2274 , 85.63
2275 , 85.7
2276 , 85.34
2277 , 86.36
2278 , 85.65
2279 , 85.49
2280 , 85.66
2281 , 85.35
2282 , 85.29
2283 , 85.43
2284 , 85.29
2285 , 85.36
2286 , 85.33
2287 , 85.27
2288 , 85.21
2289 , 85.23
2290 , 85.61
2291 , 85.22
2292 , 85.4
2293 , 85.12
2294 , 85.42
2295 , 85.1
2296 , 85.42
2297 , 85.83
2298 , 85.76
2299 , 88.24
2300 , 85.76
2301 , 85.59
2302 , 85.56
2303 , 85.56
2304 , 85.62
2305 , 85.43
2306 , 85.47
2307 , 85.35
2308 , 85.35
2309 , 85.38
2310 , 85.05
2311 , 85.28
2312 , 85.62
2313 , 85.35
2314 , 85.34
2315 , 85.1
2316 , 85.25
2317 , 85.3
2318 , 85.74
2319 , 85.23
2320 , 85.7
2321 , 85.21
2322 , 85.29
2323 , 85.26
2324 , 85.4
2325 , 85.52
2326 , 87.42
2327 , 85.89
2328 , 85.1
2329 , 85.65
2330 , 85.19
2331 , 62.09
2332 , 59.69
2333 , 59.8
2334 , 59.64
2335 , 62.71
2336 , 62.41
2337 , 60.74
2338 , 61.05
2339 , 60.09
2340 , 59.61
2341 , 60.01
2342 , 59.75
2343 , 59.72
2344 , 59.75
2345 , 60.2
2346 , 60.07
2347 , 59.72
2348 , 59.37
2349 , 59.58
2350 , 59.5
2351 , 59.55
2352 , 59.69
2353 , 59.67
2354 , 59.85
2355 , 59.41
2356 , 59.33
2357 , 59.48
2358 , 59.32
2359 , 59.46
2360 , 59.28
2361 , 59.6
2362 , 59.43
2363 , 59.53
2364 , 59.93
2365 , 59.35
2366 , 60.12
2367 , 89.67
2368 , 86.62
2369 , 85.57
2370 , 85.5
2371 , 85.23
2372 , 85.58
2373 , 85.19
2374 , 85.5
2375 , 85.86
2376 , 85.79
2377 , 86.24
2378 , 85.62
2379 , 85.45
2380 , 85.47
2381 , 85.99
2382 , 85.97
2383 , 85.29
2384 , 85.63
2385 , 85.63
2386 , 85.42
2387 , 85.51
2388 , 85.72
2389 , 51.91
2390 , 48.88
2391 , 48.72
2392 , 48.9
2393 , 48.63
2394 , 49.0
2395 , 49.04
2396 , 48.56
2397 , 48.47
2398 , 48.62
2399 , 48.39
2400 , 48.58
2401 , 48.77
2402 , 48.57
2403 , 48.55
2404 , 48.67
2405 , 48.5
2406 , 48.51
2407 , 48.34
2408 , 48.49
2409 , 48.56
2410 , 48.88
2411 , 48.48
2412 , 48.47
2413 , 54.04
2414 , 51.44
2415 , 49.36
2416 , 50.5
2417 , 48.73
2418 , 48.78
2419 , 48.6
2420 , 48.87
2421 , 49.17
2422 , 48.58
2423 , 48.83
2424 , 48.8
2425 , 86.48
2426 , 85.56
2427 , 85.79
2428 , 86.32
2429 , 85.66
2430 , 85.55
2431 , 85.36
2432 , 85.37
2433 , 85.52
2434 , 85.41
2435 , 85.64
2436 , 85.43
2437 , 85.25
2438 , 85.27
2439 , 62.62
2440 , 60.67
2441 , 63.42
2442 , 61.56
2443 , 59.74
2444 , 60.68
2445 , 59.51
2446 , 60.4
2447 , 59.63
2448 , 60.42
2449 , 59.44
2450 , 60.47
2451 , 59.97
2452 , 60.66
2453 , 59.52
2454 , 60.49
2455 , 59.43
2456 , 60.5
2457 , 59.49
2458 , 60.43
2459 , 59.73
2460 , 60.44
2461 , 59.39
2462 , 60.4
2463 , 59.45
2464 , 60.53
2465 , 59.45
2466 , 60.41
2467 , 59.59
2468 , 37.78
2469 , 25.49
2470 , 25.07
2471 , 25.07
2472 , 25.04
2473 , 25.02
2474 , 25.0
2475 , 25.04
2476 , 25.37
2477 , 25.01
2478 , 25.04
2479 , 25.01
2480 , 24.97
2481 , 25.02
2482 , 24.95
2483 , 24.99
2484 , 24.99
2485 , 25.05
2486 , 25.1
2487 , 25.24
2488 , 25.01
2489 , 25.01
2490 , 24.99
2491 , 24.96
2492 , 24.94
2493 , 25.1
2494 , 25.1
2495 , 25.02
2496 , 25.0
2497 , 25.15
2498 , 25.16
2499 , 25.04
2500 , 25.02
2501 , 25.07
2502 , 25.02
2503 , 25.02
2504 , 25.0
2505 , 24.0
2506 , 23.86
2507 , 23.83
2508 , 23.68
2509 , 23.69
2510 , 23.72
2511 , 23.67
2512 , 23.72
2513 , 23.63
2514 , 23.61
2515 , 23.68
2516 , 23.67
2517 , 23.7
2518 , 23.77
2519 , 23.63
2520 , 23.59
2521 , 23.68
2522 , 23.69
2523 , 23.64
2524 , 23.68
2525 , 24.76
2526 , 27.72
2527 , 26.93
2528 , 24.07
2529 , 24.08
2530 , 23.77
2531 , 24.71
2532 , 24.83
2533 , 23.73
2534 , 23.79
2535 , 23.71
2536 , 23.69
2537 , 23.64
2538 , 23.69
2539 , 23.67
2540 , 23.82
2541 , 24.19
2542 , 23.79
2543 , 23.72
2544 , 23.63
2545 , 23.63
2546 , 23.64
2547 , 23.62
2548 , 49.39
2549 , 49.08
2550 , 48.61
2551 , 48.68
2552 , 48.55
2553 , 48.62
2554 , 49.15
2555 , 46.32
2556 , 42.73
2557 , 39.14
2558 , 36.1
2559 , 33.88
2560 , 87.72
2561 , 85.95
2562 , 85.38
2563 , 85.43
2564 , 85.29
2565 , 85.38
2566 , 85.48
2567 , 85.27
2568 , 85.36
2569 , 88.1
2570 , 86.13
2571 , 85.49
2572 , 85.35
2573 , 85.55
2574 , 85.45
2575 , 85.45
2576 , 85.56
2577 , 85.53
2578 , 85.38
2579 , 85.22
2580 , 85.53
2581 , 85.19
2582 , 85.41
2583 , 87.28
2584 , 85.61
2585 , 85.42
2586 , 85.33
2587 , 52.42
2588 , 49.1
2589 , 48.85
2590 , 48.67
2591 , 48.48
2592 , 48.41
2593 , 48.43
2594 , 48.47
2595 , 48.44
2596 , 48.64
2597 , 48.48
2598 , 48.57
2599 , 49.03
2600 , 48.39
2601 , 49.05
2602 , 48.32
2603 , 48.3
2604 , 48.36
2605 , 48.3
2606 , 48.5
2607 , 48.55
2608 , 48.42
2609 , 48.56
2610 , 48.59
2611 , 48.43
2612 , 48.38
2613 , 48.5
2614 , 48.83
2615 , 48.55
2616 , 48.54
2617 , 48.46
2618 , 49.21
2619 , 54.1
2620 , 50.22
2621 , 49.71
2622 , 50.4
2623 , 48.65
2624 , 45.37
2625 , 39.64
2626 , 36.16
2627 , 32.53
2628 , 30.82
2629 , 28.42
2630 , 25.82
2631 , 24.05
2632 , 22.18
2633 , 21.0
2634 , 20.92
2635 , 20.91
2636 , 26.14
2637 , 26.06
2638 , 25.75
2639 , 25.6
2640 , 25.61
2641 , 25.5
2642 , 25.47
2643 , 25.4
2644 , 25.44
2645 , 25.33
2646 , 25.36
2647 , 25.33
2648 , 25.71
2649 , 25.24
2650 , 25.33
2651 , 25.44
2652 , 25.45
2653 , 25.48
2654 , 25.39
2655 , 25.68
2656 , 25.93
2657 , 25.73
2658 , 25.34
2659 , 25.31
2660 , 25.37
2661 , 25.32
2662 , 25.3
2663 , 25.31
2664 , 25.28
2665 , 25.29
2666 , 25.31
2667 , 25.22
2668 , 25.3
2669 , 25.35
2670 , 25.34
2671 , 25.34
2672 , 25.35
2673 , 25.46
2674 , 25.31
2675 , 25.3
2676 , 25.29
2677 , 25.27
2678 , 86.71
2679 , 85.51
2680 , 88.15
2681 , 86.27
2682 , 85.55
2683 , 85.61
2684 , 85.33
2685 , 85.47
2686 , 86.01
2687 , 87.91
2688 , 88.99
2689 , 88.69
2690 , 88.89
2691 , 88.21
2692 , 85.88
2693 , 85.67
2694 , 85.99
2695 , 85.61
2696 , 85.6
2697 , 85.31
2698 , 85.43
2699 , 85.39
2700 , 85.36
2701 , 85.5
2702 , 85.39
2703 , 85.66
2704 , 85.59
2705 , 85.81
2706 , 85.73
2707 , 85.59
2708 , 85.6
2709 , 86.02
2710 , 85.54
2711 , 85.45
2712 , 85.96
2713 , 86.4
2714 , 85.75
2715 , 85.37
2716 , 86.27
2717 , 85.42
2718 , 85.28
2719 , 85.64
2720 , 85.72
2721 , 85.45
2722 , 85.46
2723 , 85.69
2724 , 86.32
2725 , 85.4
2726 , 85.6
2727 , 85.94
2728 , 85.47
2729 , 85.47
2730 , 85.54
2731 , 85.44
2732 , 85.63
2733 , 85.61
2734 , 85.73
2735 , 62.43
2736 , 59.94
2737 , 59.94
2738 , 59.47
2739 , 63.53
2740 , 60.11
2741 , 59.96
2742 , 59.58
2743 , 59.41
2744 , 59.37
2745 , 59.43
2746 , 87.01
2747 , 85.48
2748 , 85.76
2749 , 86.18
2750 , 85.68
2751 , 85.39
2752 , 85.42
2753 , 85.78
2754 , 86.31
2755 , 85.66
2756 , 85.48
2757 , 85.37
2758 , 85.51
2759 , 85.86
2760 , 85.24
2761 , 85.55
2762 , 85.45
2763 , 85.58
2764 , 85.9
2765 , 85.53
2766 , 85.48
2767 , 85.38
2768 , 86.34
2769 , 85.21
2770 , 85.43
2771 , 85.32
2772 , 85.63
2773 , 85.22
2774 , 85.47
2775 , 85.42
2776 , 85.09
2777 , 85.9
2778 , 85.72
2779 , 85.5
2780 , 85.52
2781 , 85.85
2782 , 85.25
2783 , 85.39
2784 , 85.55
2785 , 84.78
2786 , 85.44
2787 , 86.56
2788 , 85.46
2789 , 85.83
2790 , 85.38
2791 , 85.48
2792 , 85.47
2793 , 85.13
2794 , 85.55
2795 , 85.52
2796 , 85.41
2797 , 85.42
2798 , 87.99
2799 , 86.14
2800 , 85.52
2801 , 85.24
2802 , 85.31
2803 , 85.69
2804 , 85.75
2805 , 85.36
2806 , 85.54
2807 , 85.5
2808 , 85.61
2809 , 86.24
2810 , 85.56
2811 , 85.95
2812 , 85.47
2813 , 85.55
2814 , 85.42
2815 , 85.53
2816 , 85.49
2817 , 62.05
2818 , 59.89
2819 , 60.23
2820 , 59.36
2821 , 59.34
2822 , 59.35
2823 , 59.35
2824 , 59.34
2825 , 59.52
2826 , 59.48
2827 , 24.9
2828 , 24.02
2829 , 23.92
2830 , 23.89
2831 , 23.85
2832 , 23.73
2833 , 23.8
2834 , 23.71
2835 , 23.71
2836 , 23.71
2837 , 23.71
2838 , 23.73
2839 , 23.66
2840 , 23.64
2841 , 23.68
2842 , 23.67
2843 , 23.68
2844 , 23.73
2845 , 23.71
2846 , 23.67
2847 , 23.67
2848 , 23.72
2849 , 23.62
2850 , 23.7
2851 , 23.67
2852 , 23.65
2853 , 23.66
2854 , 23.69
2855 , 23.7
2856 , 23.69
2857 , 23.67
2858 , 23.64
2859 , 23.66
2860 , 23.61
2861 , 23.64
2862 , 23.65
2863 , 89.66
2864 , 88.83
2865 , 88.91
2866 , 85.51
2867 , 85.32
2868 , 85.68
2869 , 85.65
2870 , 85.62
2871 , 85.47
2872 , 85.65
2873 , 85.83
2874 , 62.18
2875 , 60.2
2876 , 59.79
2877 , 59.81
2878 , 59.77
2879 , 59.9
2880 , 59.7
2881 , 59.7
2882 , 59.67
2883 , 59.76
2884 , 59.75
2885 , 59.6
2886 , 59.64
2887 , 59.68
2888 , 59.78
2889 , 62.28
2890 , 61.29
2891 , 59.84
2892 , 59.81
2893 , 59.69
2894 , 59.9
2895 , 59.81
2896 , 59.92
2897 , 59.84
2898 , 60.0
2899 , 59.6
2900 , 59.65
2901 , 59.62
2902 , 59.68
2903 , 59.69
2904 , 59.66
2905 , 59.63
2906 , 59.86
2907 , 59.6
2908 , 59.8
2909 , 59.95
2910 , 59.8
2911 , 59.69
2912 , 25.09
2913 , 24.23
2914 , 24.08
2915 , 24.13
2916 , 24.02
2917 , 24.07
2918 , 24.06
2919 , 24.0
2920 , 23.94
2921 , 23.97
2922 , 23.92
2923 , 24.0
2924 , 23.98
2925 , 24.05
2926 , 24.01
2927 , 24.03
2928 , 23.96
2929 , 24.01
2930 , 23.94
2931 , 23.97
2932 , 23.95
2933 , 24.02
2934 , 23.94
2935 , 24.06
2936 , 23.97
2937 , 24.02
2938 , 23.91
2939 , 23.99
2940 , 23.94
2941 , 23.97
2942 , 23.97
2943 , 24.04
2944 , 23.98
2945 , 24.14
2946 , 23.94
2947 , 23.98
2948 , 23.96
2949 , 23.98
2950 , 23.93
2951 , 24.0
2952 , 23.97
2953 , 24.0
2954 , 23.88
2955 , 24.0
2956 , 23.94
2957 , 0.92
2958 , 0.69
2959 , 0.68
2960 , 0.68
2961 , 0.68
2962 , 0.68
2963 , 0.68
2964 , 0.69
2965 , 0.68
2966 , 0.68
2967 , 0.68
2968 , 0.68
2969 , 0.68
2970 , 0.68
2971 , 0.68
2972 , 87.02
2973 , 85.3
2974 , 85.52
2975 , 86.08
2976 , 85.53
2977 , 85.51
2978 , 85.3
2979 , 85.42
2980 , 85.89
2981 , 85.62
2982 , 85.65
2983 , 85.63
2984 , 85.18
2985 , 85.43
2986 , 85.81
2987 , 85.67
2988 , 85.33
2989 , 85.33
2990 , 85.45
2991 , 85.41
2992 , 85.47
2993 , 85.59
2994 , 85.32
2995 , 85.63
2996 , 85.51
2997 , 86.01
2998 , 86.04
2999 , 85.53
3000 , 85.51
