1 , 30.4
2 , 27.04
3 , 26.64
4 , 26.5
5 , 26.55
6 , 26.46
7 , 26.42
8 , 26.42
9 , 26.43
10 , 26.49
11 , 26.39
12 , 26.36
13 , 26.34
14 , 26.28
15 , 26.35
16 , 26.32
17 , 26.32
18 , 26.36
19 , 26.36
20 , 26.33
21 , 26.38
22 , 26.33
23 , 26.34
24 , 26.31
25 , 26.36
26 , 26.35
27 , 26.33
28 , 26.55
29 , 26.47
30 , 26.37
31 , 26.38
32 , 26.35
33 , 26.36
34 , 26.32
35 , 26.34
36 , 26.27
37 , 26.31
38 , 26.3
39 , 26.27
40 , 26.28
41 , 26.3
42 , 26.25
43 , 26.22
44 , 26.29
45 , 26.28
46 , 26.32
47 , 26.37
48 , 26.32
49 , 26.57
50 , 26.34
51 , 26.38
52 , 26.25
53 , 26.34
54 , 26.25
55 , 26.3
56 , 26.34
57 , 26.31
58 , 26.33
59 , 26.36
60 , 26.32
61 , 26.24
62 , 26.28
63 , 26.33
64 , 26.31
65 , 26.3
66 , 26.35
67 , 26.35
68 , 26.27
69 , 26.25
70 , 26.32
71 , 26.27
72 , 26.29
73 , 26.25
74 , 26.27
75 , 26.32
76 , 26.27
77 , 25.98
78 , 25.25
79 , 1.02
80 , 23.63
81 , 22.38
82 , 21.16
83 , 20.25
84 , 20.26
85 , 20.22
86 , 20.23
87 , 20.22
88 , 20.31
89 , 20.26
90 , 20.25
91 , 20.37
92 , 20.24
93 , 20.23
94 , 20.22
95 , 20.23
96 , 20.25
97 , 20.25
98 , 20.24
99 , 20.21
100 , 39.67
101 , 39.48
102 , 32.61
103 , 32.7
104 , 32.54
105 , 33.44
106 , 32.63
107 , 32.72
108 , 32.6
109 , 32.89
110 , 32.58
111 , 32.65
112 , 32.54
113 , 32.59
114 , 32.63
115 , 32.62
116 , 32.58
117 , 32.67
118 , 32.57
119 , 32.66
120 , 32.6
121 , 32.72
122 , 32.56
123 , 32.96
124 , 32.61
125 , 32.68
126 , 32.62
127 , 32.71
128 , 32.6
129 , 32.68
130 , 32.64
131 , 32.68
132 , 32.6
133 , 32.59
134 , 32.61
135 , 32.55
136 , 32.64
137 , 32.69
138 , 32.57
139 , 32.59
140 , 32.6
141 , 32.65
142 , 32.62
143 , 32.72
144 , 32.55
145 , 32.68
146 , 32.61
147 , 32.68
148 , 32.52
149 , 32.57
150 , 32.43
151 , 31.59
152 , 30.39
153 , 30.36
154 , 30.32
155 , 30.34
156 , 30.31
157 , 30.35
158 , 30.34
159 , 30.33
160 , 30.29
161 , 30.34
162 , 30.34
163 , 30.4
164 , 30.36
165 , 30.35
166 , 30.36
167 , 30.34
168 , 30.35
169 , 30.38
170 , 30.29
171 , 30.33
172 , 30.3
173 , 30.37
174 , 30.36
175 , 30.38
176 , 30.35
177 , 30.43
178 , 30.33
179 , 30.35
180 , 30.35
181 , 30.37
182 , 30.33
183 , 30.59
184 , 30.32
185 , 30.34
186 , 30.35
187 , 30.36
188 , 30.34
189 , 30.38
190 , 30.34
191 , 30.37
192 , 30.35
193 , 30.34
194 , 30.31
195 , 30.38
196 , 30.34
197 , 32.69
198 , 32.64
199 , 32.78
200 , 32.6
201 , 32.7
202 , 32.6
203 , 32.65
204 , 32.6
205 , 32.68
206 , 32.65
207 , 32.65
208 , 32.6
209 , 32.7
210 , 32.62
211 , 32.69
212 , 32.64
213 , 32.98
214 , 32.55
215 , 32.64
216 , 32.6
217 , 32.74
218 , 31.58
219 , 30.4
220 , 30.36
221 , 30.4
222 , 30.36
223 , 30.38
224 , 30.39
225 , 30.38
226 , 30.39
227 , 30.4
228 , 30.36
229 , 30.4
230 , 30.37
231 , 30.41
232 , 30.36
233 , 30.4
234 , 30.37
235 , 30.39
236 , 30.38
237 , 32.73
238 , 32.7
239 , 32.79
240 , 32.71
241 , 32.73
242 , 32.7
243 , 32.77
244 , 32.93
245 , 32.74
246 , 32.67
247 , 32.74
248 , 32.68
249 , 32.71
250 , 32.71
251 , 32.73
252 , 32.66
253 , 32.78
254 , 32.69
255 , 32.8
256 , 32.96
257 , 32.84
258 , 32.7
259 , 32.77
260 , 32.77
261 , 32.69
262 , 32.68
263 , 32.73
264 , 32.68
265 , 32.72
266 , 32.69
267 , 20.64
268 , 20.7
269 , 20.73
270 , 20.73
271 , 20.72
272 , 20.76
273 , 20.75
274 , 20.79
275 , 20.76
276 , 20.77
277 , 20.74
278 , 20.82
279 , 20.74
280 , 20.71
281 , 20.73
282 , 20.72
283 , 20.75
284 , 20.83
285 , 20.2
286 , 19.26
287 , 18.33
288 , 17.68
289 , 17.69
290 , 17.68
291 , 17.68
292 , 17.71
293 , 17.77
294 , 17.69
295 , 17.69
296 , 17.66
297 , 17.6
298 , 17.59
299 , 17.59
300 , 17.57
301 , 17.59
302 , 17.56
303 , 17.58
304 , 17.57
305 , 17.61
306 , 17.6
307 , 17.58
308 , 17.58
309 , 17.6
310 , 17.63
311 , 17.59
312 , 17.57
313 , 17.63
314 , 17.58
315 , 17.6
316 , 17.55
317 , 17.6
318 , 17.59
319 , 17.58
320 , 17.61
321 , 17.61
322 , 17.61
323 , 17.58
324 , 17.56
325 , 17.64
326 , 17.63
327 , 17.63
328 , 17.61
329 , 17.57
330 , 17.64
331 , 17.58
332 , 17.57
333 , 17.57
334 , 17.59
335 , 17.56
336 , 17.56
337 , 17.61
338 , 17.61
339 , 17.6
340 , 17.56
341 , 17.62
342 , 17.6
343 , 17.61
344 , 17.56
345 , 17.62
346 , 17.61
347 , 17.61
348 , 17.57
349 , 17.58
350 , 17.61
351 , 17.62
352 , 17.62
353 , 17.64
354 , 17.57
355 , 17.6
356 , 17.62
357 , 17.59
358 , 17.63
359 , 17.59
360 , 17.6
361 , 30.51
362 , 30.48
363 , 30.56
364 , 30.44
365 , 30.45
366 , 30.43
367 , 30.48
368 , 30.45
369 , 30.43
370 , 30.42
371 , 30.44
372 , 30.5
373 , 30.49
374 , 30.45
375 , 30.44
376 , 30.48
377 , 30.51
378 , 30.46
379 , 30.5
380 , 30.44
381 , 30.47
382 , 30.48
383 , 30.48
384 , 30.46
385 , 30.64
386 , 30.69
387 , 30.81
388 , 30.76
389 , 30.84
390 , 30.73
391 , 30.73
392 , 30.07
393 , 28.5
394 , 27.1
395 , 27.13
396 , 27.09
397 , 27.12
398 , 27.1
399 , 27.12
400 , 27.09
401 , 27.11
402 , 27.08
403 , 27.13
404 , 27.37
405 , 27.13
406 , 27.05
407 , 27.17
408 , 27.11
409 , 27.14
410 , 27.06
411 , 27.15
412 , 27.09
413 , 27.14
414 , 27.11
415 , 27.1
416 , 27.04
417 , 27.11
418 , 27.18
419 , 27.18
420 , 27.04
421 , 27.17
422 , 27.09
423 , 27.15
424 , 27.1
425 , 27.15
426 , 27.06
427 , 27.11
428 , 27.13
429 , 27.18
430 , 27.1
431 , 27.14
432 , 27.04
433 , 27.14
434 , 27.08
435 , 27.15
436 , 27.09
437 , 27.08
438 , 27.09
439 , 27.16
440 , 27.12
441 , 27.12
442 , 27.18
443 , 27.12
444 , 27.1
445 , 27.15
446 , 27.13
447 , 27.19
448 , 27.1
449 , 27.2
450 , 27.08
451 , 27.09
452 , 27.08
453 , 27.8
454 , 27.34
455 , 27.2
456 , 27.24
457 , 27.18
458 , 27.32
459 , 27.19
460 , 27.17
461 , 27.13
462 , 27.08
463 , 27.28
464 , 29.68
465 , 29.06
466 , 27.42
467 , 27.44
468 , 27.44
469 , 27.46
470 , 21.03
471 , 21.07
472 , 21.0
473 , 20.96
474 , 20.96
475 , 21.18
476 , 21.01
477 , 20.96
478 , 20.94
479 , 20.96
480 , 20.92
481 , 20.95
482 , 20.94
483 , 20.92
484 , 20.95
485 , 20.94
486 , 20.92
487 , 20.96
488 , 20.91
489 , 21.01
490 , 20.93
491 , 20.92
492 , 20.98
493 , 20.94
494 , 20.96
495 , 20.96
496 , 20.96
497 , 20.98
498 , 20.89
499 , 20.94
500 , 20.92
501 , 20.94
502 , 20.94
503 , 24.19
504 , 24.11
505 , 24.13
506 , 24.11
507 , 24.14
508 , 24.11
509 , 24.15
510 , 24.07
511 , 24.14
512 , 24.09
513 , 24.12
514 , 24.11
515 , 24.09
516 , 24.1
517 , 24.15
518 , 24.13
519 , 24.11
520 , 24.1
521 , 24.11
522 , 24.15
523 , 24.12
524 , 24.08
525 , 24.1
526 , 24.11
527 , 24.12
528 , 24.08
529 , 24.11
530 , 24.1
531 , 24.14
532 , 24.15
533 , 24.14
534 , 24.08
535 , 24.12
536 , 24.15
537 , 24.13
538 , 24.09
539 , 24.11
540 , 24.11
541 , 24.1
542 , 24.1
543 , 24.13
544 , 24.14
545 , 24.16
546 , 24.11
547 , 24.14
548 , 24.1
549 , 24.13
550 , 24.13
551 , 24.11
552 , 24.1
553 , 24.11
554 , 24.25
555 , 24.32
556 , 24.54
557 , 24.33
558 , 24.32
559 , 24.34
560 , 24.32
561 , 24.34
562 , 24.27
563 , 23.35
564 , 22.01
565 , 21.02
566 , 20.98
567 , 20.99
568 , 21.03
569 , 21.03
570 , 20.99
571 , 21.03
572 , 21.0
573 , 21.03
574 , 20.98
575 , 20.99
576 , 21.02
577 , 21.0
578 , 21.02
579 , 20.99
580 , 20.94
581 , 21.1
582 , 21.03
583 , 21.01
584 , 20.97
585 , 21.03
586 , 20.96
587 , 21.01
588 , 20.97
589 , 21.04
590 , 20.98
591 , 21.0
592 , 20.95
593 , 21.01
594 , 20.97
595 , 21.06
596 , 21.0
597 , 20.99
598 , 20.96
599 , 21.0
600 , 21.07
601 , 21.0
602 , 21.01
603 , 21.02
604 , 20.97
605 , 21.03
606 , 21.02
607 , 21.0
608 , 21.01
609 , 21.02
610 , 20.99
611 , 21.0
612 , 21.02
613 , 20.99
614 , 21.02
615 , 21.01
616 , 21.0
617 , 21.02
618 , 17.81
619 , 17.8
620 , 17.78
621 , 17.84
622 , 17.84
623 , 17.78
624 , 17.82
625 , 17.78
626 , 17.82
627 , 17.79
628 , 17.8
629 , 17.8
630 , 17.8
631 , 17.83
632 , 17.83
633 , 17.78
634 , 17.84
635 , 17.78
636 , 17.83
637 , 17.84
638 , 17.81
639 , 17.82
640 , 17.83
641 , 17.81
642 , 17.8
643 , 17.78
644 , 17.76
645 , 17.77
646 , 17.77
647 , 17.82
648 , 17.78
649 , 18.01
650 , 17.8
651 , 17.81
652 , 17.8
653 , 17.8
654 , 17.79
655 , 17.78
656 , 17.78
657 , 17.82
658 , 17.81
659 , 17.89
660 , 17.88
661 , 17.93
662 , 17.93
663 , 17.96
664 , 17.93
665 , 17.94
666 , 17.9
667 , 17.63
668 , 16.62
669 , 16.3
670 , 16.07
671 , 15.2
672 , 14.73
673 , 14.74
674 , 14.81
675 , 14.7
676 , 14.64
677 , 14.7
678 , 15.02
679 , 14.74
680 , 14.62
681 , 14.66
682 , 14.61
683 , 14.65
684 , 14.63
685 , 17.97
686 , 17.17
687 , 14.6
688 , 14.6
689 , 14.62
690 , 14.59
691 , 14.65
692 , 14.58
693 , 14.6
694 , 14.57
695 , 14.6
696 , 14.59
697 , 14.63
698 , 14.58
699 , 14.61
700 , 14.59
701 , 14.63
702 , 14.6
703 , 14.6
704 , 14.61
705 , 14.63
706 , 14.72
707 , 14.59
708 , 14.57
709 , 14.61
710 , 14.58
711 , 14.6
712 , 14.58
713 , 14.61
714 , 14.56
715 , 14.6
716 , 14.59
717 , 14.59
718 , 14.56
719 , 14.58
720 , 14.55
721 , 14.6
722 , 14.56
723 , 14.58
724 , 14.57
725 , 14.59
726 , 14.58
727 , 14.76
728 , 14.61
729 , 14.62
730 , 14.55
731 , 14.65
732 , 14.6
733 , 14.6
734 , 14.58
735 , 14.59
736 , 14.62
737 , 14.6
738 , 14.57
739 , 33.52
740 , 33.03
741 , 33.09
742 , 33.01
743 , 33.17
744 , 33.0
745 , 33.09
746 , 33.02
747 , 33.13
748 , 32.98
749 , 33.12
750 , 33.03
751 , 33.09
752 , 33.29
753 , 33.2
754 , 33.01
755 , 33.12
756 , 32.96
757 , 33.12
758 , 33.01
759 , 33.1
760 , 32.95
761 , 33.12
762 , 33.03
763 , 33.18
764 , 33.04
765 , 33.15
766 , 33.14
767 , 33.06
768 , 33.06
769 , 33.02
770 , 33.06
771 , 33.0
772 , 33.02
773 , 33.11
774 , 0.13
775 , 0.09
776 , 0.09
777 , 0.09
778 , 0.09
779 , 0.09
780 , 0.09
781 , 0.08
782 , 0.09
783 , 0.09
784 , 0.09
785 , 0.08
786 , 0.09
787 , 0.08
788 , 0.08
789 , 0.08
790 , 0.08
791 , 0.09
792 , 0.08
793 , 0.08
794 , 0.08
795 , 0.08
796 , 0.08
797 , 0.08
798 , 0.08
799 , 0.08
800 , 0.09
801 , 0.09
802 , 0.09
803 , 0.09
804 , 0.08
805 , 0.08
806 , 0.08
807 , 0.08
808 , 0.08
809 , 0.08
810 , 0.08
811 , 0.08
812 , 0.08
813 , 0.09
814 , 0.09
815 , 0.08
816 , 0.09
817 , 0.09
818 , 0.09
819 , 0.09
820 , 0.09
821 , 0.08
822 , 0.08
823 , 0.08
824 , 0.09
825 , 0.08
826 , 0.08
827 , 0.08
828 , 33.1
829 , 32.6
830 , 31.27
831 , 30.95
832 , 30.78
833 , 30.81
834 , 30.78
835 , 31.0
836 , 30.79
837 , 30.79
838 , 30.79
839 , 30.84
840 , 30.85
841 , 30.87
842 , 30.8
843 , 30.83
844 , 30.76
845 , 30.92
846 , 30.78
847 , 30.82
848 , 30.76
849 , 30.85
850 , 30.77
851 , 11.47
852 , 11.44
853 , 11.45
854 , 11.47
855 , 11.47
856 , 11.45
857 , 11.45
858 , 11.46
859 , 11.5
860 , 11.53
861 , 11.45
862 , 11.43
863 , 11.47
864 , 11.45
865 , 11.45
866 , 11.42
867 , 11.43
868 , 11.44
869 , 11.48
870 , 11.43
871 , 11.44
872 , 11.46
873 , 11.44
874 , 11.44
875 , 11.51
876 , 11.45
877 , 11.42
878 , 11.44
879 , 11.43
880 , 11.43
881 , 11.5
882 , 11.44
883 , 11.42
884 , 11.44
885 , 11.44
886 , 11.46
887 , 11.43
888 , 11.44
889 , 11.47
890 , 11.45
891 , 11.7
892 , 11.46
893 , 11.43
894 , 11.45
895 , 11.43
896 , 11.42
897 , 11.45
898 , 11.43
899 , 11.42
900 , 11.46
901 , 11.44
902 , 11.42
903 , 11.46
904 , 11.4
905 , 11.44
906 , 11.45
907 , 11.44
908 , 11.43
909 , 11.44
910 , 11.43
911 , 11.46
912 , 11.45
913 , 11.43
914 , 11.42
915 , 11.41
916 , 11.44
917 , 11.43
918 , 11.46
919 , 11.44
920 , 11.44
921 , 11.42
922 , 11.46
923 , 11.43
924 , 11.45
925 , 11.46
926 , 14.65
927 , 14.7
928 , 14.74
929 , 14.66
930 , 14.67
931 , 14.65
932 , 14.67
933 , 14.66
934 , 14.65
935 , 14.7
936 , 14.62
937 , 14.65
938 , 14.64
939 , 14.64
940 , 14.65
941 , 14.63
942 , 14.67
943 , 14.68
944 , 14.65
945 , 14.73
946 , 14.64
947 , 14.69
948 , 14.7
949 , 14.72
950 , 2.93
951 , 2.88
952 , 2.86
953 , 2.85
954 , 2.84
955 , 2.83
956 , 2.84
957 , 2.83
958 , 2.83
959 , 2.83
960 , 2.83
961 , 2.83
962 , 2.83
963 , 2.82
964 , 2.82
965 , 2.82
966 , 2.82
967 , 2.82
968 , 2.8
969 , 2.8
970 , 2.8
971 , 2.81
972 , 2.8
973 , 2.8
974 , 2.81
975 , 2.82
976 , 2.82
977 , 2.84
978 , 2.83
979 , 2.82
980 , 2.83
981 , 2.82
982 , 2.83
983 , 2.82
984 , 2.82
985 , 2.82
986 , 2.87
987 , 2.84
988 , 2.83
989 , 2.82
990 , 2.82
991 , 2.82
992 , 2.82
993 , 2.82
994 , 2.82
995 , 2.82
996 , 2.81
997 , 2.81
998 , 2.8
999 , 2.8
1000 , 2.8
1001 , 2.81
1002 , 2.8
1003 , 2.81
1004 , 2.81
1005 , 2.81
1006 , 2.82
1007 , 2.83
1008 , 2.84
1009 , 2.82
1010 , 2.82
1011 , 2.82
1012 , 2.83
1013 , 2.82
1014 , 2.82
1015 , 2.83
1016 , 2.81
1017 , 2.81
1018 , 2.8
1019 , 2.8
1020 , 2.81
1021 , 2.79
1022 , 2.8
1023 , 2.8
1024 , 2.81
1025 , 2.81
1026 , 2.8
1027 , 2.78
1028 , 2.79
1029 , 2.78
1030 , 2.79
1031 , 2.78
1032 , 2.79
1033 , 2.79
1034 , 2.81
1035 , 2.81
1036 , 2.81
1037 , 2.8
1038 , 2.81
1039 , 2.8
1040 , 2.79
1041 , 2.8
1042 , 2.79
1043 , 2.8
1044 , 2.8
1045 , 2.8
1046 , 2.83
1047 , 2.8
1048 , 2.79
1049 , 2.79
1050 , 27.2
1051 , 27.41
1052 , 27.36
1053 , 27.45
1054 , 27.3
1055 , 27.37
1056 , 27.97
1057 , 27.65
1058 , 27.47
1059 , 27.41
1060 , 27.4
1061 , 27.62
1062 , 27.44
1063 , 27.43
1064 , 30.23
1065 , 28.42
1066 , 27.32
1067 , 27.41
1068 , 27.34
1069 , 27.37
1070 , 27.31
1071 , 27.37
1072 , 27.31
1073 , 27.32
1074 , 27.3
1075 , 27.38
1076 , 27.6
1077 , 27.4
1078 , 27.32
1079 , 27.37
1080 , 27.34
1081 , 27.36
1082 , 27.34
1083 , 27.37
1084 , 27.34
1085 , 27.38
1086 , 27.34
1087 , 27.36
1088 , 27.29
1089 , 27.41
1090 , 27.33
1091 , 27.35
1092 , 27.33
1093 , 27.39
1094 , 27.36
1095 , 27.36
1096 , 27.33
1097 , 27.36
1098 , 27.31
1099 , 27.38
1100 , 27.48
1101 , 27.5
1102 , 27.34
1103 , 27.37
1104 , 27.37
1105 , 27.44
1106 , 27.36
1107 , 27.45
1108 , 27.4
1109 , 27.46
1110 , 27.31
1111 , 27.38
1112 , 27.35
1113 , 27.36
1114 , 27.51
1115 , 27.57
1116 , 27.54
1117 , 27.6
1118 , 27.51
1119 , 27.54
1120 , 27.54
1121 , 27.6
1122 , 26.59
1123 , 24.91
1124 , 24.16
1125 , 24.23
1126 , 24.2
1127 , 24.24
1128 , 24.23
1129 , 24.21
1130 , 24.21
1131 , 24.24
1132 , 24.17
1133 , 24.22
1134 , 24.2
1135 , 24.19
1136 , 24.17
1137 , 24.29
1138 , 24.2
1139 , 24.32
1140 , 24.22
1141 , 24.22
1142 , 24.2
1143 , 24.26
1144 , 24.17
1145 , 24.25
1146 , 24.2
1147 , 0.12
1148 , 0.09
1149 , 0.09
1150 , 0.09
1151 , 0.09
1152 , 0.08
1153 , 0.08
1154 , 0.08
1155 , 0.08
1156 , 0.08
1157 , 0.08
1158 , 0.08
1159 , 0.08
1160 , 0.08
1161 , 0.08
1162 , 0.08
1163 , 0.09
1164 , 0.08
1165 , 0.08
1166 , 0.08
1167 , 0.08
1168 , 0.09
1169 , 0.08
1170 , 0.08
1171 , 0.08
1172 , 0.08
1173 , 0.08
1174 , 0.08
1175 , 0.08
1176 , 0.08
1177 , 0.08
1178 , 0.08
1179 , 0.08
1180 , 0.08
1181 , 0.08
1182 , 0.08
1183 , 0.08
1184 , 0.08
1185 , 0.08
1186 , 0.08
1187 , 0.08
1188 , 0.08
1189 , 0.08
1190 , 0.08
1191 , 0.08
1192 , 0.08
1193 , 0.08
1194 , 0.08
1195 , 0.08
1196 , 0.08
1197 , 0.08
1198 , 0.08
1199 , 0.08
1200 , 0.08
1201 , 0.08
1202 , 0.08
1203 , 0.08
1204 , 0.08
1205 , 0.08
1206 , 0.08
1207 , 0.08
1208 , 0.08
1209 , 0.08
1210 , 0.08
1211 , 0.08
1212 , 0.08
1213 , 0.09
1214 , 0.08
1215 , 0.08
1216 , 0.08
1217 , 0.08
1218 , 0.08
1219 , 0.08
1220 , 0.08
1221 , 0.08
1222 , 0.08
1223 , 8.53
1224 , 8.35
1225 , 8.54
1226 , 8.36
1227 , 8.31
1228 , 8.32
1229 , 8.34
1230 , 8.31
1231 , 8.29
1232 , 8.31
1233 , 8.3
1234 , 8.3
1235 , 8.3
1236 , 8.31
1237 , 8.3
1238 , 8.3
1239 , 8.28
1240 , 8.3
1241 , 8.26
1242 , 8.29
1243 , 8.27
1244 , 8.3
1245 , 8.3
1246 , 8.28
1247 , 8.29
1248 , 8.31
1249 , 8.28
1250 , 8.29
1251 , 8.3
1252 , 8.29
1253 , 8.3
1254 , 8.31
1255 , 8.29
1256 , 8.3
1257 , 8.27
1258 , 8.28
1259 , 8.29
1260 , 8.27
1261 , 8.28
1262 , 8.28
1263 , 8.28
1264 , 8.29
1265 , 8.28
1266 , 8.28
1267 , 8.29
1268 , 8.27
1269 , 8.31
1270 , 8.28
1271 , 8.3
1272 , 8.29
1273 , 8.26
1274 , 8.29
1275 , 8.3
1276 , 8.32
1277 , 8.29
1278 , 8.29
1279 , 8.29
1280 , 8.27
1281 , 8.29
1282 , 8.3
1283 , 8.31
1284 , 8.28
1285 , 8.3
1286 , 8.28
1287 , 8.29
1288 , 8.29
1289 , 8.31
1290 , 8.37
1291 , 8.36
1292 , 8.3
1293 , 8.31
1294 , 8.28
1295 , 8.29
1296 , 8.27
1297 , 8.29
1298 , 8.29
1299 , 8.27
1300 , 8.3
1301 , 8.28
1302 , 8.28
1303 , 8.3
1304 , 8.28
1305 , 8.29
1306 , 8.27
1307 , 8.27
1308 , 8.29
1309 , 8.31
1310 , 8.28
1311 , 8.3
1312 , 8.27
1313 , 8.3
1314 , 8.3
1315 , 8.28
1316 , 8.27
1317 , 8.3
1318 , 8.29
1319 , 8.29
1320 , 8.28
1321 , 8.28
1322 , 8.29
1323 , 8.26
1324 , 8.28
1325 , 8.29
1326 , 8.28
1327 , 8.29
1328 , 8.38
1329 , 8.29
1330 , 8.31
1331 , 8.28
1332 , 8.27
1333 , 8.31
1334 , 8.27
1335 , 8.31
1336 , 8.29
1337 , 8.27
1338 , 8.3
1339 , 8.27
1340 , 8.27
1341 , 8.28
1342 , 8.26
1343 , 8.28
1344 , 8.29
1345 , 8.27
1346 , 8.28
1347 , 8.27
1348 , 8.29
1349 , 8.29
1350 , 8.26
1351 , 8.29
1352 , 8.32
1353 , 8.27
1354 , 8.29
1355 , 8.27
1356 , 8.29
1357 , 8.3
1358 , 8.29
1359 , 8.27
1360 , 8.3
1361 , 8.28
1362 , 8.27
1363 , 8.28
1364 , 8.26
1365 , 8.31
1366 , 8.29
1367 , 8.27
1368 , 8.41
1369 , 8.32
1370 , 8.34
1371 , 8.33
1372 , 8.33
1373 , 8.32
1374 , 8.32
1375 , 2.89
1376 , 2.86
1377 , 2.85
1378 , 2.84
1379 , 2.84
1380 , 2.83
1381 , 2.83
1382 , 2.82
1383 , 2.83
1384 , 2.83
1385 , 2.82
1386 , 2.83
1387 , 2.82
1388 , 2.83
1389 , 2.86
1390 , 2.82
1391 , 2.81
1392 , 2.8
1393 , 2.8
1394 , 2.8
1395 , 2.79
1396 , 2.81
1397 , 2.82
1398 , 2.83
1399 , 2.82
1400 , 2.82
1401 , 2.82
1402 , 2.84
1403 , 2.83
1404 , 2.82
1405 , 2.82
1406 , 2.82
1407 , 2.83
1408 , 2.82
1409 , 2.82
1410 , 2.81
1411 , 2.8
1412 , 2.8
1413 , 2.82
1414 , 2.79
1415 , 2.8
1416 , 2.79
1417 , 2.77
1418 , 2.78
1419 , 2.78
1420 , 2.78
1421 , 2.78
1422 , 2.78
1423 , 2.8
1424 , 2.8
1425 , 2.81
1426 , 2.81
1427 , 2.81
1428 , 2.8
1429 , 2.81
1430 , 2.8
1431 , 2.8
1432 , 2.81
1433 , 2.8
1434 , 2.81
1435 , 2.8
1436 , 2.8
1437 , 2.81
1438 , 2.8
1439 , 2.79
1440 , 2.8
1441 , 2.78
1442 , 2.78
1443 , 2.78
1444 , 2.78
1445 , 2.78
1446 , 2.78
1447 , 2.79
1448 , 2.79
1449 , 2.8
1450 , 2.8
1451 , 2.8
1452 , 2.8
1453 , 2.81
1454 , 2.8
1455 , 2.8
1456 , 2.82
1457 , 2.8
1458 , 2.79
1459 , 2.79
1460 , 2.79
1461 , 2.8
1462 , 2.79
1463 , 2.79
1464 , 2.8
1465 , 2.79
1466 , 2.79
1467 , 2.77
1468 , 2.77
1469 , 2.79
1470 , 2.78
1471 , 2.79
1472 , 2.79
1473 , 2.79
1474 , 2.81
1475 , 2.81
1476 , 2.8
1477 , 2.81
1478 , 2.81
1479 , 2.8
1480 , 2.8
1481 , 2.8
1482 , 2.79
1483 , 2.8
1484 , 2.79
1485 , 2.79
1486 , 2.8
1487 , 2.79
1488 , 2.79
1489 , 2.82
1490 , 2.8
1491 , 2.8
1492 , 2.78
1493 , 2.79
1494 , 2.78
1495 , 2.78
1496 , 2.78
1497 , 2.8
1498 , 2.8
1499 , 2.8
1500 , 2.8
1501 , 2.81
1502 , 2.81
1503 , 2.8
1504 , 2.81
1505 , 2.8
1506 , 2.81
1507 , 2.81
1508 , 2.79
1509 , 2.8
1510 , 2.8
1511 , 2.79
1512 , 2.8
1513 , 2.79
1514 , 2.79
1515 , 2.8
1516 , 2.79
1517 , 2.79
1518 , 2.78
1519 , 2.8
1520 , 2.8
1521 , 2.78
1522 , 2.79
1523 , 2.79
1524 , 2.81
1525 , 3.05
1526 , 2.81
1527 , 2.82
1528 , 2.84
1529 , 2.83
1530 , 2.82
1531 , 2.8
1532 , 2.8
1533 , 2.81
1534 , 2.8
1535 , 2.81
1536 , 2.79
1537 , 2.8
1538 , 2.8
1539 , 2.79
1540 , 2.8
1541 , 2.8
1542 , 2.79
1543 , 2.81
1544 , 2.79
1545 , 2.77
1546 , 2.78
1547 , 2.78
1548 , 2.78
1549 , 2.79
1550 , 2.79
1551 , 2.8
1552 , 2.81
1553 , 2.81
1554 , 2.81
1555 , 2.8
1556 , 2.81
1557 , 2.81
1558 , 2.81
1559 , 2.82
1560 , 2.8
1561 , 2.79
1562 , 2.8
1563 , 2.79
1564 , 2.79
1565 , 2.79
1566 , 2.79
1567 , 2.79
1568 , 20.97
1569 , 21.15
1570 , 21.08
1571 , 21.09
1572 , 21.09
1573 , 21.08
1574 , 21.05
1575 , 21.09
1576 , 21.06
1577 , 21.05
1578 , 21.24
1579 , 21.99
1580 , 21.25
1581 , 21.1
1582 , 21.2
1583 , 21.06
1584 , 21.11
1585 , 21.4
1586 , 21.11
1587 , 21.06
1588 , 21.02
1589 , 24.33
1590 , 25.66
1591 , 21.04
1592 , 21.08
1593 , 21.06
1594 , 21.02
1595 , 21.06
1596 , 21.02
1597 , 21.07
1598 , 21.04
1599 , 21.08
1600 , 21.02
1601 , 21.1
1602 , 21.02
1603 , 21.04
1604 , 21.09
1605 , 21.06
1606 , 21.03
1607 , 21.03
1608 , 21.03
1609 , 21.02
1610 , 21.05
1611 , 21.08
1612 , 21.02
1613 , 21.08
1614 , 21.03
1615 , 21.08
1616 , 21.02
1617 , 21.04
1618 , 21.09
1619 , 21.16
1620 , 21.15
1621 , 21.03
1622 , 21.06
1623 , 21.05
1624 , 21.07
1625 , 21.05
1626 , 21.02
1627 , 21.09
1628 , 21.04
1629 , 24.33
1630 , 23.87
1631 , 24.08
1632 , 23.37
1633 , 21.93
1634 , 3.83
1635 , 3.5
1636 , 3.49
1637 , 3.45
1638 , 3.45
1639 , 3.47
1640 , 3.43
1641 , 3.43
1642 , 3.45
1643 , 3.44
1644 , 3.43
1645 , 3.44
1646 , 3.42
1647 , 3.39
1648 , 3.42
1649 , 3.42
1650 , 3.41
1651 , 3.44
1652 , 3.41
1653 , 3.42
1654 , 3.38
1655 , 3.42
1656 , 3.4
1657 , 3.43
1658 , 3.42
1659 , 3.42
1660 , 3.42
1661 , 3.41
1662 , 3.41
1663 , 3.41
1664 , 3.41
1665 , 3.41
1666 , 3.41
1667 , 3.38
1668 , 3.42
1669 , 3.41
1670 , 3.42
1671 , 3.41
1672 , 3.41
1673 , 3.41
1674 , 3.37
1675 , 3.41
1676 , 3.43
1677 , 3.42
1678 , 3.41
1679 , 3.4
1680 , 3.41
1681 , 3.39
1682 , 3.39
1683 , 3.39
1684 , 3.4
1685 , 3.4
1686 , 3.4
1687 , 3.4
1688 , 3.37
1689 , 3.4
1690 , 3.4
1691 , 3.41
1692 , 3.39
1693 , 3.41
1694 , 3.41
1695 , 3.37
1696 , 3.33
1697 , 3.37
1698 , 3.4
1699 , 3.4
1700 , 3.39
1701 , 3.41
1702 , 3.38
1703 , 3.41
1704 , 3.41
1705 , 3.4
1706 , 3.41
1707 , 3.41
1708 , 3.4
1709 , 3.37
1710 , 3.39
1711 , 3.4
1712 , 3.42
1713 , 3.4
1714 , 3.4
1715 , 3.4
1716 , 3.36
1717 , 3.42
1718 , 3.4
1719 , 3.4
1720 , 3.4
1721 , 3.41
1722 , 3.4
1723 , 3.36
1724 , 3.38
1725 , 3.39
1726 , 3.4
1727 , 3.4
1728 , 3.4
1729 , 3.4
1730 , 3.37
1731 , 3.4
1732 , 3.4
1733 , 3.39
1734 , 3.39
1735 , 3.4
1736 , 3.4
1737 , 3.37
1738 , 3.4
1739 , 3.39
1740 , 3.4
1741 , 3.4
1742 , 3.42
1743 , 3.4
1744 , 3.37
1745 , 3.39
1746 , 3.4
1747 , 3.41
1748 , 3.41
1749 , 3.4
1750 , 3.39
1751 , 3.37
1752 , 3.39
1753 , 3.38
1754 , 3.39
1755 , 3.39
1756 , 3.39
1757 , 3.42
1758 , 3.36
1759 , 3.38
1760 , 3.39
1761 , 3.38
1762 , 3.38
1763 , 3.39
1764 , 3.4
1765 , 3.37
1766 , 3.39
1767 , 3.4
1768 , 3.38
1769 , 3.39
1770 , 3.4
1771 , 3.41
1772 , 3.37
1773 , 3.39
1774 , 3.4
1775 , 3.39
1776 , 3.4
1777 , 3.39
1778 , 3.39
1779 , 3.36
1780 , 3.39
1781 , 3.39
1782 , 3.4
1783 , 3.39
1784 , 3.38
1785 , 3.38
1786 , 3.38
1787 , 3.37
1788 , 3.39
1789 , 3.39
1790 , 3.38
1791 , 3.4
1792 , 3.39
1793 , 3.39
1794 , 3.36
1795 , 3.39
1796 , 3.38
1797 , 3.38
1798 , 3.39
1799 , 3.4
1800 , 3.39
1801 , 3.36
1802 , 3.38
1803 , 3.39
1804 , 3.39
1805 , 3.39
1806 , 3.39
1807 , 3.39
1808 , 3.35
1809 , 3.37
1810 , 3.38
1811 , 3.39
1812 , 3.38
1813 , 3.37
1814 , 3.39
1815 , 3.36
1816 , 3.38
1817 , 3.39
1818 , 3.39
1819 , 3.38
1820 , 3.39
1821 , 3.39
1822 , 3.4
1823 , 3.35
1824 , 3.39
1825 , 3.39
1826 , 3.4
1827 , 3.4
1828 , 3.39
1829 , 3.39
1830 , 3.36
1831 , 3.39
1832 , 3.38
1833 , 3.39
1834 , 3.39
1835 , 3.4
1836 , 3.38
1837 , 3.36
1838 , 3.39
1839 , 3.5
1840 , 3.39
1841 , 3.39
1842 , 3.39
1843 , 3.39
1844 , 3.37
1845 , 3.38
1846 , 3.39
1847 , 3.38
1848 , 3.38
1849 , 3.39
1850 , 3.39
1851 , 3.37
1852 , 3.38
1853 , 3.37
1854 , 3.38
1855 , 3.38
1856 , 3.39
1857 , 3.38
1858 , 3.36
1859 , 3.36
1860 , 3.38
1861 , 3.4
1862 , 3.39
1863 , 3.39
1864 , 3.4
1865 , 3.38
1866 , 3.37
1867 , 3.4
1868 , 3.4
1869 , 3.39
1870 , 3.4
1871 , 3.4
1872 , 3.39
1873 , 3.36
1874 , 3.39
1875 , 3.4
1876 , 3.4
1877 , 3.39
1878 , 3.41
1879 , 3.4
1880 , 3.36
1881 , 3.38
1882 , 3.39
1883 , 3.39
1884 , 3.4
1885 , 3.4
1886 , 3.39
1887 , 3.37
1888 , 3.39
1889 , 3.39
1890 , 3.39
1891 , 3.39
1892 , 3.39
1893 , 3.39
1894 , 3.36
1895 , 3.4
1896 , 3.39
1897 , 3.4
1898 , 3.39
1899 , 3.39
1900 , 3.39
1901 , 3.37
1902 , 3.38
1903 , 3.4
1904 , 16.62
1905 , 13.24
1906 , 12.25
1907 , 12.25
1908 , 12.25
1909 , 12.26
1910 , 12.26
1911 , 12.25
1912 , 12.26
1913 , 12.24
1914 , 12.25
1915 , 12.25
1916 , 12.25
1917 , 12.27
1918 , 12.25
1919 , 12.26
1920 , 12.25
1921 , 12.25
1922 , 12.23
1923 , 12.24
1924 , 12.24
1925 , 12.25
1926 , 12.24
1927 , 12.24
1928 , 12.23
1929 , 12.23
1930 , 12.24
1931 , 12.23
1932 , 12.23
1933 , 12.26
1934 , 12.23
1935 , 12.25
1936 , 12.24
1937 , 12.24
1938 , 12.23
1939 , 12.24
1940 , 12.23
1941 , 12.25
1942 , 12.23
1943 , 12.25
1944 , 12.23
1945 , 12.24
1946 , 12.23
1947 , 12.28
1948 , 12.23
1949 , 12.24
1950 , 12.24
1951 , 12.25
1952 , 12.25
1953 , 12.24
1954 , 12.23
1955 , 12.25
1956 , 12.25
1957 , 12.26
1958 , 12.24
1959 , 12.24
1960 , 12.25
1961 , 12.24
1962 , 12.24
1963 , 12.24
1964 , 12.23
1965 , 12.24
1966 , 12.33
1967 , 11.82
1968 , 11.32
1969 , 11.06
1970 , 10.54
1971 , 10.05
1972 , 9.83
1973 , 9.37
1974 , 9.04
1975 , 8.55
1976 , 8.31
1977 , 8.06
1978 , 7.54
1979 , 7.26
1980 , 7.33
1981 , 7.26
1982 , 7.26
1983 , 7.27
1984 , 7.26
1985 , 7.27
1986 , 7.26
1987 , 7.26
1988 , 7.26
1989 , 7.27
1990 , 7.26
1991 , 7.27
1992 , 13.13
1993 , 11.5
1994 , 11.5
1995 , 11.47
1996 , 11.44
1997 , 11.52
1998 , 11.48
1999 , 11.49
2000 , 11.53
2001 , 11.46
2002 , 11.47
2003 , 11.42
2004 , 11.44
2005 , 11.44
2006 , 11.44
2007 , 11.45
2008 , 11.44
2009 , 11.43
2010 , 11.42
2011 , 11.42
2012 , 11.42
2013 , 11.42
2014 , 11.42
2015 , 11.42
2016 , 11.51
2017 , 11.44
2018 , 11.43
2019 , 11.43
2020 , 11.41
2021 , 11.45
2022 , 11.42
2023 , 11.42
2024 , 11.45
2025 , 11.45
2026 , 11.43
2027 , 11.47
2028 , 11.41
2029 , 11.42
2030 , 11.44
2031 , 11.4
2032 , 11.55
2033 , 11.48
2034 , 11.43
2035 , 11.45
2036 , 11.51
2037 , 11.44
2038 , 11.42
2039 , 11.42
2040 , 11.44
2041 , 11.46
2042 , 11.42
2043 , 11.47
2044 , 11.41
2045 , 11.4
2046 , 11.44
2047 , 11.48
2048 , 11.42
2049 , 11.47
2050 , 11.48
2051 , 11.45
2052 , 11.45
2053 , 11.41
2054 , 11.42
2055 , 11.43
2056 , 11.44
2057 , 11.42
2058 , 11.49
2059 , 11.44
2060 , 11.43
2061 , 11.42
2062 , 11.4
2063 , 11.48
2064 , 11.41
2065 , 11.46
2066 , 11.48
2067 , 11.43
2068 , 11.45
2069 , 11.41
2070 , 11.42
2071 , 11.43
2072 , 11.44
2073 , 11.43
2074 , 2.88
2075 , 2.81
2076 , 2.82
2077 , 2.8
2078 , 2.86
2079 , 2.82
2080 , 2.81
2081 , 2.8
2082 , 2.81
2083 , 2.79
2084 , 2.83
2085 , 2.79
2086 , 2.83
2087 , 2.79
2088 , 2.79
2089 , 2.79
2090 , 2.79
2091 , 2.88
2092 , 2.8
2093 , 2.79
2094 , 2.8
2095 , 2.8
2096 , 2.79
2097 , 2.79
2098 , 2.79
2099 , 2.79
2100 , 2.78
2101 , 2.79
2102 , 2.78
2103 , 2.78
2104 , 2.78
2105 , 2.79
2106 , 2.79
2107 , 2.8
2108 , 2.8
2109 , 2.8
2110 , 2.79
2111 , 2.79
2112 , 2.79
2113 , 2.8
2114 , 2.8
2115 , 2.79
2116 , 2.8
2117 , 2.79
2118 , 2.79
2119 , 2.79
2120 , 2.79
2121 , 2.79
2122 , 2.79
2123 , 2.77
2124 , 2.78
2125 , 2.8
2126 , 2.78
2127 , 2.78
2128 , 2.78
2129 , 2.78
2130 , 2.79
2131 , 2.79
2132 , 2.8
2133 , 2.79
2134 , 2.79
2135 , 2.79
2136 , 2.79
2137 , 2.78
2138 , 2.79
2139 , 2.79
2140 , 2.79
2141 , 2.82
2142 , 2.78
2143 , 2.86
2144 , 2.8
2145 , 2.78
2146 , 2.77
2147 , 2.78
2148 , 2.77
2149 , 2.79
2150 , 2.78
2151 , 2.78
2152 , 2.78
2153 , 2.79
2154 , 2.8
2155 , 2.8
2156 , 2.79
2157 , 2.8
2158 , 2.79
2159 , 2.79
2160 , 2.81
2161 , 2.8
2162 , 2.8
2163 , 2.8
2164 , 2.79
2165 , 2.79
2166 , 2.79
2167 , 2.78
2168 , 2.79
2169 , 2.77
2170 , 2.77
2171 , 2.77
2172 , 2.77
2173 , 2.78
2174 , 2.78
2175 , 2.78
2176 , 2.79
2177 , 2.79
2178 , 2.78
2179 , 2.79
2180 , 2.78
2181 , 2.78
2182 , 2.79
2183 , 2.78
2184 , 2.78
2185 , 2.78
2186 , 2.78
2187 , 3.14
2188 , 3.57
2189 , 3.91
2190 , 3.41
2191 , 3.4
2192 , 3.66
2193 , 3.55
2194 , 3.79
2195 , 2.94
2196 , 3.18
2197 , 2.85
2198 , 2.81
2199 , 2.82
2200 , 2.8
2201 , 2.81
2202 , 2.82
2203 , 2.8
2204 , 2.82
2205 , 2.85
2206 , 2.85
2207 , 2.87
2208 , 2.82
2209 , 2.84
2210 , 2.83
2211 , 11.87
2212 , 11.52
2213 , 11.45
2214 , 11.57
2215 , 11.75
2216 , 11.49
2217 , 11.45
2218 , 11.44
2219 , 11.48
2220 , 11.47
2221 , 11.53
2222 , 14.7
2223 , 14.12
2224 , 11.45
2225 , 11.48
2226 , 11.43
2227 , 11.46
2228 , 11.45
2229 , 11.45
2230 , 11.48
2231 , 11.44
2232 , 11.45
2233 , 11.46
2234 , 11.45
2235 , 11.49
2236 , 11.26
2237 , 10.57
2238 , 10.25
2239 , 9.6
2240 , 8.99
2241 , 8.35
2242 , 8.01
2243 , 7.41
2244 , 7.08
2245 , 6.78
2246 , 6.18
2247 , 5.91
2248 , 5.61
2249 , 5.28
2250 , 5.29
2251 , 5.29
2252 , 5.28
2253 , 5.3
2254 , 5.35
2255 , 5.31
2256 , 5.32
2257 , 5.31
2258 , 5.54
2259 , 5.28
2260 , 5.28
2261 , 5.37
2262 , 5.3
2263 , 5.29
2264 , 3.09
2265 , 2.81
2266 , 2.8
2267 , 2.8
2268 , 2.8
2269 , 2.8
2270 , 2.8
2271 , 2.79
2272 , 2.8
2273 , 2.78
2274 , 2.78
2275 , 2.78
2276 , 2.78
2277 , 2.81
2278 , 2.78
2279 , 2.79
2280 , 2.8
2281 , 2.79
2282 , 2.79
2283 , 2.8
2284 , 2.8
2285 , 2.79
2286 , 2.81
2287 , 2.8
2288 , 2.8
2289 , 2.79
2290 , 2.78
2291 , 2.79
2292 , 2.79
2293 , 2.78
2294 , 2.78
2295 , 2.78
2296 , 2.77
2297 , 2.77
2298 , 2.77
2299 , 2.78
2300 , 2.77
2301 , 2.79
2302 , 2.78
2303 , 2.79
2304 , 2.79
2305 , 2.79
2306 , 2.79
2307 , 2.78
2308 , 2.79
2309 , 2.78
2310 , 2.8
2311 , 2.79
2312 , 2.85
2313 , 2.79
2314 , 2.78
2315 , 2.79
2316 , 2.79
2317 , 2.79
2318 , 2.77
2319 , 2.78
2320 , 2.77
2321 , 2.78
2322 , 2.78
2323 , 2.78
2324 , 2.79
2325 , 2.8
2326 , 2.81
2327 , 2.8
2328 , 2.78
2329 , 2.8
2330 , 2.82
2331 , 2.79
2332 , 2.79
2333 , 2.78
2334 , 2.79
2335 , 2.78
2336 , 2.79
2337 , 2.78
2338 , 2.78
2339 , 2.78
2340 , 2.79
2341 , 2.78
2342 , 2.77
2343 , 2.77
2344 , 2.77
2345 , 2.78
2346 , 2.78
2347 , 2.77
2348 , 2.79
2349 , 2.79
2350 , 2.78
2351 , 2.8
2352 , 2.79
2353 , 2.79
2354 , 2.79
2355 , 2.79
2356 , 2.81
2357 , 2.8
2358 , 2.79
2359 , 2.79
2360 , 2.79
2361 , 2.79
2362 , 2.8
2363 , 2.79
2364 , 2.78
2365 , 2.79
2366 , 2.78
2367 , 2.78
2368 , 2.78
2369 , 2.77
2370 , 2.78
2371 , 2.78
2372 , 2.79
2373 , 2.79
2374 , 2.78
2375 , 2.79
2376 , 2.78
2377 , 2.78
2378 , 2.85
2379 , 2.8
2380 , 2.8
2381 , 2.8
2382 , 2.8
2383 , 2.79
2384 , 2.79
2385 , 2.79
2386 , 2.79
2387 , 2.79
2388 , 2.77
2389 , 2.78
2390 , 2.78
2391 , 2.77
2392 , 2.8
2393 , 2.78
2394 , 2.8
2395 , 2.8
2396 , 2.78
2397 , 2.79
2398 , 2.79
2399 , 2.79
2400 , 2.8
2401 , 2.79
2402 , 2.79
2403 , 2.8
2404 , 2.78
2405 , 2.79
2406 , 2.8
2407 , 2.79
2408 , 2.8
2409 , 2.8
2410 , 2.79
2411 , 2.78
2412 , 2.78
2413 , 2.78
2414 , 2.78
2415 , 2.77
2416 , 2.78
2417 , 2.79
2418 , 2.79
2419 , 2.8
2420 , 2.79
2421 , 2.78
2422 , 2.79
2423 , 2.78
2424 , 2.79
2425 , 2.79
2426 , 2.78
2427 , 2.78
2428 , 2.79
2429 , 2.78
2430 , 2.79
2431 , 2.79
2432 , 2.79
2433 , 2.79
2434 , 2.78
2435 , 2.77
2436 , 2.78
2437 , 2.78
2438 , 2.78
2439 , 2.78
2440 , 2.79
2441 , 2.8
2442 , 2.8
2443 , 2.79
2444 , 2.8
2445 , 2.79
2446 , 2.79
2447 , 2.79
2448 , 2.79
2449 , 2.79
2450 , 2.8
2451 , 2.79
2452 , 2.8
2453 , 2.79
2454 , 2.78
2455 , 2.81
2456 , 2.77
2457 , 2.77
2458 , 2.78
2459 , 2.77
2460 , 2.77
2461 , 2.77
2462 , 2.77
2463 , 2.79
2464 , 2.8
2465 , 2.78
2466 , 2.78
2467 , 2.78
2468 , 2.78
2469 , 2.86
2470 , 2.8
2471 , 2.79
2472 , 2.79
2473 , 2.78
2474 , 2.79
2475 , 2.79
2476 , 2.78
2477 , 2.78
2478 , 2.79
2479 , 2.77
2480 , 2.77
2481 , 2.77
2482 , 2.77
2483 , 2.77
2484 , 2.77
2485 , 2.78
2486 , 2.79
2487 , 2.78
2488 , 2.8
2489 , 2.79
2490 , 2.78
2491 , 2.79
2492 , 2.78
2493 , 2.77
2494 , 2.79
2495 , 2.78
2496 , 2.79
2497 , 2.79
2498 , 2.77
2499 , 2.79
2500 , 2.78
2501 , 2.77
2502 , 2.78
2503 , 2.76
2504 , 2.78
2505 , 2.78
2506 , 2.77
2507 , 2.77
2508 , 2.78
2509 , 2.83
2510 , 2.8
2511 , 2.81
2512 , 2.79
2513 , 2.79
2514 , 2.79
2515 , 2.79
2516 , 2.78
2517 , 2.78
2518 , 2.8
2519 , 2.78
2520 , 2.77
2521 , 2.85
2522 , 2.78
2523 , 2.78
2524 , 2.78
2525 , 2.77
2526 , 2.77
2527 , 2.78
2528 , 2.78
2529 , 2.78
2530 , 2.79
2531 , 2.79
2532 , 2.8
2533 , 2.79
2534 , 2.78
2535 , 2.78
2536 , 2.78
2537 , 2.79
2538 , 2.78
2539 , 2.78
2540 , 2.79
2541 , 2.79
2542 , 2.78
2543 , 2.79
2544 , 2.78
2545 , 2.78
2546 , 2.77
2547 , 2.76
2548 , 2.77
2549 , 2.8
2550 , 2.77
2551 , 2.78
2552 , 2.78
2553 , 2.81
2554 , 2.79
2555 , 2.79
2556 , 2.79
2557 , 2.79
2558 , 2.78
2559 , 2.79
2560 , 2.79
2561 , 2.78
2562 , 2.79
2563 , 2.79
2564 , 2.79
2565 , 2.79
2566 , 2.79
2567 , 2.79
2568 , 2.8
2569 , 2.77
2570 , 2.78
2571 , 2.77
2572 , 2.77
2573 , 2.79
2574 , 2.78
2575 , 2.78
2576 , 2.79
2577 , 2.8
2578 , 2.81
2579 , 2.79
2580 , 2.78
2581 , 2.78
2582 , 2.79
2583 , 2.78
2584 , 2.79
2585 , 2.78
2586 , 2.78
2587 , 2.79
2588 , 2.78
2589 , 2.78
2590 , 2.78
2591 , 2.78
2592 , 2.77
2593 , 2.77
2594 , 2.77
2595 , 2.78
2596 , 2.77
2597 , 2.77
2598 , 2.79
2599 , 2.82
2600 , 2.79
2601 , 2.79
2602 , 2.78
2603 , 2.78
2604 , 2.78
2605 , 2.78
2606 , 2.79
2607 , 2.78
2608 , 2.78
2609 , 2.79
2610 , 2.78
2611 , 2.78
2612 , 2.79
2613 , 2.78
2614 , 2.77
2615 , 2.77
2616 , 2.77
2617 , 2.78
2618 , 2.8
2619 , 2.77
2620 , 2.78
2621 , 2.79
2622 , 2.78
2623 , 2.78
2624 , 2.78
2625 , 2.78
2626 , 2.85
2627 , 2.77
2628 , 2.79
2629 , 2.78
2630 , 2.77
2631 , 2.79
2632 , 2.78
2633 , 2.78
2634 , 2.79
2635 , 2.78
2636 , 2.76
2637 , 2.77
2638 , 2.77
2639 , 2.77
2640 , 2.84
2641 , 2.78
2642 , 2.8
2643 , 2.8
2644 , 2.79
2645 , 5.41
2646 , 5.29
2647 , 5.28
2648 , 5.29
2649 , 5.29
2650 , 5.32
2651 , 5.29
2652 , 5.29
2653 , 5.3
2654 , 5.27
2655 , 5.31
2656 , 5.29
2657 , 5.27
2658 , 5.29
2659 , 5.27
2660 , 5.29
2661 , 5.29
2662 , 5.26
2663 , 5.3
2664 , 5.27
2665 , 5.38
2666 , 5.27
2667 , 5.27
2668 , 5.29
2669 , 5.28
2670 , 5.28
2671 , 5.26
2672 , 5.27
2673 , 5.3
2674 , 5.27
2675 , 5.3
2676 , 5.28
2677 , 5.29
2678 , 5.29
2679 , 5.29
2680 , 5.28
2681 , 5.3
2682 , 5.27
2683 , 5.28
2684 , 5.27
2685 , 5.29
2686 , 5.27
2687 , 5.27
2688 , 5.29
2689 , 5.28
2690 , 5.3
2691 , 5.32
2692 , 5.28
2693 , 5.3
2694 , 5.28
2695 , 5.34
2696 , 5.37
2697 , 5.29
2698 , 5.31
2699 , 5.29
2700 , 5.3
2701 , 2.83
2702 , 2.8
2703 , 2.79
2704 , 2.8
2705 , 2.79
2706 , 2.8
2707 , 2.79
2708 , 2.78
2709 , 2.78
2710 , 2.78
2711 , 2.78
2712 , 2.78
2713 , 2.77
2714 , 2.78
2715 , 2.78
2716 , 2.79
2717 , 2.79
2718 , 2.79
2719 , 2.78
2720 , 2.8
2721 , 2.78
2722 , 2.77
2723 , 2.85
2724 , 2.81
2725 , 2.81
2726 , 2.81
2727 , 2.81
2728 , 2.81
2729 , 2.8
2730 , 2.81
2731 , 2.81
2732 , 2.81
2733 , 2.85
2734 , 2.81
2735 , 2.81
2736 , 2.8
2737 , 2.81
2738 , 2.8
2739 , 2.8
2740 , 2.78
2741 , 2.77
2742 , 2.77
2743 , 2.79
2744 , 2.79
2745 , 2.86
2746 , 2.79
2747 , 2.78
2748 , 2.79
2749 , 2.79
2750 , 2.78
2751 , 2.78
2752 , 2.79
2753 , 2.79
2754 , 2.79
2755 , 2.79
2756 , 2.78
2757 , 2.79
2758 , 2.78
2759 , 2.76
2760 , 2.77
2761 , 2.77
2762 , 2.78
2763 , 2.78
2764 , 2.77
2765 , 2.78
2766 , 2.8
2767 , 2.8
2768 , 2.79
2769 , 2.79
2770 , 2.79
2771 , 2.79
2772 , 2.79
2773 , 2.78
2774 , 2.79
2775 , 2.78
2776 , 2.79
2777 , 2.78
2778 , 2.78
2779 , 2.79
2780 , 2.78
2781 , 2.76
2782 , 2.77
2783 , 2.76
2784 , 2.77
2785 , 2.77
2786 , 2.77
2787 , 2.77
2788 , 2.8
2789 , 2.79
2790 , 2.8
2791 , 2.8
2792 , 2.79
2793 , 2.79
2794 , 2.79
2795 , 2.79
2796 , 2.79
2797 , 2.85
2798 , 2.8
2799 , 2.79
2800 , 2.78
2801 , 2.8
2802 , 2.79
2803 , 2.8
2804 , 2.78
2805 , 2.78
2806 , 2.78
2807 , 2.78
2808 , 2.78
2809 , 2.79
2810 , 2.78
2811 , 2.8
2812 , 2.8
2813 , 2.79
2814 , 2.79
2815 , 2.79
2816 , 2.79
2817 , 2.79
2818 , 2.79
2819 , 2.79
2820 , 2.79
2821 , 2.78
2822 , 2.78
2823 , 2.79
2824 , 2.78
2825 , 2.8
2826 , 2.79
2827 , 2.77
2828 , 2.78
2829 , 2.78
2830 , 2.77
2831 , 2.79
2832 , 2.78
2833 , 2.78
2834 , 2.8
2835 , 2.79
2836 , 2.79
2837 , 2.79
2838 , 2.79
2839 , 2.8
2840 , 2.78
2841 , 2.78
2842 , 2.8
2843 , 2.79
2844 , 2.79
2845 , 2.79
2846 , 2.78
2847 , 2.79
2848 , 2.79
2849 , 2.76
2850 , 2.79
2851 , 2.78
2852 , 2.78
2853 , 2.78
2854 , 2.77
2855 , 2.78
2856 , 2.78
2857 , 2.81
2858 , 2.79
2859 , 2.8
2860 , 2.79
2861 , 2.8
2862 , 2.78
2863 , 2.78
2864 , 2.82
2865 , 2.8
2866 , 2.79
2867 , 2.79
2868 , 2.79
2869 , 2.8
2870 , 2.79
2871 , 2.79
2872 , 2.79
2873 , 2.77
2874 , 2.77
2875 , 2.78
2876 , 2.77
2877 , 2.77
2878 , 2.78
2879 , 2.78
2880 , 2.8
2881 , 2.79
2882 , 2.78
2883 , 2.79
2884 , 2.79
2885 , 2.78
2886 , 2.79
2887 , 2.81
2888 , 2.78
2889 , 2.79
2890 , 2.78
2891 , 2.79
2892 , 2.79
2893 , 2.78
2894 , 2.79
2895 , 2.78
2896 , 2.77
2897 , 2.77
2898 , 2.77
2899 , 2.78
2900 , 2.78
2901 , 2.78
2902 , 2.79
2903 , 2.8
2904 , 2.8
2905 , 2.79
2906 , 2.78
2907 , 2.79
2908 , 2.8
2909 , 2.79
2910 , 2.8
2911 , 2.79
2912 , 2.78
2913 , 2.79
2914 , 2.79
2915 , 2.78
2916 , 2.79
2917 , 2.78
2918 , 2.78
2919 , 2.77
2920 , 2.77
2921 , 2.78
2922 , 2.78
2923 , 2.79
2924 , 2.77
2925 , 2.78
2926 , 2.79
2927 , 2.79
2928 , 2.79
2929 , 2.79
2930 , 2.79
2931 , 2.79
2932 , 2.79
2933 , 2.79
2934 , 2.78
2935 , 2.79
2936 , 2.79
2937 , 2.78
2938 , 2.79
2939 , 2.78
2940 , 2.78
2941 , 2.78
2942 , 2.77
2943 , 2.78
2944 , 2.77
2945 , 2.77
2946 , 2.78
2947 , 2.78
2948 , 2.79
2949 , 2.79
2950 , 2.81
2951 , 2.79
2952 , 2.79
2953 , 2.78
2954 , 2.87
2955 , 2.79
2956 , 2.78
2957 , 2.8
2958 , 2.79
2959 , 2.79
2960 , 2.79
2961 , 2.78
2962 , 2.79
2963 , 2.79
2964 , 2.78
2965 , 2.77
2966 , 2.78
2967 , 2.78
2968 , 2.78
2969 , 2.77
2970 , 2.77
2971 , 2.79
2972 , 2.8
2973 , 2.8
2974 , 2.79
2975 , 2.78
2976 , 2.79
2977 , 2.79
2978 , 2.78
2979 , 2.8
2980 , 2.78
2981 , 2.78
2982 , 2.8
2983 , 2.79
2984 , 2.81
2985 , 2.79
2986 , 2.79
2987 , 2.79
2988 , 2.78
2989 , 2.77
2990 , 2.77
2991 , 2.77
2992 , 2.78
2993 , 2.78
2994 , 2.78
2995 , 2.82
2996 , 2.81
2997 , 2.81
2998 , 2.81
2999 , 2.81
3000 , 2.8
