1 , 333.45
2 , 172.13
3 , 170.05
4 , 164.93
5 , 164.23
6 , 172.94
7 , 160.91
8 , 164.15
9 , 180.53
10 , 166.51
11 , 164.39
12 , 148.9
13 , 140.47
14 , 141.11
15 , 128.67
16 , 124.33
17 , 117.23
18 , 109.84
19 , 119.76
20 , 110.51
21 , 112.66
22 , 112.1
23 , 110.51
24 , 109.66
25 , 109.69
26 , 109.52
27 , 120.18
28 , 113.6
29 , 112.33
30 , 112.62
31 , 113.34
32 , 120.01
33 , 109.61
34 , 109.73
35 , 112.49
36 , 109.36
37 , 106.46
38 , 100.67
39 , 94.97
40 , 92.73
41 , 89.33
42 , 85.54
43 , 81.46
44 , 79.69
45 , 78.48
46 , 77.63
47 , 77.54
48 , 80.71
49 , 84.43
50 , 77.19
51 , 79.74
52 , 78.34
53 , 81.32
54 , 78.13
55 , 80.54
56 , 78.68
57 , 76.03
58 , 76.13
59 , 78.32
60 , 75.75
61 , 76.65
62 , 75.52
63 , 75.58
64 , 75.58
65 , 75.76
66 , 75.89
67 , 78.28
68 , 79.54
69 , 76.72
70 , 73.84
71 , 70.76
72 , 67.58
73 , 65.81
74 , 66.16
75 , 61.42
76 , 58.9
77 , 55.27
78 , 53.1
79 , 50.61
80 , 48.69
81 , 47.04
82 , 46.56
83 , 43.51
84 , 43.34
85 , 43.43
86 , 43.05
87 , 43.38
88 , 43.51
89 , 43.24
90 , 51.01
91 , 48.48
92 , 53.96
93 , 53.6
94 , 45.17
95 , 49.2
96 , 44.26
97 , 58.3
98 , 54.99
99 , 57.58
100 , 52.35
101 , 56.2
102 , 53.26
103 , 48.5
104 , 50.1
105 , 43.25
106 , 43.5
107 , 43.33
108 , 43.27
109 , 42.98
110 , 46.1
111 , 50.13
112 , 53.44
113 , 52.73
114 , 59.87
115 , 55.63
116 , 59.07
117 , 52.22
118 , 55.03
119 , 48.12
120 , 249.51
121 , 149.2
122 , 156.73
123 , 161.66
124 , 162.78
125 , 167.46
126 , 151.7
127 , 163.8
128 , 173.96
129 , 182.82
130 , 153.82
131 , 142.32
132 , 143.21
133 , 144.63
134 , 151.56
135 , 158.87
136 , 168.47
137 , 163.08
138 , 149.37
139 , 159.01
140 , 147.4
141 , 142.94
142 , 136.52
143 , 130.48
144 , 150.12
145 , 141.25
146 , 140.63
147 , 143.37
148 , 128.02
149 , 142.37
150 , 123.89
151 , 123.64
152 , 129.35
153 , 124.95
154 , 131.81
155 , 134.4
156 , 129.15
157 , 176.16
158 , 151.7
159 , 137.87
160 , 134.67
161 , 120.71
162 , 119.13
163 , 106.23
164 , 95.24
165 , 88.49
166 , 86.04
167 , 85.66
168 , 85.6
169 , 87.11
170 , 94.46
171 , 85.34
172 , 90.94
173 , 86.97
174 , 87.55
175 , 91.53
176 , 92.07
177 , 85.55
178 , 85.52
179 , 86.11
180 , 86.66
181 , 86.59
182 , 86.56
183 , 91.01
184 , 87.8
185 , 87.24
186 , 87.08
187 , 93.64
188 , 86.88
189 , 83.5
190 , 79.95
191 , 77.45
192 , 78.61
193 , 70.88
194 , 68.23
195 , 64.96
196 , 62.3
197 , 59.36
198 , 57.63
199 , 54.08
200 , 53.85
201 , 54.54
202 , 53.41
203 , 53.19
204 , 54.07
205 , 53.68
206 , 53.96
207 , 54.08
208 , 54.26
209 , 54.14
210 , 53.21
211 , 52.77
212 , 53.28
213 , 53.56
214 , 52.88
215 , 53.0
216 , 54.39
217 , 53.43
218 , 53.32
219 , 54.89
220 , 53.16
221 , 53.01
222 , 53.26
223 , 52.81
224 , 53.92
225 , 53.44
226 , 54.14
227 , 53.29
228 , 53.56
229 , 140.11
230 , 139.83
231 , 141.79
232 , 142.51
233 , 139.88
234 , 141.18
235 , 139.49
236 , 137.53
237 , 131.95
238 , 129.67
239 , 128.26
240 , 123.87
241 , 123.76
242 , 123.84
243 , 122.18
244 , 121.0
245 , 121.35
246 , 125.36
247 , 123.11
248 , 122.39
249 , 123.85
250 , 124.65
251 , 123.56
252 , 119.47
253 , 119.13
254 , 120.06
255 , 119.87
256 , 121.97
257 , 121.26
258 , 119.98
259 , 117.28
260 , 116.18
261 , 114.02
262 , 111.43
263 , 108.44
264 , 107.21
265 , 101.92
266 , 100.5
267 , 95.78
268 , 100.61
269 , 95.55
270 , 96.41
271 , 96.7
272 , 95.8
273 , 96.36
274 , 97.21
275 , 95.53
276 , 95.97
277 , 96.71
278 , 101.19
279 , 95.14
280 , 95.18
281 , 100.82
282 , 97.56
283 , 98.19
284 , 98.73
285 , 97.79
286 , 96.23
287 , 97.83
288 , 97.5
289 , 92.87
290 , 89.34
291 , 85.85
292 , 82.25
293 , 78.66
294 , 76.55
295 , 72.67
296 , 68.49
297 , 64.31
298 , 64.04
299 , 64.39
300 , 64.74
301 , 64.87
302 , 64.19
303 , 64.6
304 , 64.33
305 , 64.0
306 , 64.78
307 , 64.21
308 , 64.34
309 , 63.99
310 , 65.19
311 , 64.38
312 , 69.09
313 , 66.03
314 , 66.58
315 , 65.06
316 , 68.35
317 , 64.35
318 , 65.32
319 , 64.13
320 , 70.44
321 , 66.68
322 , 65.96
323 , 66.5
324 , 64.96
325 , 68.14
326 , 65.1
327 , 65.08
328 , 62.45
329 , 59.76
330 , 57.29
331 , 55.74
332 , 52.75
333 , 50.49
334 , 48.5
335 , 46.2
336 , 45.96
337 , 43.08
338 , 41.38
339 , 39.73
340 , 38.55
341 , 36.83
342 , 38.32
343 , 31.77
344 , 31.86
345 , 32.67
346 , 32.32
347 , 31.86
348 , 31.9
349 , 31.76
350 , 31.93
351 , 31.88
352 , 31.89
353 , 32.06
354 , 31.59
355 , 32.06
356 , 31.8
357 , 35.68
358 , 32.64
359 , 32.41
360 , 33.16
361 , 32.0
362 , 32.13
363 , 32.17
364 , 35.16
365 , 33.95
366 , 32.61
367 , 33.05
368 , 32.88
369 , 34.26
370 , 35.37
371 , 32.92
372 , 32.38
373 , 32.68
374 , 33.85
375 , 33.55
376 , 31.96
377 , 31.94
378 , 32.06
379 , 31.64
380 , 31.83
381 , 31.95
382 , 32.29
383 , 31.9
384 , 32.06
385 , 32.32
386 , 36.48
387 , 31.79
388 , 32.85
389 , 31.77
390 , 32.13
391 , 32.02
392 , 32.07
393 , 31.96
394 , 32.02
395 , 31.67
396 , 32.26
397 , 31.95
398 , 32.39
399 , 32.28
400 , 32.79
401 , 32.53
402 , 31.31
403 , 29.67
404 , 29.13
405 , 240.6
406 , 148.42
407 , 142.66
408 , 141.92
409 , 141.62
410 , 139.2
411 , 133.2
412 , 134.86
413 , 136.41
414 , 135.9
415 , 139.34
416 , 131.37
417 , 132.39
418 , 134.49
419 , 132.75
420 , 141.02
421 , 140.57
422 , 135.8
423 , 136.12
424 , 134.04
425 , 135.39
426 , 129.69
427 , 124.21
428 , 124.63
429 , 117.8
430 , 110.63
431 , 103.45
432 , 98.87
433 , 97.31
434 , 104.16
435 , 104.46
436 , 113.06
437 , 100.47
438 , 95.52
439 , 96.99
440 , 95.26
441 , 96.58
442 , 96.2
443 , 95.19
444 , 96.64
445 , 95.48
446 , 96.37
447 , 96.07
448 , 99.88
449 , 95.5
450 , 98.06
451 , 99.51
452 , 100.41
453 , 94.92
454 , 91.38
455 , 87.52
456 , 83.45
457 , 80.14
458 , 77.18
459 , 73.8
460 , 70.18
461 , 67.43
462 , 63.78
463 , 63.72
464 , 64.5
465 , 63.05
466 , 64.04
467 , 62.97
468 , 63.91
469 , 62.91
470 , 63.3
471 , 64.81
472 , 63.49
473 , 65.62
474 , 65.22
475 , 64.43
476 , 64.17
477 , 64.03
478 , 64.4
479 , 64.3
480 , 64.35
481 , 64.81
482 , 64.32
483 , 65.94
484 , 65.27
485 , 63.39
486 , 64.7
487 , 63.29
488 , 64.29
489 , 62.94
490 , 62.92
491 , 65.48
492 , 65.67
493 , 62.75
494 , 59.81
495 , 60.15
496 , 55.82
497 , 52.33
498 , 50.93
499 , 49.26
500 , 46.49
501 , 43.57
502 , 41.82
503 , 41.28
504 , 38.79
505 , 36.49
506 , 35.48
507 , 33.87
508 , 32.24
509 , 31.22
510 , 29.28
511 , 29.3
512 , 29.49
513 , 29.5
514 , 29.43
515 , 29.33
516 , 29.16
517 , 29.15
518 , 29.54
519 , 29.39
520 , 29.14
521 , 29.68
522 , 30.58
523 , 29.39
524 , 29.06
525 , 29.68
526 , 29.16
527 , 29.3
528 , 29.71
529 , 29.48
530 , 29.2
531 , 29.13
532 , 29.09
533 , 29.66
534 , 30.73
535 , 29.6
536 , 29.35
537 , 28.88
538 , 29.62
539 , 29.28
540 , 29.17
541 , 29.41
542 , 29.21
543 , 28.9
544 , 29.27
545 , 29.17
546 , 29.17
547 , 29.3
548 , 29.17
549 , 29.83
550 , 29.24
551 , 142.04
552 , 139.65
553 , 141.09
554 , 142.23
555 , 142.19
556 , 142.08
557 , 140.61
558 , 140.43
559 , 205.46
560 , 147.5
561 , 140.26
562 , 131.53
563 , 129.25
564 , 122.55
565 , 122.47
566 , 122.02
567 , 122.69
568 , 120.88
569 , 135.96
570 , 122.82
571 , 125.18
572 , 124.32
573 , 132.5
574 , 124.88
575 , 125.93
576 , 124.32
577 , 122.16
578 , 129.26
579 , 125.65
580 , 126.0
581 , 122.58
582 , 117.39
583 , 114.79
584 , 108.21
585 , 103.94
586 , 99.6
587 , 98.29
588 , 91.09
589 , 92.24
590 , 92.3
591 , 91.7
592 , 93.98
593 , 92.97
594 , 95.48
595 , 95.04
596 , 93.91
597 , 92.73
598 , 92.36
599 , 91.47
600 , 93.23
601 , 91.54
602 , 90.92
603 , 91.66
604 , 97.69
605 , 92.64
606 , 105.3
607 , 95.71
608 , 93.11
609 , 90.94
610 , 85.98
611 , 82.32
612 , 80.3
613 , 76.58
614 , 73.77
615 , 70.94
616 , 67.45
617 , 63.85
618 , 61.2
619 , 61.67
620 , 59.11
621 , 58.99
622 , 58.9
623 , 58.69
624 , 60.82
625 , 59.98
626 , 59.13
627 , 58.84
628 , 62.63
629 , 58.02
630 , 58.5
631 , 58.85
632 , 68.3
633 , 75.26
634 , 70.91
635 , 64.26
636 , 63.74
637 , 59.36
638 , 59.32
639 , 68.26
640 , 62.93
641 , 62.77
642 , 63.52
643 , 68.54
644 , 74.98
645 , 71.1
646 , 71.35
647 , 60.49
648 , 70.31
649 , 65.59
650 , 60.82
651 , 59.18
652 , 56.0
653 , 52.36
654 , 50.18
655 , 47.8
656 , 46.75
657 , 45.95
658 , 44.15
659 , 42.03
660 , 40.76
661 , 38.66
662 , 36.54
663 , 34.54
664 , 34.01
665 , 32.27
666 , 30.2
667 , 30.48
668 , 31.81
669 , 32.66
670 , 27.38
671 , 31.59
672 , 28.48
673 , 31.69
674 , 26.7
675 , 32.85
676 , 28.1
677 , 31.57
678 , 31.28
679 , 35.93
680 , 28.81
681 , 28.87
682 , 26.47
683 , 31.44
684 , 35.43
685 , 34.16
686 , 35.28
687 , 33.92
688 , 34.95
689 , 27.56
690 , 30.96
691 , 26.56
692 , 31.52
693 , 31.38
694 , 31.52
695 , 32.92
696 , 32.97
697 , 30.9
698 , 36.09
699 , 32.03
700 , 31.76
701 , 29.41
702 , 33.51
703 , 27.43
704 , 28.15
705 , 26.49
706 , 28.23
707 , 28.42
708 , 33.15
709 , 28.31
710 , 28.68
711 , 26.44
712 , 31.64
713 , 26.59
714 , 27.18
715 , 28.51
716 , 26.02
717 , 147.16
718 , 159.9
719 , 162.29
720 , 151.91
721 , 154.9
722 , 146.25
723 , 162.9
724 , 159.83
725 , 138.56
726 , 137.29
727 , 136.28
728 , 127.68
729 , 132.08
730 , 135.5
731 , 131.95
732 , 136.87
733 , 144.61
734 , 138.71
735 , 140.38
736 , 124.62
737 , 121.57
738 , 125.38
739 , 120.71
740 , 122.15
741 , 121.88
742 , 122.49
743 , 123.87
744 , 118.32
745 , 112.96
746 , 108.38
747 , 103.6
748 , 100.61
749 , 95.67
750 , 93.24
751 , 95.2
752 , 89.59
753 , 89.61
754 , 89.57
755 , 88.36
756 , 95.98
757 , 88.2
758 , 93.68
759 , 89.42
760 , 90.79
761 , 89.78
762 , 91.26
763 , 89.03
764 , 90.57
765 , 88.3
766 , 88.32
767 , 96.67
768 , 99.22
769 , 89.5
770 , 89.57
771 , 94.1
772 , 101.52
773 , 88.18
774 , 84.78
775 , 80.1
776 , 79.16
777 , 73.41
778 , 72.57
779 , 75.35
780 , 70.67
781 , 70.2
782 , 69.2
783 , 65.99
784 , 68.13
785 , 72.67
786 , 65.83
787 , 65.32
788 , 69.08
789 , 69.37
790 , 71.73
791 , 65.55
792 , 69.08
793 , 69.11
794 , 68.96
795 , 75.21
796 , 60.46
797 , 67.72
798 , 59.69
799 , 57.14
800 , 62.35
801 , 69.37
802 , 69.57
803 , 70.92
804 , 70.83
805 , 69.42
806 , 73.58
807 , 73.59
808 , 65.56
809 , 56.68
810 , 58.1
811 , 57.24
812 , 53.99
813 , 52.48
814 , 49.52
815 , 49.92
816 , 46.85
817 , 44.44
818 , 47.06
819 , 43.78
820 , 43.92
821 , 43.67
822 , 40.79
823 , 37.85
824 , 37.24
825 , 35.37
826 , 33.09
827 , 32.53
828 , 31.45
829 , 28.44
830 , 28.52
831 , 28.19
832 , 27.17
833 , 31.51
834 , 28.58
835 , 31.44
836 , 31.37
837 , 30.36
838 , 26.86
839 , 26.86
840 , 27.07
841 , 24.78
842 , 29.78
843 , 26.23
844 , 25.5
845 , 30.31
846 , 27.88
847 , 29.06
848 , 24.24
849 , 24.33
850 , 24.03
851 , 23.92
852 , 23.98
853 , 23.77
854 , 23.4
855 , 23.73
856 , 25.93
857 , 23.59
858 , 28.16
859 , 23.75
860 , 195.46
861 , 145.96
862 , 151.11
863 , 142.21
864 , 140.61
865 , 140.44
866 , 140.06
867 , 142.32
868 , 147.16
869 , 141.2
870 , 139.14
871 , 137.93
872 , 139.43
873 , 132.55
874 , 131.17
875 , 129.2
876 , 129.67
877 , 121.39
878 , 121.89
879 , 121.1
880 , 143.79
881 , 150.09
882 , 137.29
883 , 127.64
884 , 133.3
885 , 123.99
886 , 135.31
887 , 141.17
888 , 149.91
889 , 152.95
890 , 145.32
891 , 124.84
892 , 123.14
893 , 124.39
894 , 117.92
895 , 107.45
896 , 103.03
897 , 95.47
898 , 94.66
899 , 97.94
900 , 94.22
901 , 94.31
902 , 93.74
903 , 91.82
904 , 94.7
905 , 97.07
906 , 94.19
907 , 90.82
908 , 89.59
909 , 91.0
910 , 95.77
911 , 89.03
912 , 91.23
913 , 87.74
914 , 87.37
915 , 93.48
916 , 91.54
917 , 88.26
918 , 87.63
919 , 88.46
920 , 87.99
921 , 84.64
922 , 79.51
923 , 77.6
924 , 74.32
925 , 71.38
926 , 68.19
927 , 65.11
928 , 109.11
929 , 71.58
930 , 74.83
931 , 66.25
932 , 64.15
933 , 63.96
934 , 69.07
935 , 64.81
936 , 65.36
937 , 64.0
938 , 61.87
939 , 59.45
940 , 59.07
941 , 55.88
942 , 56.17
943 , 55.89
944 , 56.34
945 , 55.83
946 , 55.99
947 , 55.72
948 , 56.01
949 , 59.42
950 , 64.61
951 , 58.1
952 , 58.82
953 , 58.14
954 , 57.12
955 , 57.92
956 , 57.79
957 , 56.98
958 , 57.43
959 , 60.25
960 , 57.05
961 , 56.56
962 , 56.97
963 , 56.45
964 , 54.28
965 , 52.11
966 , 51.58
967 , 48.84
968 , 46.16
969 , 44.09
970 , 42.58
971 , 40.21
972 , 38.45
973 , 37.64
974 , 35.69
975 , 34.23
976 , 32.74
977 , 31.09
978 , 29.87
979 , 28.83
980 , 27.15
981 , 25.98
982 , 23.96
983 , 23.23
984 , 23.53
985 , 23.25
986 , 23.61
987 , 23.4
988 , 23.28
989 , 23.51
990 , 23.57
991 , 23.27
992 , 24.01
993 , 23.92
994 , 24.15
995 , 24.08
996 , 23.99
997 , 24.65
998 , 24.33
999 , 23.54
1000 , 27.3
1001 , 140.16
1002 , 141.31
1003 , 139.71
1004 , 142.02
1005 , 140.58
1006 , 140.65
1007 , 145.43
1008 , 167.91
1009 , 140.47
1010 , 140.1
1011 , 141.97
1012 , 141.5
1013 , 140.28
1014 , 140.9
1015 , 138.62
1016 , 138.01
1017 , 131.25
1018 , 129.79
1019 , 123.63
1020 , 119.55
1021 , 120.34
1022 , 125.71
1023 , 121.86
1024 , 125.7
1025 , 121.71
1026 , 127.18
1027 , 122.83
1028 , 124.81
1029 , 129.11
1030 , 122.4
1031 , 120.81
1032 , 124.47
1033 , 120.45
1034 , 119.28
1035 , 121.34
1036 , 121.04
1037 , 115.97
1038 , 111.87
1039 , 106.6
1040 , 101.89
1041 , 97.11
1042 , 93.15
1043 , 87.31
1044 , 90.32
1045 , 86.05
1046 , 86.65
1047 , 88.13
1048 , 87.55
1049 , 86.36
1050 , 88.41
1051 , 90.53
1052 , 87.16
1053 , 87.28
1054 , 88.03
1055 , 87.17
1056 , 85.72
1057 , 85.38
1058 , 85.97
1059 , 86.38
1060 , 92.45
1061 , 90.61
1062 , 88.31
1063 , 87.8
1064 , 88.58
1065 , 87.8
1066 , 86.21
1067 , 82.83
1068 , 78.76
1069 , 75.63
1070 , 73.14
1071 , 71.72
1072 , 65.66
1073 , 63.13
1074 , 61.36
1075 , 2.38
1076 , 2.09
1077 , 2.13
1078 , 2.11
1079 , 2.18
1080 , 2.14
1081 , 2.12
1082 , 2.12
1083 , 2.11
1084 , 2.12
1085 , 2.16
1086 , 2.13
1087 , 2.13
1088 , 2.1
1089 , 2.11
1090 , 2.14
1091 , 2.15
1092 , 2.12
1093 , 2.14
1094 , 2.1
1095 , 2.12
1096 , 2.14
1097 , 2.12
1098 , 2.13
1099 , 2.16
1100 , 2.15
1101 , 2.12
1102 , 2.16
1103 , 2.09
1104 , 2.1
1105 , 2.4
1106 , 2.12
1107 , 2.12
1108 , 2.14
1109 , 2.09
1110 , 2.09
1111 , 2.16
1112 , 2.16
1113 , 2.11
1114 , 2.13
1115 , 2.09
1116 , 2.11
1117 , 2.14
1118 , 2.12
1119 , 2.12
1120 , 2.11
1121 , 2.13
1122 , 2.1
1123 , 2.15
1124 , 2.23
1125 , 2.15
1126 , 2.17
1127 , 2.14
1128 , 2.15
1129 , 2.16
1130 , 2.17
1131 , 2.15
1132 , 2.1
1133 , 2.12
1134 , 2.12
1135 , 2.11
1136 , 2.16
1137 , 2.11
1138 , 2.1
1139 , 2.13
1140 , 2.13
1141 , 2.13
1142 , 2.15
1143 , 2.1
1144 , 2.03
1145 , 2.18
1146 , 2.04
1147 , 2.09
1148 , 2.11
1149 , 2.1
1150 , 2.03
1151 , 2.08
1152 , 2.05
1153 , 2.02
1154 , 2.13
1155 , 2.12
1156 , 2.1
1157 , 2.04
1158 , 2.03
1159 , 2.05
1160 , 2.11
1161 , 2.14
1162 , 2.1
1163 , 2.03
1164 , 2.07
1165 , 2.12
1166 , 2.06
1167 , 2.07
1168 , 2.05
1169 , 2.02
1170 , 2.16
1171 , 2.04
1172 , 2.01
1173 , 2.04
1174 , 2.15
1175 , 2.88
1176 , 2.61
1177 , 2.18
1178 , 2.26
1179 , 2.25
1180 , 2.16
1181 , 2.09
1182 , 2.08
1183 , 2.12
1184 , 2.25
1185 , 2.24
1186 , 2.03
1187 , 2.05
1188 , 2.07
1189 , 2.3
1190 , 2.11
1191 , 2.09
1192 , 2.08
1193 , 2.13
1194 , 2.05
1195 , 2.06
1196 , 2.06
1197 , 2.03
1198 , 2.12
1199 , 2.05
1200 , 2.06
1201 , 2.08
1202 , 2.17
1203 , 2.22
1204 , 2.13
1205 , 2.11
1206 , 2.14
1207 , 2.08
1208 , 2.04
1209 , 2.15
1210 , 2.1
1211 , 140.73
1212 , 148.0
1213 , 177.26
1214 , 170.82
1215 , 187.5
1216 , 178.61
1217 , 184.26
1218 , 176.74
1219 , 156.63
1220 , 151.25
1221 , 175.24
1222 , 166.81
1223 , 156.84
1224 , 151.5
1225 , 147.77
1226 , 151.5
1227 , 147.93
1228 , 149.03
1229 , 144.38
1230 , 142.78
1231 , 138.58
1232 , 133.68
1233 , 148.48
1234 , 142.14
1235 , 142.26
1236 , 151.71
1237 , 146.99
1238 , 150.04
1239 , 150.91
1240 , 149.18
1241 , 128.48
1242 , 155.03
1243 , 150.6
1244 , 154.2
1245 , 155.1
1246 , 142.69
1247 , 136.69
1248 , 138.32
1249 , 135.94
1250 , 137.12
1251 , 150.98
1252 , 150.85
1253 , 129.73
1254 , 127.51
1255 , 166.33
1256 , 155.84
1257 , 149.67
1258 , 151.76
1259 , 147.45
1260 , 153.94
1261 , 147.98
1262 , 167.49
1263 , 166.88
1264 , 158.01
1265 , 164.59
1266 , 164.91
1267 , 170.29
1268 , 153.82
1269 , 155.69
1270 , 154.61
1271 , 182.9
1272 , 157.67
1273 , 154.45
1274 , 152.95
1275 , 153.38
1276 , 155.67
1277 , 150.5
1278 , 158.05
1279 , 150.56
1280 , 150.0
1281 , 156.61
1282 , 148.83
1283 , 148.15
1284 , 160.97
1285 , 2.24
1286 , 2.14
1287 , 2.19
1288 , 2.24
1289 , 2.42
1290 , 2.33
1291 , 3.54
1292 , 2.29
1293 , 2.49
1294 , 2.21
1295 , 3.47
1296 , 2.88
1297 , 2.39
1298 , 2.19
1299 , 2.22
1300 , 2.18
1301 , 2.44
1302 , 2.27
1303 , 3.76
1304 , 3.44
1305 , 2.67
1306 , 2.25
1307 , 2.39
1308 , 2.17
1309 , 3.46
1310 , 2.94
1311 , 2.48
1312 , 2.72
1313 , 2.3
1314 , 4.57
1315 , 2.56
1316 , 2.43
1317 , 2.34
1318 , 2.42
1319 , 3.37
1320 , 3.1
1321 , 2.61
1322 , 2.39
1323 , 2.27
1324 , 2.89
1325 , 2.43
1326 , 2.66
1327 , 2.29
1328 , 3.21
1329 , 2.9
1330 , 2.54
1331 , 2.37
1332 , 3.04
1333 , 3.98
1334 , 2.3
1335 , 2.54
1336 , 2.22
1337 , 2.39
1338 , 2.09
1339 , 2.77
1340 , 2.31
1341 , 2.75
1342 , 2.46
1343 , 2.24
1344 , 2.19
1345 , 2.5
1346 , 2.12
1347 , 2.45
1348 , 3.41
1349 , 3.1
1350 , 2.51
1351 , 2.32
1352 , 2.43
1353 , 2.26
1354 , 2.18
1355 , 2.24
1356 , 2.41
1357 , 3.38
1358 , 2.83
1359 , 2.25
1360 , 2.21
1361 , 2.18
1362 , 2.15
1363 , 2.11
1364 , 2.72
1365 , 2.22
1366 , 2.63
1367 , 2.28
1368 , 3.6
1369 , 2.97
1370 , 2.49
1371 , 2.05
1372 , 2.41
1373 , 2.74
1374 , 4.65
1375 , 2.94
1376 , 2.37
1377 , 2.21
1378 , 2.02
1379 , 2.27
1380 , 2.53
1381 , 3.52
1382 , 3.02
1383 , 2.43
1384 , 2.13
1385 , 2.42
1386 , 2.07
1387 , 2.46
1388 , 2.25
1389 , 3.59
1390 , 2.89
1391 , 2.25
1392 , 2.17
1393 , 2.22
1394 , 2.08
1395 , 2.23
1396 , 2.18
1397 , 2.56
1398 , 2.96
1399 , 2.4
1400 , 3.63
1401 , 2.93
1402 , 2.51
1403 , 2.6
1404 , 2.42
1405 , 2.3
1406 , 2.99
1407 , 2.39
1408 , 2.36
1409 , 2.24
1410 , 2.12
1411 , 3.3
1412 , 3.57
1413 , 2.62
1414 , 2.33
1415 , 2.31
1416 , 2.24
1417 , 2.19
1418 , 2.22
1419 , 2.11
1420 , 2.53
1421 , 2.17
1422 , 2.37
1423 , 2.21
1424 , 3.53
1425 , 174.24
1426 , 162.77
1427 , 160.79
1428 , 172.7
1429 , 156.13
1430 , 173.2
1431 , 163.49
1432 , 159.02
1433 , 155.4
1434 , 155.18
1435 , 162.61
1436 , 156.82
1437 , 154.79
1438 , 149.71
1439 , 149.31
1440 , 153.9
1441 , 150.6
1442 , 152.64
1443 , 151.85
1444 , 151.0
1445 , 152.93
1446 , 155.53
1447 , 150.21
1448 , 156.01
1449 , 155.14
1450 , 150.31
1451 , 155.08
1452 , 154.8
1453 , 148.8
1454 , 156.12
1455 , 151.21
1456 , 157.83
1457 , 161.32
1458 , 150.04
1459 , 146.6
1460 , 142.11
1461 , 207.04
1462 , 175.52
1463 , 155.83
1464 , 163.34
1465 , 158.83
1466 , 142.07
1467 , 133.59
1468 , 135.08
1469 , 133.43
1470 , 140.59
1471 , 130.44
1472 , 150.47
1473 , 141.06
1474 , 178.87
1475 , 178.42
1476 , 175.9
1477 , 183.15
1478 , 182.57
1479 , 180.06
1480 , 163.32
1481 , 167.57
1482 , 165.49
1483 , 151.96
1484 , 146.1
1485 , 147.65
1486 , 143.99
1487 , 152.09
1488 , 156.09
1489 , 152.16
1490 , 149.75
1491 , 157.7
1492 , 154.46
1493 , 159.26
1494 , 150.54
1495 , 154.78
1496 , 160.77
1497 , 151.66
1498 , 159.28
1499 , 163.72
1500 , 160.72
1501 , 161.94
1502 , 160.81
1503 , 164.01
1504 , 168.11
1505 , 160.07
1506 , 67.66
1507 , 61.84
1508 , 62.36
1509 , 62.78
1510 , 65.97
1511 , 64.82
1512 , 66.86
1513 , 59.46
1514 , 57.73
1515 , 58.29
1516 , 60.49
1517 , 56.69
1518 , 55.55
1519 , 55.23
1520 , 54.77
1521 , 54.72
1522 , 57.58
1523 , 55.34
1524 , 55.6
1525 , 54.54
1526 , 52.89
1527 , 57.35
1528 , 56.37
1529 , 53.08
1530 , 52.33
1531 , 55.19
1532 , 53.81
1533 , 49.64
1534 , 49.38
1535 , 53.19
1536 , 51.55
1537 , 53.31
1538 , 48.51
1539 , 48.11
1540 , 48.67
1541 , 48.07
1542 , 48.78
1543 , 51.96
1544 , 48.86
1545 , 50.04
1546 , 48.18
1547 , 48.04
1548 , 46.97
1549 , 48.63
1550 , 47.94
1551 , 47.05
1552 , 52.8
1553 , 52.41
1554 , 53.43
1555 , 52.48
1556 , 54.1
1557 , 49.04
1558 , 50.16
1559 , 49.35
1560 , 53.6
1561 , 49.49
1562 , 43.49
1563 , 47.26
1564 , 47.24
1565 , 47.75
1566 , 46.17
1567 , 48.85
1568 , 46.07
1569 , 50.34
1570 , 50.29
1571 , 45.23
1572 , 45.18
1573 , 48.98
1574 , 47.45
1575 , 47.55
1576 , 53.41
1577 , 43.22
1578 , 50.4
1579 , 55.11
1580 , 46.77
1581 , 51.11
1582 , 46.78
1583 , 161.48
1584 , 173.03
1585 , 170.24
1586 , 161.06
1587 , 156.74
1588 , 152.51
1589 , 157.13
1590 , 155.12
1591 , 157.19
1592 , 159.99
1593 , 155.44
1594 , 162.93
1595 , 155.35
1596 , 154.29
1597 , 154.55
1598 , 153.01
1599 , 146.06
1600 , 147.25
1601 , 144.66
1602 , 143.47
1603 , 148.69
1604 , 164.29
1605 , 165.18
1606 , 164.18
1607 , 161.67
1608 , 168.05
1609 , 172.13
1610 , 167.64
1611 , 172.96
1612 , 147.84
1613 , 147.96
1614 , 151.92
1615 , 141.18
1616 , 143.33
1617 , 145.09
1618 , 143.14
1619 , 136.78
1620 , 137.65
1621 , 144.05
1622 , 132.67
1623 , 132.06
1624 , 130.72
1625 , 131.39
1626 , 130.13
1627 , 129.32
1628 , 129.2
1629 , 128.72
1630 , 126.72
1631 , 124.23
1632 , 123.97
1633 , 124.25
1634 , 124.48
1635 , 124.17
1636 , 129.41
1637 , 124.54
1638 , 124.24
1639 , 125.96
1640 , 123.09
1641 , 130.16
1642 , 123.54
1643 , 120.55
1644 , 122.17
1645 , 121.23
1646 , 125.3
1647 , 123.95
1648 , 124.14
1649 , 122.66
1650 , 122.6
1651 , 121.68
1652 , 122.85
1653 , 120.66
1654 , 119.89
1655 , 119.65
1656 , 118.38
1657 , 122.28
1658 , 117.7
1659 , 117.74
1660 , 117.87
1661 , 117.75
1662 , 117.9
1663 , 116.17
1664 , 120.42
1665 , 112.43
1666 , 109.2
1667 , 109.83
1668 , 110.61
1669 , 117.38
1670 , 111.71
1671 , 112.87
1672 , 116.0
1673 , 110.97
1674 , 109.62
1675 , 115.62
1676 , 116.41
1677 , 113.27
1678 , 111.78
1679 , 205.15
1680 , 167.03
1681 , 165.16
1682 , 152.89
1683 , 155.07
1684 , 153.81
1685 , 147.59
1686 , 154.92
1687 , 157.91
1688 , 154.01
1689 , 148.54
1690 , 162.26
1691 , 158.13
1692 , 157.42
1693 , 150.69
1694 , 162.15
1695 , 158.78
1696 , 164.8
1697 , 162.68
1698 , 153.35
1699 , 158.23
1700 , 161.88
1701 , 158.3
1702 , 169.82
1703 , 163.39
1704 , 187.77
1705 , 187.09
1706 , 160.94
1707 , 149.8
1708 , 147.0
1709 , 150.38
1710 , 145.33
1711 , 142.49
1712 , 226.91
1713 , 190.82
1714 , 164.02
1715 , 156.82
1716 , 141.99
1717 , 132.53
1718 , 131.54
1719 , 130.75
1720 , 129.28
1721 , 146.96
1722 , 127.53
1723 , 129.04
1724 , 128.1
1725 , 126.04
1726 , 126.29
1727 , 131.53
1728 , 124.63
1729 , 126.36
1730 , 123.61
1731 , 122.26
1732 , 124.43
1733 , 123.77
1734 , 123.15
1735 , 122.58
1736 , 122.07
1737 , 123.23
1738 , 132.91
1739 , 131.39
1740 , 146.62
1741 , 136.07
1742 , 129.78
1743 , 129.1
1744 , 125.06
1745 , 126.0
1746 , 130.86
1747 , 148.31
1748 , 139.47
1749 , 133.32
1750 , 122.51
1751 , 139.72
1752 , 133.19
1753 , 125.39
1754 , 116.4
1755 , 121.02
1756 , 122.7
1757 , 130.67
1758 , 131.17
1759 , 124.08
1760 , 124.71
1761 , 117.07
1762 , 126.26
1763 , 129.29
1764 , 125.42
1765 , 124.41
1766 , 118.31
1767 , 132.54
1768 , 114.55
1769 , 125.32
1770 , 121.54
1771 , 126.73
1772 , 112.95
1773 , 121.55
1774 , 120.87
1775 , 117.37
1776 , 130.75
1777 , 120.77
1778 , 113.58
1779 , 121.6
1780 , 125.07
1781 , 128.45
1782 , 131.42
1783 , 129.0
1784 , 124.81
1785 , 126.9
1786 , 123.61
1787 , 120.2
1788 , 107.02
1789 , 105.53
1790 , 154.72
1791 , 163.27
1792 , 161.26
1793 , 172.1
1794 , 144.34
1795 , 161.43
1796 , 160.26
1797 , 169.67
1798 , 162.47
1799 , 154.3
1800 , 170.45
1801 , 175.59
1802 , 146.92
1803 , 171.26
1804 , 155.37
1805 , 157.31
1806 , 145.17
1807 , 143.17
1808 , 144.23
1809 , 143.86
1810 , 153.65
1811 , 143.84
1812 , 142.25
1813 , 144.48
1814 , 144.04
1815 , 154.63
1816 , 149.43
1817 , 140.31
1818 , 147.48
1819 , 156.73
1820 , 172.58
1821 , 147.01
1822 , 154.43
1823 , 157.03
1824 , 167.03
1825 , 152.84
1826 , 145.23
1827 , 139.41
1828 , 157.8
1829 , 146.17
1830 , 166.5
1831 , 164.98
1832 , 165.64
1833 , 154.37
1834 , 142.13
1835 , 164.04
1836 , 155.68
1837 , 145.58
1838 , 145.9
1839 , 148.47
1840 , 135.6
1841 , 139.15
1842 , 128.74
1843 , 134.58
1844 , 223.5
1845 , 134.74
1846 , 133.59
1847 , 143.05
1848 , 145.79
1849 , 140.42
1850 , 126.29
1851 , 128.95
1852 , 141.44
1853 , 148.19
1854 , 148.96
1855 , 140.6
1856 , 157.31
1857 , 151.85
1858 , 144.09
1859 , 136.31
1860 , 136.28
1861 , 139.9
1862 , 131.41
1863 , 126.07
1864 , 125.12
1865 , 123.01
1866 , 124.72
1867 , 124.62
1868 , 126.7
1869 , 125.29
1870 , 115.24
1871 , 116.4
1872 , 113.63
1873 , 111.91
1874 , 113.02
1875 , 116.14
1876 , 117.93
1877 , 106.75
1878 , 106.12
1879 , 2.18
1880 , 2.03
1881 , 2.06
1882 , 2.06
1883 , 2.04
1884 , 2.11
1885 , 2.08
1886 , 2.3
1887 , 2.07
1888 , 2.17
1889 , 2.03
1890 , 2.11
1891 , 2.1
1892 , 2.11
1893 , 2.19
1894 , 2.09
1895 , 2.02
1896 , 2.15
1897 , 2.06
1898 , 2.06
1899 , 2.07
1900 , 2.12
1901 , 2.08
1902 , 2.04
1903 , 2.07
1904 , 2.3
1905 , 2.02
1906 , 2.05
1907 , 2.07
1908 , 2.04
1909 , 2.12
1910 , 2.14
1911 , 2.09
1912 , 2.14
1913 , 2.91
1914 , 2.05
1915 , 2.08
1916 , 2.03
1917 , 2.03
1918 , 2.12
1919 , 2.16
1920 , 2.13
1921 , 2.03
1922 , 2.13
1923 , 2.05
1924 , 2.12
1925 , 2.22
1926 , 2.03
1927 , 2.08
1928 , 2.24
1929 , 2.02
1930 , 2.04
1931 , 2.54
1932 , 3.55
1933 , 2.65
1934 , 2.44
1935 , 2.19
1936 , 2.11
1937 , 2.02
1938 , 2.03
1939 , 2.1
1940 , 2.05
1941 , 2.05
1942 , 2.04
1943 , 2.08
1944 , 2.1
1945 , 2.08
1946 , 2.06
1947 , 2.05
1948 , 2.12
1949 , 2.04
1950 , 2.04
1951 , 2.12
1952 , 2.01
1953 , 2.22
1954 , 2.1
1955 , 2.17
1956 , 2.09
1957 , 2.02
1958 , 2.03
1959 , 2.05
1960 , 2.14
1961 , 2.09
1962 , 2.05
1963 , 2.02
1964 , 2.06
1965 , 2.09
1966 , 2.02
1967 , 2.12
1968 , 2.05
1969 , 2.06
1970 , 2.06
1971 , 2.11
1972 , 2.15
1973 , 2.16
1974 , 2.05
1975 , 2.04
1976 , 2.02
1977 , 2.13
1978 , 2.03
1979 , 2.04
1980 , 2.04
1981 , 2.03
1982 , 2.03
1983 , 2.18
1984 , 2.06
1985 , 2.03
1986 , 2.04
1987 , 2.13
1988 , 2.06
1989 , 2.06
1990 , 2.05
1991 , 2.01
1992 , 2.06
1993 , 2.27
1994 , 2.14
1995 , 2.08
1996 , 2.08
1997 , 2.08
1998 , 2.12
1999 , 2.18
2000 , 2.08
2001 , 32.72
2002 , 33.92
2003 , 34.16
2004 , 34.19
2005 , 34.96
2006 , 35.96
2007 , 35.48
2008 , 37.16
2009 , 36.05
2010 , 36.76
2011 , 36.83
2012 , 37.1
2013 , 39.02
2014 , 36.25
2015 , 37.38
2016 , 46.54
2017 , 38.12
2018 , 37.79
2019 , 38.06
2020 , 38.06
2021 , 39.67
2022 , 38.08
2023 , 38.17
2024 , 37.66
2025 , 38.95
2026 , 39.1
2027 , 38.78
2028 , 38.52
2029 , 37.86
2030 , 43.39
2031 , 41.76
2032 , 41.35
2033 , 40.64
2034 , 42.69
2035 , 43.05
2036 , 42.22
2037 , 43.55
2038 , 41.29
2039 , 40.9
2040 , 40.67
2041 , 41.5
2042 , 41.64
2043 , 41.1
2044 , 41.78
2045 , 41.85
2046 , 41.26
2047 , 42.2
2048 , 42.22
2049 , 44.02
2050 , 43.55
2051 , 43.91
2052 , 42.68
2053 , 42.62
2054 , 42.98
2055 , 42.86
2056 , 40.33
2057 , 43.19
2058 , 44.2
2059 , 44.47
2060 , 44.53
2061 , 44.49
2062 , 44.7
2063 , 44.9
2064 , 43.29
2065 , 42.46
2066 , 44.15
2067 , 45.1
2068 , 45.09
2069 , 46.28
2070 , 44.43
2071 , 43.28
2072 , 43.09
2073 , 44.32
2074 , 44.13
2075 , 44.0
2076 , 43.6
2077 , 44.36
2078 , 47.66
2079 , 47.79
2080 , 48.13
2081 , 48.19
2082 , 46.14
2083 , 45.88
2084 , 50.05
2085 , 50.44
2086 , 49.03
2087 , 48.97
2088 , 47.1
2089 , 45.81
2090 , 49.74
2091 , 45.67
2092 , 45.37
2093 , 47.55
2094 , 50.14
2095 , 48.21
2096 , 50.7
2097 , 45.17
2098 , 44.57
2099 , 46.18
2100 , 45.01
2101 , 45.18
2102 , 47.5
2103 , 47.64
2104 , 50.78
2105 , 46.19
2106 , 43.64
2107 , 46.22
2108 , 44.81
2109 , 46.6
2110 , 49.45
2111 , 52.29
2112 , 49.91
2113 , 49.62
2114 , 52.62
2115 , 52.71
2116 , 48.76
2117 , 48.88
2118 , 48.45
2119 , 47.62
2120 , 48.85
2121 , 51.51
2122 , 49.7
2123 , 48.02
2124 , 42.99
2125 , 40.85
2126 , 42.3
2127 , 41.61
2128 , 40.87
2129 , 42.37
2130 , 42.0
2131 , 42.59
2132 , 42.45
2133 , 44.17
2134 , 42.85
2135 , 42.67
2136 , 44.53
2137 , 46.82
2138 , 46.53
2139 , 41.91
2140 , 42.38
2141 , 42.96
2142 , 43.66
2143 , 43.19
2144 , 43.4
2145 , 83.82
2146 , 53.14
2147 , 51.01
2148 , 46.17
2149 , 52.21
2150 , 47.49
2151 , 47.22
2152 , 45.41
2153 , 47.76
2154 , 43.63
2155 , 42.78
2156 , 43.76
2157 , 42.76
2158 , 42.6
2159 , 42.93
2160 , 46.39
2161 , 48.22
2162 , 47.18
2163 , 45.92
2164 , 44.77
2165 , 42.89
2166 , 43.29
2167 , 43.39
2168 , 43.0
2169 , 43.88
2170 , 43.73
2171 , 45.19
2172 , 46.81
2173 , 44.71
2174 , 45.24
2175 , 53.08
2176 , 57.98
2177 , 46.37
2178 , 46.95
2179 , 47.2
2180 , 48.91
2181 , 48.7
2182 , 45.29
2183 , 45.43
2184 , 47.17
2185 , 47.24
2186 , 47.95
2187 , 48.3
2188 , 48.89
2189 , 47.89
2190 , 48.34
2191 , 48.68
2192 , 46.37
2193 , 48.29
2194 , 46.72
2195 , 46.39
2196 , 45.79
2197 , 45.93
2198 , 42.59
2199 , 44.54
2200 , 44.33
2201 , 44.31
2202 , 44.22
2203 , 44.19
2204 , 44.42
2205 , 46.31
2206 , 46.5
2207 , 46.92
2208 , 44.68
2209 , 45.37
2210 , 45.76
2211 , 45.23
2212 , 46.88
2213 , 46.61
2214 , 44.2
2215 , 45.77
2216 , 43.57
2217 , 45.89
2218 , 47.15
2219 , 46.38
2220 , 46.08
2221 , 43.86
2222 , 45.88
2223 , 47.29
2224 , 48.42
2225 , 44.9
2226 , 44.8
2227 , 46.49
2228 , 46.45
2229 , 46.19
2230 , 46.16
2231 , 47.8
2232 , 46.91
2233 , 44.94
2234 , 47.15
2235 , 47.45
2236 , 46.09
2237 , 47.38
2238 , 47.63
2239 , 48.67
2240 , 50.46
2241 , 49.35
2242 , 48.63
2243 , 52.56
2244 , 49.38
2245 , 49.78
2246 , 48.89
2247 , 49.58
2248 , 49.19
2249 , 47.47
2250 , 44.78
2251 , 52.64
2252 , 55.07
2253 , 47.32
2254 , 45.64
2255 , 45.47
2256 , 46.13
2257 , 47.57
2258 , 45.61
2259 , 42.73
2260 , 43.6
2261 , 48.39
2262 , 44.91
2263 , 43.65
2264 , 44.25
2265 , 50.13
2266 , 45.45
2267 , 44.7
2268 , 45.87
2269 , 49.5
2270 , 49.86
2271 , 58.11
2272 , 51.69
2273 , 51.66
2274 , 57.76
2275 , 54.63
2276 , 55.64
2277 , 52.91
2278 , 55.48
2279 , 52.06
2280 , 58.96
2281 , 56.55
2282 , 53.4
2283 , 51.98
2284 , 55.18
2285 , 50.66
2286 , 63.25
2287 , 54.35
2288 , 54.63
2289 , 50.94
2290 , 49.27
2291 , 48.68
2292 , 49.45
2293 , 52.54
2294 , 49.04
2295 , 54.34
2296 , 50.53
2297 , 51.01
2298 , 54.37
2299 , 50.87
2300 , 49.7
2301 , 51.12
2302 , 47.82
2303 , 49.39
2304 , 49.23
2305 , 49.35
2306 , 48.04
2307 , 50.79
2308 , 48.61
2309 , 49.41
2310 , 52.85
2311 , 49.54
2312 , 49.78
2313 , 49.29
2314 , 50.79
2315 , 57.65
2316 , 48.97
2317 , 52.2
2318 , 51.03
2319 , 48.45
2320 , 49.13
2321 , 50.12
2322 , 56.73
2323 , 50.93
2324 , 50.92
2325 , 47.45
2326 , 55.97
2327 , 53.71
2328 , 52.86
2329 , 48.98
2330 , 53.33
2331 , 49.4
2332 , 50.37
2333 , 50.52
2334 , 50.95
2335 , 49.01
2336 , 52.05
2337 , 53.28
2338 , 50.49
2339 , 49.84
2340 , 49.35
2341 , 48.23
2342 , 49.72
2343 , 48.97
2344 , 46.86
2345 , 48.63
2346 , 46.75
2347 , 46.55
2348 , 46.05
2349 , 46.78
2350 , 47.13
2351 , 47.97
2352 , 45.29
2353 , 52.33
2354 , 49.38
2355 , 47.94
2356 , 47.85
2357 , 49.4
2358 , 52.65
2359 , 50.93
2360 , 50.54
2361 , 48.26
2362 , 47.77
2363 , 53.69
2364 , 50.31
2365 , 51.32
2366 , 55.09
2367 , 56.38
2368 , 52.94
2369 , 53.58
2370 , 52.62
2371 , 53.23
2372 , 52.45
2373 , 48.63
2374 , 51.84
2375 , 52.64
2376 , 48.16
2377 , 47.54
2378 , 52.44
2379 , 49.51
2380 , 54.04
2381 , 48.04
2382 , 50.83
2383 , 55.64
2384 , 57.37
2385 , 48.1
2386 , 52.05
2387 , 54.31
2388 , 52.62
2389 , 52.15
2390 , 53.04
2391 , 51.75
2392 , 49.97
2393 , 46.89
2394 , 47.99
2395 , 53.05
2396 , 47.46
2397 , 47.49
2398 , 51.1
2399 , 46.09
2400 , 46.89
2401 , 54.16
2402 , 52.61
2403 , 52.3
2404 , 50.66
2405 , 45.93
2406 , 46.24
2407 , 50.01
2408 , 48.65
2409 , 56.03
2410 , 54.93
2411 , 55.39
2412 , 48.83
2413 , 50.42
2414 , 48.95
2415 , 52.36
2416 , 51.89
2417 , 51.56
2418 , 52.23
2419 , 48.93
2420 , 48.35
2421 , 48.65
2422 , 48.82
2423 , 50.02
2424 , 49.26
2425 , 49.8
2426 , 50.5
2427 , 52.12
2428 , 54.62
2429 , 52.4
2430 , 52.82
2431 , 50.07
2432 , 51.74
2433 , 49.62
2434 , 54.13
2435 , 52.69
2436 , 51.54
2437 , 52.57
2438 , 51.71
2439 , 58.65
2440 , 51.36
2441 , 53.29
2442 , 52.89
2443 , 55.89
2444 , 56.58
2445 , 54.42
2446 , 53.4
2447 , 50.49
2448 , 51.97
2449 , 49.13
2450 , 50.33
2451 , 50.88
2452 , 51.27
2453 , 55.03
2454 , 51.88
2455 , 52.18
2456 , 50.79
2457 , 53.38
2458 , 54.78
2459 , 48.02
2460 , 49.65
2461 , 47.68
2462 , 46.5
2463 , 47.98
2464 , 49.51
2465 , 48.22
2466 , 50.11
2467 , 51.48
2468 , 48.34
2469 , 52.86
2470 , 49.52
2471 , 50.59
2472 , 51.28
2473 , 47.54
2474 , 49.8
2475 , 48.84
2476 , 50.1
2477 , 49.36
2478 , 49.88
2479 , 48.78
2480 , 50.18
2481 , 48.36
2482 , 49.95
2483 , 48.73
2484 , 49.11
2485 , 49.65
2486 , 59.92
2487 , 50.18
2488 , 50.67
2489 , 53.72
2490 , 52.25
2491 , 53.3
2492 , 54.27
2493 , 53.29
2494 , 60.66
2495 , 53.07
2496 , 54.53
2497 , 50.55
2498 , 55.62
2499 , 54.65
2500 , 53.99
2501 , 58.23
2502 , 59.93
2503 , 55.66
2504 , 57.93
2505 , 51.76
2506 , 52.38
2507 , 58.23
2508 , 58.69
2509 , 56.46
2510 , 58.27
2511 , 53.9
2512 , 56.89
2513 , 56.51
2514 , 51.93
2515 , 57.72
2516 , 55.87
2517 , 57.69
2518 , 54.34
2519 , 53.69
2520 , 59.68
2521 , 52.47
2522 , 64.32
2523 , 57.59
2524 , 57.89
2525 , 55.82
2526 , 49.91
2527 , 59.46
2528 , 60.69
2529 , 56.94
2530 , 58.49
2531 , 55.86
2532 , 55.14
2533 , 54.85
2534 , 57.8
2535 , 75.1
2536 , 73.94
2537 , 59.71
2538 , 66.8
2539 , 54.09
2540 , 51.73
2541 , 53.89
2542 , 52.77
2543 , 53.15
2544 , 54.31
2545 , 51.6
2546 , 54.23
2547 , 54.84
2548 , 52.9
2549 , 57.7
2550 , 54.16
2551 , 54.43
2552 , 55.57
2553 , 54.83
2554 , 53.49
2555 , 53.13
2556 , 51.37
2557 , 51.27
2558 , 50.09
2559 , 53.67
2560 , 57.66
2561 , 56.91
2562 , 56.24
2563 , 53.84
2564 , 52.47
2565 , 52.32
2566 , 55.34
2567 , 55.79
2568 , 54.52
2569 , 59.6
2570 , 56.9
2571 , 55.84
2572 , 52.8
2573 , 53.85
2574 , 51.54
2575 , 51.45
2576 , 51.25
2577 , 49.0
2578 , 48.77
2579 , 49.51
2580 , 56.11
2581 , 50.25
2582 , 52.05
2583 , 55.71
2584 , 53.94
2585 , 54.51
2586 , 52.58
2587 , 56.55
2588 , 51.27
2589 , 52.45
2590 , 49.0
2591 , 50.1
2592 , 50.82
2593 , 50.97
2594 , 50.74
2595 , 52.49
2596 , 52.07
2597 , 52.78
2598 , 55.89
2599 , 51.93
2600 , 54.99
2601 , 53.02
2602 , 52.92
2603 , 55.2
2604 , 53.26
2605 , 54.13
2606 , 53.94
2607 , 53.15
2608 , 57.77
2609 , 53.84
2610 , 49.35
2611 , 48.83
2612 , 55.0
2613 , 61.79
2614 , 60.44
2615 , 64.11
2616 , 58.3
2617 , 62.9
2618 , 63.8
2619 , 52.44
2620 , 46.42
2621 , 50.26
2622 , 49.05
2623 , 50.9
2624 , 63.59
2625 , 57.07
2626 , 61.76
2627 , 60.97
2628 , 59.58
2629 , 49.26
2630 , 48.58
2631 , 49.11
2632 , 54.57
2633 , 67.49
2634 , 58.65
2635 , 62.42
2636 , 64.16
2637 , 54.66
2638 , 60.94
2639 , 53.93
2640 , 55.09
2641 , 63.05
2642 , 63.34
2643 , 53.93
2644 , 51.46
2645 , 52.38
2646 , 51.38
2647 , 50.44
2648 , 52.74
2649 , 55.99
2650 , 55.82
2651 , 49.96
2652 , 53.61
2653 , 50.55
2654 , 51.28
2655 , 50.75
2656 , 51.35
2657 , 52.35
2658 , 52.81
2659 , 54.13
2660 , 52.28
2661 , 53.98
2662 , 50.14
2663 , 51.49
2664 , 53.31
2665 , 53.33
2666 , 53.34
2667 , 54.07
2668 , 52.07
2669 , 55.44
2670 , 53.14
2671 , 53.73
2672 , 51.75
2673 , 53.07
2674 , 51.97
2675 , 52.81
2676 , 53.3
2677 , 52.53
2678 , 49.23
2679 , 52.97
2680 , 58.9
2681 , 51.01
2682 , 49.34
2683 , 51.18
2684 , 52.76
2685 , 52.85
2686 , 49.8
2687 , 50.33
2688 , 50.8
2689 , 53.93
2690 , 51.34
2691 , 55.95
2692 , 55.21
2693 , 57.45
2694 , 58.01
2695 , 53.47
2696 , 51.4
2697 , 50.99
2698 , 48.96
2699 , 54.4
2700 , 51.19
2701 , 50.62
2702 , 53.54
2703 , 51.66
2704 , 51.9
2705 , 55.04
2706 , 54.72
2707 , 50.62
2708 , 54.44
2709 , 53.34
2710 , 51.9
2711 , 52.69
2712 , 53.05
2713 , 54.6
2714 , 52.12
2715 , 54.77
2716 , 54.4
2717 , 53.29
2718 , 56.21
2719 , 54.23
2720 , 53.4
2721 , 55.53
2722 , 51.32
2723 , 96.74
2724 , 64.73
2725 , 59.05
2726 , 61.52
2727 , 59.03
2728 , 66.18
2729 , 73.77
2730 , 61.54
2731 , 60.33
2732 , 64.39
2733 , 64.34
2734 , 62.88
2735 , 90.55
2736 , 64.85
2737 , 67.26
2738 , 60.27
2739 , 54.59
2740 , 55.48
2741 , 64.11
2742 , 63.61
2743 , 61.66
2744 , 60.53
2745 , 57.62
2746 , 52.56
2747 , 55.23
2748 , 53.49
2749 , 55.44
2750 , 57.24
2751 , 63.08
2752 , 54.67
2753 , 63.64
2754 , 54.99
2755 , 56.48
2756 , 55.68
2757 , 53.17
2758 , 51.92
2759 , 54.64
2760 , 53.38
2761 , 54.29
2762 , 55.51
2763 , 62.42
2764 , 61.26
2765 , 61.06
2766 , 58.19
2767 , 55.46
2768 , 59.89
2769 , 56.88
2770 , 59.06
2771 , 58.22
2772 , 58.84
2773 , 62.92
2774 , 60.88
2775 , 65.65
2776 , 61.73
2777 , 55.67
2778 , 54.17
2779 , 60.15
2780 , 60.53
2781 , 59.16
2782 , 55.27
2783 , 56.63
2784 , 57.72
2785 , 61.2
2786 , 56.33
2787 , 61.22
2788 , 55.21
2789 , 57.72
2790 , 54.64
2791 , 52.23
2792 , 53.4
2793 , 54.4
2794 , 55.73
2795 , 55.38
2796 , 55.05
2797 , 59.12
2798 , 57.95
2799 , 56.57
2800 , 59.46
2801 , 53.93
2802 , 52.67
2803 , 53.11
2804 , 54.16
2805 , 54.71
2806 , 54.62
2807 , 53.64
2808 , 51.44
2809 , 52.35
2810 , 53.34
2811 , 57.08
2812 , 52.34
2813 , 52.89
2814 , 54.11
2815 , 53.5
2816 , 55.05
2817 , 54.38
2818 , 58.21
2819 , 56.35
2820 , 53.41
2821 , 53.47
2822 , 54.72
2823 , 52.85
2824 , 53.51
2825 , 55.04
2826 , 55.75
2827 , 55.37
2828 , 55.08
2829 , 55.86
2830 , 55.58
2831 , 55.34
2832 , 61.32
2833 , 59.85
2834 , 55.01
2835 , 50.89
2836 , 54.71
2837 , 64.07
2838 , 61.75
2839 , 56.58
2840 , 61.55
2841 , 60.05
2842 , 61.21
2843 , 52.33
2844 , 49.27
2845 , 51.74
2846 , 63.77
2847 , 59.2
2848 , 55.69
2849 , 59.74
2850 , 60.48
2851 , 58.97
2852 , 56.77
2853 , 65.91
2854 , 54.16
2855 , 54.43
2856 , 49.74
2857 , 49.4
2858 , 52.83
2859 , 60.4
2860 , 60.4
2861 , 56.85
2862 , 57.45
2863 , 60.52
2864 , 56.37
2865 , 53.94
2866 , 56.34
2867 , 57.35
2868 , 54.8
2869 , 50.2
2870 , 50.05
2871 , 50.75
2872 , 53.64
2873 , 54.41
2874 , 54.6
2875 , 56.93
2876 , 56.0
2877 , 53.62
2878 , 55.1
2879 , 54.13
2880 , 51.56
2881 , 53.78
2882 , 56.61
2883 , 52.77
2884 , 55.39
2885 , 56.68
2886 , 56.28
2887 , 55.9
2888 , 56.47
2889 , 51.89
2890 , 53.27
2891 , 56.02
2892 , 51.79
2893 , 53.48
2894 , 55.19
2895 , 55.48
2896 , 54.45
2897 , 55.29
2898 , 56.31
2899 , 54.59
2900 , 56.04
2901 , 56.88
2902 , 51.48
2903 , 52.26
2904 , 50.14
2905 , 57.08
2906 , 55.2
2907 , 54.38
2908 , 52.89
2909 , 53.17
2910 , 51.67
2911 , 51.71
2912 , 47.9
2913 , 50.66
2914 , 50.34
2915 , 50.44
2916 , 51.07
2917 , 48.29
2918 , 49.42
2919 , 50.21
2920 , 51.68
2921 , 54.4
2922 , 52.82
2923 , 50.08
2924 , 52.09
2925 , 50.97
2926 , 51.84
2927 , 53.59
2928 , 54.56
2929 , 57.74
2930 , 59.86
2931 , 52.06
2932 , 52.17
2933 , 56.24
2934 , 54.37
2935 , 55.23
2936 , 55.95
2937 , 54.21
2938 , 53.06
2939 , 57.37
2940 , 53.91
2941 , 57.38
2942 , 52.63
2943 , 53.78
2944 , 51.29
2945 , 51.71
2946 , 51.36
2947 , 54.94
2948 , 58.3
2949 , 61.25
2950 , 60.05
2951 , 54.68
2952 , 56.91
2953 , 57.86
2954 , 55.42
2955 , 50.45
2956 , 48.81
2957 , 50.93
2958 , 50.3
2959 , 47.93
2960 , 48.62
2961 , 50.53
2962 , 49.33
2963 , 48.97
2964 , 48.07
2965 , 51.14
2966 , 53.03
2967 , 47.92
2968 , 52.66
2969 , 52.94
2970 , 54.46
2971 , 61.33
2972 , 55.18
2973 , 56.89
2974 , 54.81
2975 , 49.66
2976 , 51.28
2977 , 54.85
2978 , 50.08
2979 , 53.21
2980 , 51.54
2981 , 50.54
2982 , 54.87
2983 , 50.96
2984 , 56.1
2985 , 56.53
2986 , 52.07
2987 , 54.13
2988 , 55.34
2989 , 57.69
2990 , 61.84
2991 , 53.51
2992 , 52.42
2993 , 53.48
2994 , 53.82
2995 , 57.79
2996 , 51.99
2997 , 51.3
2998 , 51.66
2999 , 60.5
3000 , 53.13
