1 , 26.97
2 , 23.46
3 , 19.16
4 , 19.11
5 , 19.07
6 , 19.08
7 , 19.09
8 , 19.12
9 , 19.11
10 , 19.11
11 , 19.07
12 , 19.06
13 , 19.08
14 , 19.13
15 , 19.09
16 , 19.1
17 , 19.08
18 , 19.06
19 , 19.06
20 , 19.05
21 , 19.06
22 , 19.05
23 , 19.08
24 , 19.09
25 , 19.11
26 , 19.37
27 , 19.12
28 , 19.08
29 , 19.11
30 , 19.09
31 , 19.08
32 , 19.08
33 , 19.11
34 , 19.06
35 , 19.05
36 , 19.05
37 , 19.07
38 , 19.05
39 , 19.09
40 , 19.09
41 , 19.1
42 , 19.07
43 , 19.08
44 , 19.06
45 , 19.05
46 , 19.06
47 , 19.06
48 , 19.08
49 , 19.08
50 , 19.08
51 , 19.06
52 , 19.07
53 , 19.47
54 , 19.2
55 , 19.19
56 , 19.14
57 , 19.11
58 , 19.09
59 , 19.18
60 , 19.17
61 , 19.14
62 , 19.1
63 , 19.13
64 , 19.12
65 , 19.11
66 , 19.1
67 , 19.11
68 , 19.13
69 , 19.07
70 , 19.09
71 , 19.1
72 , 19.08
73 , 19.09
74 , 19.11
75 , 19.15
76 , 19.12
77 , 19.1
78 , 19.1
79 , 19.1
80 , 19.11
81 , 19.1
82 , 19.09
83 , 19.1
84 , 19.08
85 , 19.07
86 , 19.07
87 , 19.07
88 , 19.11
89 , 19.12
90 , 19.12
91 , 19.08
92 , 19.11
93 , 19.1
94 , 19.09
95 , 19.08
96 , 19.09
97 , 19.16
98 , 19.34
99 , 19.27
100 , 19.08
101 , 19.06
102 , 19.08
103 , 19.1
104 , 19.11
105 , 19.05
106 , 19.06
107 , 19.04
108 , 19.07
109 , 19.06
110 , 19.08
111 , 19.1
112 , 19.1
113 , 19.08
114 , 19.09
115 , 19.07
116 , 19.06
117 , 19.1
118 , 19.08
119 , 19.08
120 , 19.13
121 , 19.06
122 , 19.08
123 , 19.32
124 , 19.11
125 , 19.09
126 , 19.08
127 , 19.1
128 , 19.07
129 , 19.07
130 , 19.09
131 , 19.06
132 , 19.08
133 , 19.09
134 , 19.12
135 , 19.08
136 , 19.07
137 , 19.08
138 , 19.13
139 , 19.07
140 , 19.07
141 , 19.09
142 , 19.1
143 , 19.07
144 , 19.06
145 , 19.05
146 , 19.05
147 , 19.06
148 , 19.07
149 , 19.08
150 , 19.08
151 , 19.09
152 , 19.07
153 , 19.05
154 , 19.06
155 , 19.07
156 , 19.08
157 , 19.09
158 , 19.08
159 , 19.08
160 , 19.06
161 , 19.06
162 , 19.08
163 , 19.07
164 , 19.08
165 , 19.07
166 , 19.07
167 , 19.06
168 , 19.05
169 , 19.08
170 , 19.04
171 , 19.08
172 , 19.11
173 , 19.09
174 , 19.09
175 , 19.07
176 , 19.05
177 , 19.11
178 , 19.05
179 , 19.08
180 , 19.07
181 , 19.1
182 , 19.07
183 , 19.06
184 , 19.05
185 , 19.08
186 , 19.09
187 , 19.1
188 , 19.07
189 , 19.07
190 , 19.12
191 , 19.05
192 , 19.06
193 , 19.08
194 , 19.07
195 , 19.08
196 , 19.08
197 , 19.3
198 , 19.32
199 , 19.21
200 , 19.06
201 , 19.08
202 , 19.1
203 , 19.08
204 , 19.13
205 , 19.04
206 , 19.07
207 , 19.09
208 , 19.09
209 , 19.08
210 , 19.13
211 , 19.17
212 , 19.13
213 , 19.09
214 , 19.09
215 , 19.06
216 , 19.09
217 , 19.08
218 , 19.12
219 , 19.1
220 , 19.12
221 , 19.3
222 , 19.09
223 , 19.05
224 , 19.1
225 , 19.12
226 , 19.08
227 , 19.12
228 , 19.05
229 , 19.05
230 , 19.06
231 , 19.08
232 , 19.07
233 , 19.09
234 , 19.11
235 , 19.08
236 , 19.09
237 , 19.08
238 , 19.05
239 , 19.07
240 , 19.08
241 , 19.11
242 , 19.05
243 , 19.07
244 , 19.07
245 , 19.07
246 , 19.05
247 , 19.09
248 , 19.09
249 , 19.1
250 , 19.08
251 , 19.08
252 , 19.06
253 , 19.09
254 , 19.06
255 , 19.07
256 , 19.07
257 , 19.09
258 , 19.11
259 , 19.07
260 , 19.1
261 , 19.06
262 , 19.04
263 , 19.06
264 , 19.07
265 , 19.09
266 , 19.07
267 , 19.07
268 , 19.06
269 , 19.1
270 , 19.07
271 , 19.08
272 , 19.08
273 , 19.08
274 , 19.1
275 , 19.07
276 , 19.07
277 , 19.07
278 , 19.04
279 , 19.1
280 , 19.13
281 , 19.09
282 , 19.08
283 , 19.04
284 , 19.1
285 , 19.07
286 , 19.06
287 , 19.06
288 , 19.1
289 , 19.1
290 , 19.1
291 , 19.05
292 , 19.08
293 , 19.07
294 , 19.06
295 , 19.07
296 , 19.06
297 , 19.36
298 , 19.35
299 , 19.31
300 , 19.15
301 , 19.12
302 , 19.27
303 , 19.2
304 , 19.19
305 , 19.19
306 , 19.12
307 , 19.11
308 , 19.13
309 , 19.12
310 , 19.12
311 , 19.11
312 , 19.13
313 , 19.14
314 , 19.1
315 , 19.14
316 , 19.07
317 , 19.12
318 , 19.36
319 , 19.15
320 , 19.14
321 , 19.15
322 , 19.1
323 , 19.11
324 , 19.07
325 , 19.12
326 , 19.11
327 , 19.14
328 , 19.12
329 , 19.1
330 , 19.07
331 , 19.1
332 , 19.09
333 , 19.16
334 , 19.1
335 , 19.15
336 , 19.12
337 , 19.06
338 , 19.07
339 , 19.08
340 , 19.1
341 , 19.12
342 , 19.1
343 , 19.15
344 , 19.1
345 , 19.08
346 , 19.07
347 , 19.1
348 , 19.1
349 , 19.13
350 , 19.17
351 , 19.11
352 , 19.1
353 , 19.08
354 , 19.08
355 , 19.11
356 , 19.16
357 , 19.17
358 , 19.15
359 , 19.09
360 , 19.07
361 , 19.08
362 , 19.11
363 , 19.12
364 , 19.13
365 , 19.08
366 , 19.07
367 , 19.08
368 , 19.09
369 , 19.06
370 , 19.09
371 , 19.09
372 , 19.09
373 , 19.09
374 , 19.09
375 , 19.05
376 , 19.09
377 , 19.08
378 , 19.11
379 , 19.12
380 , 19.15
381 , 19.07
382 , 19.09
383 , 19.08
384 , 19.07
385 , 19.07
386 , 19.09
387 , 19.09
388 , 19.07
389 , 19.07
390 , 19.07
391 , 19.1
392 , 19.06
393 , 19.11
394 , 19.08
395 , 19.11
396 , 19.18
397 , 19.28
398 , 19.27
399 , 19.11
400 , 19.09
401 , 19.13
402 , 19.12
403 , 19.13
404 , 19.08
405 , 19.16
406 , 19.11
407 , 19.12
408 , 19.08
409 , 19.1
410 , 19.07
411 , 19.07
412 , 19.06
413 , 19.11
414 , 19.07
415 , 19.12
416 , 19.34
417 , 19.11
418 , 19.09
419 , 19.08
420 , 19.09
421 , 19.1
422 , 19.12
423 , 19.1
424 , 19.17
425 , 19.15
426 , 19.1
427 , 19.11
428 , 19.1
429 , 19.08
430 , 19.19
431 , 19.14
432 , 19.1
433 , 19.1
434 , 19.09
435 , 19.08
436 , 19.09
437 , 19.11
438 , 19.12
439 , 19.12
440 , 19.1
441 , 19.07
442 , 19.11
443 , 19.08
444 , 19.11
445 , 19.08
446 , 19.13
447 , 19.09
448 , 19.09
449 , 19.1
450 , 19.07
451 , 19.08
452 , 19.1
453 , 19.14
454 , 19.11
455 , 19.11
456 , 19.07
457 , 19.11
458 , 19.12
459 , 19.07
460 , 19.11
461 , 19.13
462 , 19.11
463 , 19.08
464 , 19.11
465 , 19.12
466 , 19.08
467 , 19.11
468 , 19.09
469 , 19.09
470 , 19.07
471 , 19.08
472 , 19.09
473 , 19.09
474 , 19.07
475 , 19.09
476 , 19.11
477 , 19.15
478 , 19.06
479 , 19.15
480 , 19.1
481 , 19.15
482 , 19.12
483 , 19.11
484 , 19.11
485 , 19.08
486 , 19.07
487 , 19.1
488 , 19.09
489 , 19.12
490 , 19.12
491 , 19.14
492 , 19.07
493 , 19.07
494 , 19.09
495 , 19.09
496 , 19.22
497 , 19.32
498 , 19.21
499 , 2.77
500 , 2.58
501 , 2.59
502 , 2.57
503 , 2.57
504 , 2.56
505 , 2.55
506 , 2.54
507 , 2.54
508 , 2.54
509 , 2.54
510 , 2.57
511 , 2.57
512 , 2.56
513 , 2.55
514 , 2.58
515 , 2.55
516 , 2.52
517 , 2.54
518 , 2.54
519 , 2.56
520 , 2.55
521 , 2.55
522 , 2.55
523 , 2.54
524 , 2.54
525 , 2.52
526 , 2.54
527 , 2.54
528 , 2.57
529 , 2.55
530 , 2.55
531 , 2.55
532 , 2.55
533 , 2.54
534 , 2.52
535 , 2.53
536 , 2.53
537 , 2.55
538 , 2.55
539 , 2.54
540 , 2.54
541 , 2.54
542 , 2.52
543 , 2.54
544 , 2.52
545 , 2.54
546 , 2.55
547 , 2.55
548 , 2.54
549 , 2.55
550 , 2.54
551 , 2.52
552 , 2.52
553 , 2.53
554 , 2.55
555 , 2.55
556 , 2.55
557 , 2.54
558 , 2.54
559 , 2.54
560 , 2.52
561 , 2.52
562 , 2.53
563 , 2.55
564 , 2.55
565 , 2.55
566 , 2.55
567 , 2.54
568 , 2.53
569 , 2.52
570 , 2.53
571 , 2.53
572 , 2.55
573 , 2.54
574 , 2.55
575 , 2.54
576 , 2.53
577 , 2.52
578 , 2.52
579 , 2.53
580 , 2.54
581 , 2.59
582 , 2.78
583 , 2.55
584 , 2.55
585 , 2.55
586 , 2.54
587 , 2.52
588 , 2.53
589 , 2.53
590 , 2.55
591 , 2.54
592 , 2.54
593 , 2.54
594 , 2.54
595 , 2.53
596 , 2.52
597 , 2.52
598 , 2.54
599 , 2.56
600 , 2.55
601 , 2.54
602 , 2.54
603 , 2.54
604 , 2.51
605 , 2.53
606 , 2.52
607 , 2.55
608 , 2.55
609 , 2.54
610 , 2.54
611 , 2.54
612 , 2.54
613 , 2.52
614 , 2.53
615 , 2.53
616 , 2.54
617 , 2.55
618 , 2.54
619 , 2.54
620 , 2.54
621 , 2.53
622 , 2.52
623 , 2.52
624 , 2.53
625 , 2.56
626 , 2.55
627 , 2.55
628 , 2.55
629 , 2.54
630 , 2.52
631 , 2.53
632 , 2.53
633 , 2.53
634 , 2.57
635 , 2.55
636 , 2.54
637 , 2.54
638 , 2.54
639 , 2.52
640 , 2.52
641 , 2.53
642 , 2.55
643 , 2.55
644 , 2.54
645 , 2.56
646 , 2.54
647 , 2.53
648 , 2.52
649 , 2.52
650 , 2.53
651 , 2.55
652 , 2.55
653 , 2.54
654 , 2.54
655 , 2.53
656 , 2.53
657 , 2.52
658 , 2.52
659 , 2.52
660 , 2.54
661 , 2.55
662 , 2.54
663 , 2.53
664 , 2.54
665 , 2.51
666 , 2.52
667 , 2.53
668 , 2.53
669 , 2.58
670 , 2.55
671 , 2.54
672 , 2.54
673 , 2.54
674 , 2.52
675 , 2.52
676 , 2.52
677 , 2.55
678 , 2.56
679 , 2.54
680 , 2.55
681 , 2.54
682 , 2.53
683 , 2.52
684 , 2.52
685 , 2.52
686 , 2.55
687 , 2.56
688 , 2.54
689 , 2.54
690 , 2.54
691 , 2.53
692 , 2.52
693 , 2.53
694 , 2.53
695 , 2.55
696 , 2.54
697 , 2.54
698 , 2.54
699 , 2.53
700 , 2.52
701 , 2.52
702 , 2.52
703 , 2.54
704 , 2.55
705 , 2.54
706 , 2.54
707 , 2.54
708 , 2.53
709 , 2.52
710 , 2.53
711 , 2.52
712 , 2.55
713 , 2.54
714 , 2.54
715 , 2.54
716 , 2.55
717 , 2.54
718 , 2.52
719 , 2.53
720 , 2.53
721 , 2.55
722 , 2.55
723 , 2.54
724 , 2.54
725 , 2.54
726 , 2.52
727 , 2.52
728 , 2.52
729 , 2.54
730 , 2.55
731 , 2.55
732 , 2.54
733 , 2.54
734 , 2.51
735 , 2.51
736 , 3.06
737 , 3.14
738 , 3.45
739 , 3.03
740 , 2.65
741 , 2.61
742 , 2.57
743 , 2.55
744 , 2.56
745 , 2.56
746 , 2.6
747 , 2.61
748 , 2.59
749 , 2.58
750 , 2.58
751 , 2.58
752 , 2.55
753 , 2.54
754 , 2.54
755 , 2.64
756 , 2.59
757 , 2.6
758 , 2.57
759 , 2.56
760 , 2.56
761 , 2.55
762 , 2.53
763 , 2.53
764 , 2.54
765 , 2.54
766 , 2.56
767 , 2.55
768 , 2.55
769 , 2.56
770 , 2.54
771 , 2.53
772 , 2.56
773 , 2.65
774 , 2.55
775 , 2.61
776 , 2.6
777 , 2.59
778 , 2.57
779 , 2.57
780 , 2.56
781 , 2.53
782 , 2.54
783 , 2.54
784 , 2.55
785 , 2.57
786 , 2.56
787 , 2.55
788 , 2.55
789 , 2.55
790 , 2.57
791 , 2.52
792 , 2.53
793 , 2.53
794 , 2.57
795 , 2.57
796 , 2.56
797 , 2.55
798 , 2.56
799 , 2.55
800 , 2.52
801 , 2.54
802 , 2.55
803 , 2.56
804 , 2.55
805 , 2.56
806 , 2.55
807 , 2.55
808 , 2.56
809 , 2.52
810 , 2.53
811 , 2.54
812 , 2.56
813 , 2.56
814 , 2.55
815 , 2.55
816 , 2.55
817 , 2.54
818 , 2.53
819 , 2.53
820 , 2.53
821 , 2.56
822 , 2.56
823 , 2.55
824 , 2.57
825 , 2.57
826 , 2.55
827 , 2.52
828 , 2.53
829 , 2.52
830 , 2.55
831 , 2.55
832 , 2.55
833 , 2.55
834 , 2.54
835 , 2.53
836 , 2.52
837 , 2.53
838 , 2.53
839 , 2.55
840 , 2.55
841 , 2.55
842 , 2.54
843 , 2.54
844 , 2.54
845 , 2.52
846 , 2.53
847 , 2.54
848 , 2.55
849 , 2.55
850 , 2.55
851 , 2.55
852 , 2.54
853 , 2.54
854 , 2.53
855 , 2.52
856 , 2.53
857 , 2.56
858 , 2.55
859 , 2.54
860 , 2.55
861 , 2.56
862 , 2.54
863 , 2.53
864 , 2.53
865 , 2.53
866 , 2.55
867 , 2.55
868 , 2.55
869 , 2.55
870 , 2.55
871 , 2.54
872 , 2.52
873 , 2.53
874 , 2.54
875 , 2.55
876 , 2.55
877 , 2.55
878 , 2.55
879 , 2.54
880 , 2.52
881 , 2.53
882 , 2.53
883 , 2.54
884 , 2.56
885 , 2.55
886 , 2.55
887 , 2.55
888 , 2.54
889 , 2.53
890 , 2.53
891 , 2.52
892 , 2.54
893 , 2.56
894 , 2.55
895 , 2.54
896 , 2.54
897 , 2.54
898 , 2.53
899 , 2.53
900 , 2.52
901 , 2.56
902 , 2.55
903 , 2.57
904 , 2.55
905 , 2.54
906 , 2.53
907 , 2.52
908 , 2.54
909 , 2.54
910 , 2.56
911 , 2.56
912 , 2.55
913 , 2.55
914 , 2.54
915 , 2.54
916 , 2.52
917 , 2.53
918 , 2.53
919 , 2.55
920 , 2.55
921 , 2.55
922 , 2.55
923 , 2.54
924 , 2.55
925 , 2.53
926 , 2.53
927 , 2.54
928 , 2.56
929 , 2.56
930 , 2.55
931 , 2.54
932 , 2.54
933 , 2.54
934 , 2.52
935 , 2.53
936 , 2.53
937 , 2.56
938 , 2.56
939 , 2.55
940 , 2.54
941 , 2.54
942 , 2.54
943 , 2.52
944 , 2.53
945 , 2.53
946 , 2.55
947 , 2.55
948 , 2.55
949 , 2.56
950 , 2.55
951 , 2.54
952 , 2.52
953 , 2.53
954 , 2.53
955 , 2.55
956 , 2.56
957 , 2.55
958 , 2.54
959 , 2.54
960 , 2.54
961 , 2.52
962 , 2.53
963 , 2.53
964 , 2.56
965 , 2.56
966 , 2.55
967 , 2.55
968 , 2.55
969 , 2.55
970 , 2.55
971 , 2.52
972 , 2.54
973 , 2.53
974 , 2.54
975 , 2.55
976 , 2.55
977 , 2.55
978 , 2.55
979 , 2.55
980 , 2.52
981 , 2.53
982 , 2.54
983 , 2.54
984 , 2.56
985 , 2.55
986 , 2.54
987 , 2.55
988 , 2.54
989 , 2.52
990 , 2.53
991 , 2.53
992 , 2.56
993 , 2.56
994 , 2.55
995 , 2.54
996 , 2.55
997 , 2.54
998 , 2.54
999 , 2.52
1000 , 2.52
1001 , 2.54
1002 , 2.55
1003 , 2.56
1004 , 2.54
1005 , 2.55
1006 , 2.54
1007 , 2.54
1008 , 2.53
1009 , 2.53
1010 , 2.54
1011 , 2.57
1012 , 2.57
1013 , 2.55
1014 , 2.55
1015 , 2.54
1016 , 2.54
1017 , 2.53
1018 , 2.53
1019 , 2.52
1020 , 2.55
1021 , 2.56
1022 , 2.55
1023 , 2.55
1024 , 2.57
1025 , 2.55
1026 , 2.53
1027 , 2.54
1028 , 2.53
1029 , 2.56
1030 , 2.56
1031 , 2.55
1032 , 2.55
1033 , 2.56
1034 , 2.54
1035 , 2.52
1036 , 2.54
1037 , 2.54
1038 , 2.56
1039 , 2.56
1040 , 2.56
1041 , 2.54
1042 , 2.54
1043 , 2.55
1044 , 2.54
1045 , 2.52
1046 , 2.53
1047 , 2.53
1048 , 2.56
1049 , 2.55
1050 , 2.56
1051 , 2.54
1052 , 2.54
1053 , 2.54
1054 , 2.52
1055 , 2.54
1056 , 2.53
1057 , 2.66
1058 , 2.57
1059 , 2.55
1060 , 2.56
1061 , 2.55
1062 , 2.54
1063 , 2.54
1064 , 2.53
1065 , 2.53
1066 , 2.53
1067 , 2.56
1068 , 2.58
1069 , 2.55
1070 , 2.55
1071 , 2.55
1072 , 2.54
1073 , 2.52
1074 , 2.53
1075 , 2.53
1076 , 2.54
1077 , 2.55
1078 , 2.55
1079 , 2.56
1080 , 2.54
1081 , 2.55
1082 , 2.53
1083 , 2.53
1084 , 2.52
1085 , 2.52
1086 , 2.53
1087 , 2.55
1088 , 2.58
1089 , 2.57
1090 , 2.57
1091 , 2.55
1092 , 2.55
1093 , 2.54
1094 , 2.54
1095 , 2.53
1096 , 2.52
1097 , 2.53
1098 , 2.55
1099 , 2.56
1100 , 2.55
1101 , 2.54
1102 , 2.54
1103 , 2.53
1104 , 2.51
1105 , 2.53
1106 , 2.53
1107 , 2.55
1108 , 2.55
1109 , 2.54
1110 , 2.55
1111 , 2.54
1112 , 2.54
1113 , 2.52
1114 , 2.52
1115 , 2.53
1116 , 2.54
1117 , 2.55
1118 , 2.54
1119 , 2.54
1120 , 2.54
1121 , 2.53
1122 , 2.51
1123 , 2.52
1124 , 2.52
1125 , 2.55
1126 , 2.54
1127 , 2.54
1128 , 2.54
1129 , 2.54
1130 , 2.54
1131 , 2.52
1132 , 2.52
1133 , 2.53
1134 , 2.54
1135 , 2.56
1136 , 2.54
1137 , 2.54
1138 , 2.54
1139 , 2.54
1140 , 2.53
1141 , 2.52
1142 , 2.54
1143 , 2.79
1144 , 2.55
1145 , 2.55
1146 , 2.56
1147 , 2.54
1148 , 2.54
1149 , 2.53
1150 , 2.52
1151 , 2.52
1152 , 2.53
1153 , 2.55
1154 , 2.55
1155 , 2.53
1156 , 2.54
1157 , 2.53
1158 , 2.52
1159 , 2.53
1160 , 2.53
1161 , 2.55
1162 , 2.55
1163 , 2.54
1164 , 2.54
1165 , 2.54
1166 , 2.53
1167 , 2.51
1168 , 2.52
1169 , 2.53
1170 , 2.55
1171 , 2.55
1172 , 2.54
1173 , 2.55
1174 , 2.54
1175 , 2.54
1176 , 2.52
1177 , 2.52
1178 , 2.53
1179 , 2.55
1180 , 2.56
1181 , 2.54
1182 , 2.54
1183 , 2.53
1184 , 2.52
1185 , 2.53
1186 , 2.52
1187 , 2.54
1188 , 2.55
1189 , 2.55
1190 , 2.54
1191 , 2.54
1192 , 2.53
1193 , 2.52
1194 , 2.52
1195 , 2.53
1196 , 2.55
1197 , 2.55
1198 , 2.54
1199 , 2.54
1200 , 2.54
1201 , 2.54
1202 , 2.52
1203 , 2.52
1204 , 2.53
1205 , 2.55
1206 , 2.54
1207 , 2.55
1208 , 2.54
1209 , 2.54
1210 , 2.53
1211 , 2.52
1212 , 2.53
1213 , 2.53
1214 , 2.55
1215 , 2.54
1216 , 2.54
1217 , 2.54
1218 , 2.54
1219 , 2.52
1220 , 2.52
1221 , 2.53
1222 , 2.56
1223 , 2.55
1224 , 2.54
1225 , 2.54
1226 , 2.54
1227 , 2.53
1228 , 2.52
1229 , 2.53
1230 , 2.53
1231 , 2.59
1232 , 2.55
1233 , 2.54
1234 , 2.54
1235 , 2.54
1236 , 2.53
1237 , 2.52
1238 , 2.53
1239 , 2.52
1240 , 2.56
1241 , 2.55
1242 , 2.55
1243 , 2.55
1244 , 2.54
1245 , 2.54
1246 , 2.51
1247 , 2.53
1248 , 2.53
1249 , 2.55
1250 , 2.54
1251 , 2.55
1252 , 2.54
1253 , 2.54
1254 , 2.53
1255 , 2.52
1256 , 2.52
1257 , 2.54
1258 , 2.55
1259 , 2.55
1260 , 2.54
1261 , 2.54
1262 , 2.54
1263 , 2.52
1264 , 2.53
1265 , 2.52
1266 , 2.52
1267 , 2.56
1268 , 2.58
1269 , 2.54
1270 , 2.54
1271 , 2.54
1272 , 2.53
1273 , 2.53
1274 , 2.52
1275 , 2.52
1276 , 2.55
1277 , 2.54
1278 , 2.54
1279 , 2.54
1280 , 2.53
1281 , 2.53
1282 , 2.52
1283 , 2.53
1284 , 2.53
1285 , 2.55
1286 , 2.55
1287 , 2.54
1288 , 2.55
1289 , 2.54
1290 , 2.53
1291 , 2.52
1292 , 2.53
1293 , 2.53
1294 , 2.55
1295 , 2.54
1296 , 2.54
1297 , 2.54
1298 , 2.54
1299 , 2.53
1300 , 2.52
1301 , 2.52
1302 , 2.53
1303 , 2.55
1304 , 2.55
1305 , 2.54
1306 , 2.54
1307 , 2.53
1308 , 2.52
1309 , 2.52
1310 , 2.53
1311 , 2.56
1312 , 2.55
1313 , 2.55
1314 , 2.54
1315 , 2.54
1316 , 2.53
1317 , 2.52
1318 , 2.52
1319 , 2.53
1320 , 2.55
1321 , 2.55
1322 , 2.54
1323 , 2.53
1324 , 2.54
1325 , 2.54
1326 , 2.52
1327 , 2.52
1328 , 2.54
1329 , 2.55
1330 , 2.55
1331 , 2.54
1332 , 2.55
1333 , 2.54
1334 , 2.52
1335 , 2.53
1336 , 2.52
1337 , 2.54
1338 , 2.55
1339 , 2.54
1340 , 2.54
1341 , 2.54
1342 , 2.54
1343 , 2.52
1344 , 2.52
1345 , 2.53
1346 , 2.55
1347 , 2.57
1348 , 2.54
1349 , 2.54
1350 , 2.54
1351 , 2.54
1352 , 2.52
1353 , 2.51
1354 , 2.53
1355 , 2.54
1356 , 2.55
1357 , 2.56
1358 , 2.55
1359 , 2.54
1360 , 2.54
1361 , 2.53
1362 , 2.52
1363 , 2.52
1364 , 2.55
1365 , 2.57
1366 , 2.55
1367 , 2.54
1368 , 2.54
1369 , 2.54
1370 , 2.52
1371 , 2.53
1372 , 2.52
1373 , 2.54
1374 , 2.55
1375 , 2.54
1376 , 2.55
1377 , 2.54
1378 , 2.54
1379 , 2.52
1380 , 2.52
1381 , 2.53
1382 , 2.55
1383 , 2.55
1384 , 2.55
1385 , 2.54
1386 , 2.54
1387 , 2.55
1388 , 2.52
1389 , 2.52
1390 , 2.53
1391 , 2.56
1392 , 2.54
1393 , 2.54
1394 , 2.54
1395 , 2.53
1396 , 2.54
1397 , 2.53
1398 , 2.52
1399 , 2.53
1400 , 2.56
1401 , 2.54
1402 , 2.55
1403 , 2.54
1404 , 2.54
1405 , 2.53
1406 , 2.52
1407 , 2.53
1408 , 2.52
1409 , 2.55
1410 , 2.55
1411 , 2.55
1412 , 2.54
1413 , 2.54
1414 , 2.53
1415 , 2.52
1416 , 2.52
1417 , 2.54
1418 , 2.54
1419 , 2.55
1420 , 2.54
1421 , 2.54
1422 , 2.54
1423 , 2.55
1424 , 2.52
1425 , 2.52
1426 , 2.53
1427 , 2.55
1428 , 2.55
1429 , 2.54
1430 , 2.54
1431 , 2.54
1432 , 2.54
1433 , 2.52
1434 , 2.52
1435 , 2.53
1436 , 2.55
1437 , 2.55
1438 , 2.54
1439 , 2.54
1440 , 2.53
1441 , 2.52
1442 , 2.53
1443 , 2.53
1444 , 2.56
1445 , 2.56
1446 , 2.54
1447 , 2.54
1448 , 2.54
1449 , 2.54
1450 , 2.52
1451 , 2.52
1452 , 2.53
1453 , 2.55
1454 , 2.56
1455 , 2.55
1456 , 2.55
1457 , 2.54
1458 , 2.54
1459 , 2.52
1460 , 2.52
1461 , 2.52
1462 , 2.55
1463 , 2.55
1464 , 2.54
1465 , 2.54
1466 , 2.54
1467 , 2.53
1468 , 2.52
1469 , 2.52
1470 , 2.52
1471 , 2.55
1472 , 2.54
1473 , 2.54
1474 , 2.54
1475 , 2.54
1476 , 2.52
1477 , 2.52
1478 , 2.54
1479 , 2.53
1480 , 2.55
1481 , 2.54
1482 , 2.54
1483 , 2.53
1484 , 2.53
1485 , 2.52
1486 , 2.52
1487 , 2.52
1488 , 2.55
1489 , 2.55
1490 , 2.54
1491 , 2.54
1492 , 2.54
1493 , 2.53
1494 , 2.52
1495 , 2.53
1496 , 2.53
1497 , 2.55
1498 , 2.55
1499 , 2.54
1500 , 2.54
1501 , 2.54
1502 , 2.52
1503 , 2.52
1504 , 2.53
1505 , 2.54
1506 , 2.55
1507 , 2.54
1508 , 2.54
1509 , 2.54
1510 , 2.53
1511 , 2.54
1512 , 2.53
1513 , 2.52
1514 , 2.54
1515 , 2.58
1516 , 2.55
1517 , 2.56
1518 , 2.55
1519 , 2.54
1520 , 2.52
1521 , 2.53
1522 , 2.53
1523 , 2.55
1524 , 2.55
1525 , 2.54
1526 , 2.55
1527 , 2.54
1528 , 2.54
1529 , 2.52
1530 , 2.53
1531 , 2.53
1532 , 2.56
1533 , 2.56
1534 , 2.55
1535 , 2.54
1536 , 2.54
1537 , 2.53
1538 , 2.52
1539 , 2.52
1540 , 2.53
1541 , 2.56
1542 , 2.55
1543 , 2.55
1544 , 2.54
1545 , 2.54
1546 , 2.53
1547 , 2.52
1548 , 2.53
1549 , 2.54
1550 , 2.55
1551 , 2.54
1552 , 2.55
1553 , 2.54
1554 , 2.53
1555 , 2.52
1556 , 2.52
1557 , 2.55
1558 , 2.54
1559 , 2.55
1560 , 2.55
1561 , 2.54
1562 , 2.54
1563 , 2.54
1564 , 2.52
1565 , 2.52
1566 , 2.53
1567 , 2.56
1568 , 2.56
1569 , 2.54
1570 , 2.54
1571 , 2.53
1572 , 2.53
1573 , 2.53
1574 , 2.53
1575 , 2.53
1576 , 2.55
1577 , 2.56
1578 , 2.54
1579 , 2.54
1580 , 2.54
1581 , 2.53
1582 , 2.52
1583 , 2.53
1584 , 2.53
1585 , 2.56
1586 , 2.56
1587 , 2.54
1588 , 2.54
1589 , 2.54
1590 , 2.52
1591 , 2.52
1592 , 2.53
1593 , 2.54
1594 , 2.55
1595 , 2.55
1596 , 2.54
1597 , 2.54
1598 , 2.54
1599 , 2.52
1600 , 2.53
1601 , 2.52
1602 , 2.56
1603 , 2.55
1604 , 2.55
1605 , 2.55
1606 , 2.54
1607 , 2.53
1608 , 2.52
1609 , 2.53
1610 , 2.53
1611 , 2.55
1612 , 2.55
1613 , 2.55
1614 , 2.54
1615 , 2.54
1616 , 2.53
1617 , 2.52
1618 , 2.52
1619 , 2.53
1620 , 2.7
1621 , 2.58
1622 , 2.55
1623 , 2.55
1624 , 2.55
1625 , 2.55
1626 , 2.54
1627 , 2.52
1628 , 2.53
1629 , 2.53
1630 , 2.53
1631 , 2.55
1632 , 2.55
1633 , 2.54
1634 , 2.54
1635 , 2.54
1636 , 2.54
1637 , 2.53
1638 , 2.53
1639 , 2.53
1640 , 2.55
1641 , 2.54
1642 , 2.55
1643 , 2.55
1644 , 2.54
1645 , 2.53
1646 , 2.53
1647 , 2.54
1648 , 2.52
1649 , 2.53
1650 , 2.55
1651 , 2.55
1652 , 2.55
1653 , 2.55
1654 , 2.53
1655 , 2.52
1656 , 2.53
1657 , 2.51
1658 , 2.52
1659 , 2.54
1660 , 2.55
1661 , 2.54
1662 , 2.54
1663 , 2.54
1664 , 2.54
1665 , 2.54
1666 , 2.53
1667 , 2.51
1668 , 2.52
1669 , 2.53
1670 , 2.55
1671 , 2.55
1672 , 2.54
1673 , 2.54
1674 , 2.54
1675 , 2.54
1676 , 2.52
1677 , 2.53
1678 , 2.52
1679 , 2.52
1680 , 2.55
1681 , 2.55
1682 , 2.55
1683 , 2.54
1684 , 2.53
1685 , 2.53
1686 , 2.52
1687 , 2.53
1688 , 2.52
1689 , 2.54
1690 , 2.54
1691 , 2.54
1692 , 2.54
1693 , 2.54
1694 , 2.52
1695 , 2.52
1696 , 2.53
1697 , 2.55
1698 , 2.57
1699 , 2.54
1700 , 2.54
1701 , 2.54
1702 , 2.53
1703 , 2.52
1704 , 2.52
1705 , 2.53
1706 , 2.79
1707 , 2.55
1708 , 2.55
1709 , 2.55
1710 , 2.54
1711 , 2.54
1712 , 2.52
1713 , 2.53
1714 , 2.53
1715 , 2.56
1716 , 2.55
1717 , 2.54
1718 , 2.54
1719 , 2.54
1720 , 2.53
1721 , 2.52
1722 , 2.52
1723 , 2.53
1724 , 2.56
1725 , 2.55
1726 , 2.55
1727 , 2.54
1728 , 2.54
1729 , 2.54
1730 , 2.53
1731 , 2.52
1732 , 2.53
1733 , 2.55
1734 , 2.55
1735 , 2.54
1736 , 2.54
1737 , 2.53
1738 , 2.52
1739 , 2.53
1740 , 2.53
1741 , 2.54
1742 , 2.55
1743 , 2.55
1744 , 2.54
1745 , 2.54
1746 , 2.53
1747 , 2.52
1748 , 2.52
1749 , 2.53
1750 , 2.55
1751 , 2.55
1752 , 2.54
1753 , 2.54
1754 , 2.54
1755 , 2.54
1756 , 2.52
1757 , 2.52
1758 , 2.53
1759 , 2.55
1760 , 2.56
1761 , 2.54
1762 , 2.54
1763 , 2.54
1764 , 2.53
1765 , 2.52
1766 , 2.53
1767 , 2.53
1768 , 2.55
1769 , 2.54
1770 , 2.54
1771 , 2.55
1772 , 2.54
1773 , 2.52
1774 , 2.52
1775 , 2.53
1776 , 2.55
1777 , 2.55
1778 , 2.54
1779 , 2.55
1780 , 2.54
1781 , 2.53
1782 , 2.53
1783 , 2.52
1784 , 2.53
1785 , 2.55
1786 , 2.55
1787 , 2.54
1788 , 2.54
1789 , 2.54
1790 , 2.53
1791 , 2.52
1792 , 2.54
1793 , 2.53
1794 , 2.57
1795 , 2.57
1796 , 2.54
1797 , 2.55
1798 , 2.54
1799 , 2.53
1800 , 2.52
1801 , 2.53
1802 , 2.53
1803 , 2.55
1804 , 2.55
1805 , 2.54
1806 , 2.54
1807 , 2.54
1808 , 2.53
1809 , 2.52
1810 , 2.52
1811 , 2.54
1812 , 2.55
1813 , 2.55
1814 , 2.54
1815 , 2.54
1816 , 2.54
1817 , 2.53
1818 , 2.52
1819 , 2.52
1820 , 2.53
1821 , 2.55
1822 , 2.55
1823 , 2.54
1824 , 2.54
1825 , 2.53
1826 , 2.54
1827 , 2.52
1828 , 2.53
1829 , 2.52
1830 , 2.55
1831 , 2.54
1832 , 2.55
1833 , 2.54
1834 , 2.54
1835 , 2.53
1836 , 2.52
1837 , 2.53
1838 , 2.54
1839 , 2.55
1840 , 2.54
1841 , 2.54
1842 , 2.54
1843 , 2.54
1844 , 2.52
1845 , 2.52
1846 , 2.52
1847 , 2.55
1848 , 2.55
1849 , 2.54
1850 , 2.54
1851 , 2.54
1852 , 2.53
1853 , 2.52
1854 , 2.53
1855 , 2.53
1856 , 2.56
1857 , 2.54
1858 , 2.54
1859 , 2.54
1860 , 2.55
1861 , 2.53
1862 , 2.52
1863 , 2.53
1864 , 2.54
1865 , 2.55
1866 , 2.54
1867 , 2.54
1868 , 2.54
1869 , 2.54
1870 , 2.54
1871 , 2.52
1872 , 2.52
1873 , 2.53
1874 , 2.54
1875 , 2.56
1876 , 2.54
1877 , 2.54
1878 , 2.54
1879 , 2.54
1880 , 2.52
1881 , 2.52
1882 , 2.53
1883 , 2.55
1884 , 2.56
1885 , 2.54
1886 , 2.54
1887 , 2.54
1888 , 2.54
1889 , 2.52
1890 , 2.52
1891 , 2.53
1892 , 2.53
1893 , 2.55
1894 , 2.55
1895 , 2.55
1896 , 2.54
1897 , 2.54
1898 , 2.53
1899 , 2.52
1900 , 2.52
1901 , 2.53
1902 , 2.56
1903 , 2.55
1904 , 2.55
1905 , 2.54
1906 , 2.54
1907 , 2.53
1908 , 2.52
1909 , 2.52
1910 , 2.53
1911 , 2.55
1912 , 2.54
1913 , 2.54
1914 , 2.54
1915 , 2.53
1916 , 2.51
1917 , 2.52
1918 , 2.53
1919 , 2.55
1920 , 2.57
1921 , 2.55
1922 , 2.55
1923 , 2.54
1924 , 2.54
1925 , 2.53
1926 , 2.52
1927 , 2.53
1928 , 2.53
1929 , 2.55
1930 , 2.55
1931 , 2.54
1932 , 2.54
1933 , 2.54
1934 , 2.52
1935 , 2.52
1936 , 2.52
1937 , 2.53
1938 , 2.55
1939 , 2.55
1940 , 2.54
1941 , 2.54
1942 , 2.55
1943 , 2.54
1944 , 2.52
1945 , 2.53
1946 , 2.53
1947 , 2.53
1948 , 2.55
1949 , 2.54
1950 , 2.55
1951 , 2.54
1952 , 2.54
1953 , 2.52
1954 , 2.53
1955 , 2.53
1956 , 2.54
1957 , 2.55
1958 , 2.55
1959 , 2.54
1960 , 2.54
1961 , 2.54
1962 , 2.53
1963 , 2.52
1964 , 2.52
1965 , 2.53
1966 , 2.55
1967 , 2.58
1968 , 2.54
1969 , 2.54
1970 , 2.53
1971 , 2.51
1972 , 2.52
1973 , 2.52
1974 , 2.54
1975 , 2.55
1976 , 2.54
1977 , 2.54
1978 , 2.54
1979 , 2.53
1980 , 2.52
1981 , 2.53
1982 , 2.53
1983 , 2.55
1984 , 2.55
1985 , 2.54
1986 , 2.57
1987 , 2.53
1988 , 2.55
1989 , 2.52
1990 , 2.52
1991 , 2.53
1992 , 2.54
1993 , 2.54
1994 , 2.54
1995 , 2.54
1996 , 2.54
1997 , 2.53
1998 , 2.52
1999 , 2.52
2000 , 2.53
2001 , 2.54
2002 , 2.55
2003 , 2.54
2004 , 2.54
2005 , 2.53
2006 , 2.51
2007 , 2.52
2008 , 2.53
2009 , 2.57
2010 , 2.55
2011 , 2.55
2012 , 2.53
2013 , 2.54
2014 , 2.53
2015 , 2.53
2016 , 2.53
2017 , 2.53
2018 , 2.53
2019 , 2.56
2020 , 2.55
2021 , 2.54
2022 , 2.54
2023 , 2.54
2024 , 2.52
2025 , 2.52
2026 , 2.52
2027 , 2.55
2028 , 2.54
2029 , 2.55
2030 , 2.54
2031 , 2.54
2032 , 2.53
2033 , 2.51
2034 , 2.53
2035 , 2.52
2036 , 2.56
2037 , 2.54
2038 , 2.54
2039 , 2.54
2040 , 2.54
2041 , 2.53
2042 , 2.52
2043 , 2.52
2044 , 2.53
2045 , 2.55
2046 , 2.55
2047 , 2.54
2048 , 2.54
2049 , 2.53
2050 , 2.55
2051 , 2.52
2052 , 2.52
2053 , 2.54
2054 , 2.55
2055 , 2.55
2056 , 2.54
2057 , 2.54
2058 , 2.53
2059 , 2.51
2060 , 2.52
2061 , 2.53
2062 , 2.54
2063 , 2.55
2064 , 2.55
2065 , 2.54
2066 , 2.54
2067 , 2.53
2068 , 2.52
2069 , 2.52
2070 , 2.53
2071 , 2.55
2072 , 2.55
2073 , 2.54
2074 , 2.56
2075 , 2.55
2076 , 2.54
2077 , 2.52
2078 , 2.53
2079 , 2.53
2080 , 2.55
2081 , 2.55
2082 , 2.54
2083 , 2.54
2084 , 2.54
2085 , 2.53
2086 , 2.52
2087 , 2.53
2088 , 2.53
2089 , 2.55
2090 , 2.55
2091 , 2.54
2092 , 2.55
2093 , 2.54
2094 , 2.52
2095 , 2.52
2096 , 2.53
2097 , 2.55
2098 , 2.56
2099 , 2.55
2100 , 2.55
2101 , 2.54
2102 , 2.54
2103 , 2.52
2104 , 2.53
2105 , 2.52
2106 , 2.55
2107 , 2.55
2108 , 2.55
2109 , 2.55
2110 , 2.55
2111 , 2.55
2112 , 2.52
2113 , 2.53
2114 , 2.52
2115 , 2.56
2116 , 2.55
2117 , 2.54
2118 , 2.54
2119 , 2.54
2120 , 2.53
2121 , 2.52
2122 , 2.53
2123 , 2.53
2124 , 2.55
2125 , 2.54
2126 , 2.54
2127 , 2.54
2128 , 2.54
2129 , 2.53
2130 , 2.52
2131 , 2.52
2132 , 2.55
2133 , 2.55
2134 , 2.55
2135 , 2.54
2136 , 2.54
2137 , 2.55
2138 , 2.52
2139 , 2.52
2140 , 2.51
2141 , 2.52
2142 , 2.53
2143 , 3.25
2144 , 3.34
2145 , 2.68
2146 , 2.65
2147 , 2.89
2148 , 2.66
2149 , 2.61
2150 , 2.59
2151 , 2.58
2152 , 2.57
2153 , 2.53
2154 , 2.54
2155 , 2.54
2156 , 2.55
2157 , 2.61
2158 , 2.59
2159 , 2.58
2160 , 2.57
2161 , 2.57
2162 , 2.66
2163 , 2.55
2164 , 2.54
2165 , 2.55
2166 , 2.56
2167 , 2.59
2168 , 2.58
2169 , 2.59
2170 , 2.55
2171 , 2.55
2172 , 2.54
2173 , 2.53
2174 , 2.53
2175 , 2.53
2176 , 2.57
2177 , 2.56
2178 , 2.56
2179 , 2.56
2180 , 2.79
2181 , 2.56
2182 , 2.67
2183 , 2.55
2184 , 2.54
2185 , 2.56
2186 , 2.58
2187 , 2.57
2188 , 2.56
2189 , 2.55
2190 , 2.56
2191 , 2.55
2192 , 2.54
2193 , 2.54
2194 , 2.54
2195 , 2.57
2196 , 2.57
2197 , 2.63
2198 , 2.55
2199 , 2.56
2200 , 2.55
2201 , 2.53
2202 , 2.54
2203 , 2.53
2204 , 2.55
2205 , 2.57
2206 , 2.56
2207 , 2.56
2208 , 2.55
2209 , 2.54
2210 , 2.52
2211 , 2.53
2212 , 2.53
2213 , 2.55
2214 , 2.57
2215 , 2.56
2216 , 2.56
2217 , 2.55
2218 , 2.54
2219 , 2.52
2220 , 2.52
2221 , 2.56
2222 , 2.54
2223 , 2.55
2224 , 2.55
2225 , 2.55
2226 , 2.54
2227 , 2.55
2228 , 2.53
2229 , 2.52
2230 , 2.53
2231 , 2.56
2232 , 2.56
2233 , 2.55
2234 , 2.55
2235 , 2.55
2236 , 2.54
2237 , 2.52
2238 , 2.53
2239 , 2.53
2240 , 2.56
2241 , 2.55
2242 , 2.55
2243 , 2.55
2244 , 2.55
2245 , 2.54
2246 , 2.52
2247 , 2.53
2248 , 2.53
2249 , 2.55
2250 , 2.55
2251 , 2.55
2252 , 2.54
2253 , 2.54
2254 , 2.53
2255 , 2.52
2256 , 2.52
2257 , 2.53
2258 , 2.55
2259 , 2.55
2260 , 2.55
2261 , 2.54
2262 , 2.54
2263 , 2.54
2264 , 2.53
2265 , 2.52
2266 , 2.53
2267 , 2.59
2268 , 2.79
2269 , 2.55
2270 , 2.55
2271 , 2.55
2272 , 2.54
2273 , 2.52
2274 , 2.53
2275 , 2.52
2276 , 2.55
2277 , 2.55
2278 , 2.56
2279 , 2.54
2280 , 2.54
2281 , 2.54
2282 , 2.52
2283 , 2.53
2284 , 2.53
2285 , 2.55
2286 , 2.55
2287 , 2.55
2288 , 2.54
2289 , 2.54
2290 , 2.53
2291 , 2.53
2292 , 2.53
2293 , 2.54
2294 , 2.56
2295 , 2.55
2296 , 2.54
2297 , 2.54
2298 , 2.54
2299 , 2.52
2300 , 2.54
2301 , 2.53
2302 , 2.54
2303 , 2.56
2304 , 2.55
2305 , 2.55
2306 , 2.54
2307 , 2.54
2308 , 2.55
2309 , 2.53
2310 , 2.53
2311 , 2.53
2312 , 2.56
2313 , 2.55
2314 , 2.54
2315 , 2.54
2316 , 2.53
2317 , 2.54
2318 , 2.52
2319 , 2.53
2320 , 2.53
2321 , 2.55
2322 , 2.55
2323 , 2.55
2324 , 2.55
2325 , 2.54
2326 , 2.51
2327 , 2.52
2328 , 2.53
2329 , 2.54
2330 , 2.55
2331 , 2.55
2332 , 2.55
2333 , 2.55
2334 , 2.54
2335 , 2.52
2336 , 2.52
2337 , 2.53
2338 , 2.55
2339 , 2.55
2340 , 2.54
2341 , 2.54
2342 , 2.54
2343 , 2.54
2344 , 2.52
2345 , 2.55
2346 , 2.52
2347 , 2.55
2348 , 2.54
2349 , 2.54
2350 , 2.54
2351 , 2.54
2352 , 2.53
2353 , 2.51
2354 , 2.52
2355 , 2.53
2356 , 2.56
2357 , 2.57
2358 , 2.55
2359 , 2.54
2360 , 2.54
2361 , 2.52
2362 , 2.52
2363 , 2.52
2364 , 2.54
2365 , 2.55
2366 , 2.54
2367 , 2.54
2368 , 2.54
2369 , 2.53
2370 , 2.51
2371 , 2.54
2372 , 2.53
2373 , 2.57
2374 , 2.55
2375 , 2.54
2376 , 2.55
2377 , 2.54
2378 , 2.54
2379 , 2.52
2380 , 2.54
2381 , 2.53
2382 , 2.54
2383 , 2.55
2384 , 2.54
2385 , 2.55
2386 , 2.54
2387 , 2.53
2388 , 2.52
2389 , 2.52
2390 , 2.53
2391 , 2.56
2392 , 2.55
2393 , 2.54
2394 , 2.54
2395 , 2.54
2396 , 2.52
2397 , 2.53
2398 , 2.53
2399 , 2.53
2400 , 2.55
2401 , 2.56
2402 , 2.55
2403 , 2.54
2404 , 2.53
2405 , 2.52
2406 , 2.52
2407 , 2.53
2408 , 2.55
2409 , 2.55
2410 , 2.54
2411 , 2.54
2412 , 2.53
2413 , 2.53
2414 , 2.52
2415 , 2.52
2416 , 2.53
2417 , 2.55
2418 , 2.55
2419 , 2.54
2420 , 2.54
2421 , 2.54
2422 , 2.53
2423 , 2.53
2424 , 2.53
2425 , 2.53
2426 , 2.56
2427 , 2.54
2428 , 2.54
2429 , 2.54
2430 , 2.56
2431 , 2.52
2432 , 2.52
2433 , 2.53
2434 , 2.54
2435 , 2.57
2436 , 2.55
2437 , 2.54
2438 , 2.54
2439 , 2.54
2440 , 2.52
2441 , 2.52
2442 , 2.52
2443 , 2.56
2444 , 2.55
2445 , 2.55
2446 , 2.54
2447 , 2.54
2448 , 2.53
2449 , 2.52
2450 , 2.53
2451 , 2.53
2452 , 2.58
2453 , 2.55
2454 , 2.55
2455 , 2.55
2456 , 2.55
2457 , 2.53
2458 , 2.52
2459 , 2.53
2460 , 2.52
2461 , 2.54
2462 , 2.55
2463 , 2.54
2464 , 2.54
2465 , 2.54
2466 , 2.55
2467 , 2.52
2468 , 2.52
2469 , 2.53
2470 , 2.55
2471 , 2.55
2472 , 2.54
2473 , 2.54
2474 , 2.53
2475 , 2.53
2476 , 2.52
2477 , 2.52
2478 , 2.53
2479 , 2.55
2480 , 2.55
2481 , 2.55
2482 , 2.55
2483 , 2.53
2484 , 2.52
2485 , 2.53
2486 , 2.53
2487 , 2.54
2488 , 2.55
2489 , 2.54
2490 , 2.55
2491 , 2.54
2492 , 2.55
2493 , 2.54
2494 , 2.52
2495 , 2.52
2496 , 2.52
2497 , 2.57
2498 , 2.58
2499 , 2.55
2500 , 2.54
2501 , 2.54
2502 , 2.53
2503 , 2.52
2504 , 2.53
2505 , 2.53
2506 , 2.55
2507 , 2.55
2508 , 2.54
2509 , 2.54
2510 , 2.54
2511 , 2.54
2512 , 2.52
2513 , 2.52
2514 , 2.53
2515 , 2.55
2516 , 2.54
2517 , 2.54
2518 , 2.54
2519 , 2.54
2520 , 2.53
2521 , 2.53
2522 , 2.52
2523 , 2.53
2524 , 2.55
2525 , 2.55
2526 , 2.54
2527 , 2.55
2528 , 2.54
2529 , 2.52
2530 , 2.53
2531 , 2.53
2532 , 2.54
2533 , 2.55
2534 , 2.54
2535 , 2.54
2536 , 2.54
2537 , 2.54
2538 , 2.52
2539 , 2.52
2540 , 2.53
2541 , 2.53
2542 , 2.56
2543 , 2.55
2544 , 2.54
2545 , 2.54
2546 , 2.54
2547 , 2.53
2548 , 2.52
2549 , 2.54
2550 , 2.53
2551 , 2.55
2552 , 2.55
2553 , 2.54
2554 , 2.54
2555 , 2.54
2556 , 2.53
2557 , 2.52
2558 , 2.52
2559 , 2.54
2560 , 2.55
2561 , 2.55
2562 , 2.54
2563 , 2.54
2564 , 2.53
2565 , 2.53
2566 , 2.52
2567 , 2.52
2568 , 2.53
2569 , 2.54
2570 , 2.54
2571 , 2.54
2572 , 2.55
2573 , 2.53
2574 , 2.54
2575 , 2.53
2576 , 2.53
2577 , 2.52
2578 , 2.53
2579 , 2.55
2580 , 2.58
2581 , 2.54
2582 , 2.55
2583 , 2.54
2584 , 2.52
2585 , 2.53
2586 , 2.53
2587 , 2.54
2588 , 2.55
2589 , 2.55
2590 , 2.54
2591 , 2.54
2592 , 2.54
2593 , 2.52
2594 , 2.53
2595 , 2.53
2596 , 2.55
2597 , 2.55
2598 , 2.55
2599 , 2.54
2600 , 2.54
2601 , 2.54
2602 , 2.53
2603 , 2.53
2604 , 2.53
2605 , 2.55
2606 , 2.55
2607 , 2.54
2608 , 2.55
2609 , 2.54
2610 , 2.53
2611 , 2.53
2612 , 2.53
2613 , 2.54
2614 , 2.55
2615 , 2.55
2616 , 2.57
2617 , 2.54
2618 , 2.53
2619 , 2.52
2620 , 2.52
2621 , 2.53
2622 , 2.53
2623 , 2.56
2624 , 2.54
2625 , 2.54
2626 , 2.54
2627 , 2.54
2628 , 2.52
2629 , 2.52
2630 , 2.53
2631 , 2.55
2632 , 2.55
2633 , 2.54
2634 , 2.54
2635 , 2.54
2636 , 2.54
2637 , 2.52
2638 , 2.54
2639 , 2.52
2640 , 2.55
2641 , 2.56
2642 , 2.55
2643 , 2.54
2644 , 2.54
2645 , 2.53
2646 , 2.52
2647 , 2.53
2648 , 2.53
2649 , 2.56
2650 , 2.55
2651 , 2.53
2652 , 2.54
2653 , 2.54
2654 , 2.52
2655 , 2.53
2656 , 2.53
2657 , 2.54
2658 , 2.55
2659 , 2.54
2660 , 2.55
2661 , 2.54
2662 , 2.53
2663 , 2.52
2664 , 2.52
2665 , 2.52
2666 , 2.55
2667 , 2.54
2668 , 2.54
2669 , 2.54
2670 , 2.54
2671 , 2.53
2672 , 2.52
2673 , 2.52
2674 , 2.53
2675 , 2.55
2676 , 2.54
2677 , 2.54
2678 , 2.53
2679 , 2.54
2680 , 2.52
2681 , 2.52
2682 , 2.52
2683 , 2.54
2684 , 2.56
2685 , 2.54
2686 , 2.54
2687 , 2.54
2688 , 2.54
2689 , 2.52
2690 , 2.53
2691 , 2.52
2692 , 2.55
2693 , 2.55
2694 , 2.54
2695 , 2.54
2696 , 2.54
2697 , 2.53
2698 , 2.52
2699 , 2.52
2700 , 2.53
2701 , 2.55
2702 , 2.55
2703 , 2.54
2704 , 2.54
2705 , 2.54
2706 , 2.53
2707 , 2.52
2708 , 2.52
2709 , 2.53
2710 , 2.55
2711 , 2.55
2712 , 2.53
2713 , 2.54
2714 , 2.53
2715 , 2.52
2716 , 2.53
2717 , 2.53
2718 , 2.55
2719 , 2.55
2720 , 2.54
2721 , 2.54
2722 , 2.53
2723 , 2.53
2724 , 2.52
2725 , 2.52
2726 , 2.53
2727 , 2.55
2728 , 2.55
2729 , 2.55
2730 , 2.54
2731 , 2.53
2732 , 2.53
2733 , 2.53
2734 , 2.52
2735 , 2.53
2736 , 2.54
2737 , 2.55
2738 , 2.53
2739 , 2.54
2740 , 2.54
2741 , 2.51
2742 , 2.53
2743 , 2.52
2744 , 2.54
2745 , 2.55
2746 , 2.58
2747 , 2.55
2748 , 2.54
2749 , 2.54
2750 , 2.52
2751 , 2.53
2752 , 2.53
2753 , 2.53
2754 , 2.56
2755 , 2.55
2756 , 2.55
2757 , 2.55
2758 , 2.54
2759 , 2.53
2760 , 2.52
2761 , 2.53
2762 , 2.52
2763 , 2.53
2764 , 2.58
2765 , 2.55
2766 , 2.54
2767 , 2.54
2768 , 2.54
2769 , 2.55
2770 , 2.54
2771 , 2.52
2772 , 2.52
2773 , 2.54
2774 , 2.54
2775 , 2.55
2776 , 2.54
2777 , 2.54
2778 , 2.55
2779 , 2.56
2780 , 2.54
2781 , 2.54
2782 , 2.53
2783 , 2.53
2784 , 2.53
2785 , 2.56
2786 , 2.55
2787 , 2.55
2788 , 2.54
2789 , 2.54
2790 , 2.55
2791 , 2.54
2792 , 2.52
2793 , 2.52
2794 , 2.53
2795 , 2.53
2796 , 2.56
2797 , 2.54
2798 , 2.54
2799 , 2.55
2800 , 2.55
2801 , 2.54
2802 , 2.53
2803 , 2.52
2804 , 2.52
2805 , 2.53
2806 , 2.55
2807 , 2.56
2808 , 2.55
2809 , 2.54
2810 , 2.54
2811 , 2.53
2812 , 2.52
2813 , 2.52
2814 , 2.53
2815 , 2.54
2816 , 2.55
2817 , 2.55
2818 , 2.55
2819 , 2.54
2820 , 2.53
2821 , 2.52
2822 , 2.53
2823 , 2.53
2824 , 2.55
2825 , 2.55
2826 , 2.54
2827 , 2.55
2828 , 2.54
2829 , 2.57
2830 , 2.52
2831 , 2.54
2832 , 2.53
2833 , 2.53
2834 , 2.58
2835 , 2.55
2836 , 2.54
2837 , 2.55
2838 , 2.54
2839 , 2.52
2840 , 2.52
2841 , 2.53
2842 , 2.54
2843 , 2.55
2844 , 2.55
2845 , 2.54
2846 , 2.54
2847 , 2.54
2848 , 2.52
2849 , 2.52
2850 , 2.52
2851 , 2.55
2852 , 2.57
2853 , 2.55
2854 , 2.55
2855 , 2.54
2856 , 2.54
2857 , 2.52
2858 , 2.53
2859 , 2.53
2860 , 2.56
2861 , 2.54
2862 , 2.55
2863 , 2.56
2864 , 2.54
2865 , 2.53
2866 , 2.52
2867 , 2.53
2868 , 2.54
2869 , 2.56
2870 , 2.55
2871 , 2.55
2872 , 2.54
2873 , 2.55
2874 , 2.53
2875 , 2.52
2876 , 2.52
2877 , 2.54
2878 , 2.55
2879 , 2.55
2880 , 2.55
2881 , 2.54
2882 , 2.53
2883 , 2.52
2884 , 2.53
2885 , 2.53
2886 , 2.57
2887 , 2.55
2888 , 2.55
2889 , 2.55
2890 , 2.54
2891 , 2.54
2892 , 2.52
2893 , 2.52
2894 , 2.53
2895 , 2.55
2896 , 2.55
2897 , 2.55
2898 , 2.54
2899 , 2.55
2900 , 2.53
2901 , 2.52
2902 , 2.52
2903 , 2.53
2904 , 2.57
2905 , 2.55
2906 , 2.54
2907 , 2.54
2908 , 2.55
2909 , 2.53
2910 , 2.52
2911 , 2.53
2912 , 2.53
2913 , 2.55
2914 , 2.54
2915 , 2.55
2916 , 2.54
2917 , 2.56
2918 , 2.52
2919 , 2.53
2920 , 2.55
2921 , 2.55
2922 , 2.56
2923 , 2.57
2924 , 2.55
2925 , 2.54
2926 , 2.55
2927 , 2.52
2928 , 2.52
2929 , 2.53
2930 , 2.55
2931 , 2.55
2932 , 2.55
2933 , 2.55
2934 , 2.55
2935 , 2.54
2936 , 2.52
2937 , 2.53
2938 , 2.52
2939 , 2.55
2940 , 2.55
2941 , 2.55
2942 , 2.54
2943 , 2.55
2944 , 2.54
2945 , 2.54
2946 , 2.53
2947 , 2.53
2948 , 2.54
2949 , 2.55
2950 , 2.55
2951 , 2.55
2952 , 2.55
2953 , 2.54
2954 , 2.52
2955 , 2.53
2956 , 2.53
2957 , 2.54
2958 , 2.55
2959 , 2.55
2960 , 2.54
2961 , 2.55
2962 , 2.54
2963 , 2.52
2964 , 2.52
2965 , 2.55
2966 , 2.56
2967 , 2.55
2968 , 2.54
2969 , 2.55
2970 , 2.54
2971 , 2.55
2972 , 2.53
2973 , 2.52
2974 , 2.53
2975 , 2.55
2976 , 2.55
2977 , 2.55
2978 , 2.54
2979 , 2.54
2980 , 2.54
2981 , 2.52
2982 , 2.52
2983 , 2.52
2984 , 2.55
2985 , 2.54
2986 , 2.54
2987 , 2.56
2988 , 2.54
2989 , 2.54
2990 , 2.52
2991 , 2.52
2992 , 2.54
2993 , 2.55
2994 , 2.55
2995 , 2.54
2996 , 2.54
2997 , 2.54
2998 , 2.52
2999 , 2.53
3000 , 2.52
