1 , 34.27
2 , 30.44
3 , 26.08
4 , 26.18
5 , 26.06
6 , 23.88
7 , 22.42
8 , 22.34
9 , 22.34
10 , 22.33
11 , 22.13
12 , 19.9
13 , 19.71
14 , 19.75
15 , 19.68
16 , 19.87
17 , 19.92
18 , 17.84
19 , 17.51
20 , 17.58
21 , 17.62
22 , 17.55
23 , 17.87
24 , 15.99
25 , 15.38
26 , 15.44
27 , 15.48
28 , 15.44
29 , 15.59
30 , 14.19
31 , 13.28
32 , 13.3
33 , 13.32
34 , 13.28
35 , 13.4
36 , 12.11
37 , 11.06
38 , 11.06
39 , 11.06
40 , 11.03
41 , 11.26
42 , 10.13
43 , 8.9
44 , 8.99
45 , 8.89
46 , 8.89
47 , 8.88
48 , 9.04
49 , 8.11
50 , 7.25
51 , 35.38
52 , 35.59
53 , 36.51
54 , 36.66
55 , 31.39
56 , 31.1
57 , 29.47
58 , 29.51
59 , 29.2
60 , 29.16
61 , 29.39
62 , 29.11
63 , 25.81
64 , 25.82
65 , 25.83
66 , 25.89
67 , 26.07
68 , 26.15
69 , 23.1
70 , 23.19
71 , 22.9
72 , 22.92
73 , 23.19
74 , 20.9
75 , 19.96
76 , 20.23
77 , 20.03
78 , 20.21
79 , 20.21
80 , 18.05
81 , 17.03
82 , 17.04
83 , 17.0
84 , 17.12
85 , 17.26
86 , 15.12
87 , 14.16
88 , 14.22
89 , 14.23
90 , 14.3
91 , 14.31
92 , 12.6
93 , 11.2
94 , 11.16
95 , 11.19
96 , 11.18
97 , 11.34
98 , 10.21
99 , 8.9
100 , 8.26
101 , 25.9
102 , 26.42
103 , 26.1
104 , 23.39
105 , 23.44
106 , 22.94
107 , 22.27
108 , 22.26
109 , 22.13
110 , 22.24
111 , 22.43
112 , 22.57
113 , 20.02
114 , 19.67
115 , 19.7
116 , 19.84
117 , 19.57
118 , 19.76
119 , 17.68
120 , 17.44
121 , 17.42
122 , 17.48
123 , 17.41
124 , 17.59
125 , 16.01
126 , 15.4
127 , 15.29
128 , 15.28
129 , 15.25
130 , 15.42
131 , 14.31
132 , 13.2
133 , 13.19
134 , 13.13
135 , 13.12
136 , 13.36
137 , 12.17
138 , 11.01
139 , 11.02
140 , 11.13
141 , 10.97
142 , 11.11
143 , 10.07
144 , 9.37
145 , 8.83
146 , 8.86
147 , 8.85
148 , 8.85
149 , 8.96
150 , 8.1
151 , 24.64
152 , 24.76
153 , 24.85
154 , 24.81
155 , 25.02
156 , 25.46
157 , 25.1
158 , 23.77
159 , 23.9
160 , 25.56
161 , 24.08
162 , 23.97
163 , 23.51
164 , 20.99
165 , 20.99
166 , 21.04
167 , 20.86
168 , 21.22
169 , 18.93
170 , 18.79
171 , 18.66
172 , 18.7
173 , 18.65
174 , 19.07
175 , 16.89
176 , 16.51
177 , 16.35
178 , 16.36
179 , 16.35
180 , 16.5
181 , 15.12
182 , 14.11
183 , 14.03
184 , 14.03
185 , 14.0
186 , 14.32
187 , 12.74
188 , 11.73
189 , 11.72
190 , 11.78
191 , 11.68
192 , 11.93
193 , 10.64
194 , 9.63
195 , 9.48
196 , 9.35
197 , 9.4
198 , 9.36
199 , 9.55
200 , 8.55
201 , 26.16
202 , 26.11
203 , 26.18
204 , 26.17
205 , 26.18
206 , 23.52
207 , 23.49
208 , 22.62
209 , 22.26
210 , 22.34
211 , 22.23
212 , 22.27
213 , 22.43
214 , 22.59
215 , 20.39
216 , 19.68
217 , 19.65
218 , 19.82
219 , 19.63
220 , 19.86
221 , 18.02
222 , 17.54
223 , 17.49
224 , 17.55
225 , 17.49
226 , 17.68
227 , 16.06
228 , 15.37
229 , 15.33
230 , 15.38
231 , 15.33
232 , 15.48
233 , 14.15
234 , 13.21
235 , 13.18
236 , 13.29
237 , 13.18
238 , 13.39
239 , 12.22
240 , 11.03
241 , 11.02
242 , 11.06
243 , 11.04
244 , 11.17
245 , 10.08
246 , 8.9
247 , 10.08
248 , 9.14
249 , 8.93
250 , 9.07
251 , 24.77
252 , 24.66
253 , 24.6
254 , 24.69
255 , 24.62
256 , 25.05
257 , 25.02
258 , 23.69
259 , 23.77
260 , 23.74
261 , 23.66
262 , 24.66
263 , 24.6
264 , 24.67
265 , 24.59
266 , 24.64
267 , 24.64
268 , 24.64
269 , 24.61
270 , 24.67
271 , 24.56
272 , 23.3
273 , 20.92
274 , 20.95
275 , 20.93
276 , 20.94
277 , 24.61
278 , 18.87
279 , 18.62
280 , 18.65
281 , 18.58
282 , 18.61
283 , 18.59
284 , 17.1
285 , 16.28
286 , 16.32
287 , 16.29
288 , 16.33
289 , 16.54
290 , 14.49
291 , 14.0
292 , 14.05
293 , 13.99
294 , 13.97
295 , 24.58
296 , 11.82
297 , 11.72
298 , 11.71
299 , 11.71
300 , 11.72
301 , 25.99
302 , 26.3
303 , 26.03
304 , 29.29
305 , 26.49
306 , 26.06
307 , 26.1
308 , 25.97
309 , 25.99
310 , 26.28
311 , 26.28
312 , 26.06
313 , 26.03
314 , 25.99
315 , 26.03
316 , 25.99
317 , 26.33
318 , 25.96
319 , 26.03
320 , 25.98
321 , 26.03
322 , 25.98
323 , 26.25
324 , 26.01
325 , 26.02
326 , 25.96
327 , 26.08
328 , 25.97
329 , 26.04
330 , 26.03
331 , 26.02
332 , 26.24
333 , 26.04
334 , 26.04
335 , 26.0
336 , 26.23
337 , 26.0
338 , 25.99
339 , 26.05
340 , 25.97
341 , 26.12
342 , 25.99
343 , 26.04
344 , 25.99
345 , 26.21
346 , 26.0
347 , 26.24
348 , 25.97
349 , 26.37
350 , 25.98
351 , 26.07
352 , 25.78
353 , 26.09
354 , 25.84
355 , 26.03
356 , 25.89
357 , 26.03
358 , 25.82
359 , 26.03
360 , 25.8
361 , 25.85
362 , 25.8
363 , 25.92
364 , 25.92
365 , 25.82
366 , 25.92
367 , 25.86
368 , 25.88
369 , 25.85
370 , 25.97
371 , 25.8
372 , 25.81
373 , 25.81
374 , 25.92
375 , 25.86
376 , 25.88
377 , 25.81
378 , 25.87
379 , 25.82
380 , 25.8
381 , 26.1
382 , 25.8
383 , 25.83
384 , 25.94
385 , 26.11
386 , 25.93
387 , 26.13
388 , 25.81
389 , 25.82
390 , 25.87
391 , 25.83
392 , 26.04
393 , 26.03
394 , 25.84
395 , 26.14
396 , 25.8
397 , 25.83
398 , 25.96
399 , 25.85
400 , 25.88
401 , 26.38
402 , 26.0
403 , 26.35
404 , 26.32
405 , 26.25
406 , 26.01
407 , 26.69
408 , 26.02
409 , 26.29
410 , 26.03
411 , 26.16
412 , 25.96
413 , 26.2
414 , 26.11
415 , 26.27
416 , 25.88
417 , 26.29
418 , 26.02
419 , 26.04
420 , 26.16
421 , 26.35
422 , 26.17
423 , 26.85
424 , 25.94
425 , 26.16
426 , 25.94
427 , 26.28
428 , 26.59
429 , 26.16
430 , 26.44
431 , 26.1
432 , 26.44
433 , 26.17
434 , 26.29
435 , 26.33
436 , 26.22
437 , 26.18
438 , 26.29
439 , 26.25
440 , 26.81
441 , 26.05
442 , 26.24
443 , 26.3
444 , 26.44
445 , 26.1
446 , 26.67
447 , 25.92
448 , 26.17
449 , 26.06
450 , 26.25
451 , 26.04
452 , 26.05
453 , 25.99
454 , 26.04
455 , 26.01
456 , 25.96
457 , 26.04
458 , 26.09
459 , 26.25
460 , 26.05
461 , 26.01
462 , 26.03
463 , 26.01
464 , 26.04
465 , 26.05
466 , 26.07
467 , 26.05
468 , 26.03
469 , 26.03
470 , 26.05
471 , 26.0
472 , 26.11
473 , 25.99
474 , 26.02
475 , 26.03
476 , 26.06
477 , 26.29
478 , 26.04
479 , 26.1
480 , 26.07
481 , 26.29
482 , 26.03
483 , 25.99
484 , 26.04
485 , 28.62
486 , 26.79
487 , 26.05
488 , 26.1
489 , 26.02
490 , 26.01
491 , 26.0
492 , 26.03
493 , 26.09
494 , 26.29
495 , 26.0
496 , 25.99
497 , 26.03
498 , 26.05
499 , 26.06
500 , 25.97
501 , 26.03
502 , 26.06
503 , 26.06
504 , 26.32
505 , 26.1
506 , 26.55
507 , 25.95
508 , 26.63
509 , 25.96
510 , 26.39
511 , 26.24
512 , 26.42
513 , 26.13
514 , 26.53
515 , 26.15
516 , 26.6
517 , 25.99
518 , 26.04
519 , 26.39
520 , 26.1
521 , 26.41
522 , 26.07
523 , 26.25
524 , 26.01
525 , 26.41
526 , 26.23
527 , 26.2
528 , 25.96
529 , 26.34
530 , 26.08
531 , 26.23
532 , 26.02
533 , 25.99
534 , 26.15
535 , 26.02
536 , 25.99
537 , 26.47
538 , 26.0
539 , 26.01
540 , 26.12
541 , 26.12
542 , 26.05
543 , 26.15
544 , 26.35
545 , 26.57
546 , 25.94
547 , 26.32
548 , 26.42
549 , 26.16
550 , 26.03
551 , 26.28
552 , 26.0
553 , 26.29
554 , 26.05
555 , 26.03
556 , 26.03
557 , 26.04
558 , 25.99
559 , 26.46
560 , 25.99
561 , 26.2
562 , 26.21
563 , 26.23
564 , 25.99
565 , 26.27
566 , 26.39
567 , 26.23
568 , 26.0
569 , 26.22
570 , 25.96
571 , 26.03
572 , 26.01
573 , 26.33
574 , 26.0
575 , 26.24
576 , 26.01
577 , 26.26
578 , 25.98
579 , 26.25
580 , 26.03
581 , 26.26
582 , 25.97
583 , 26.28
584 , 26.24
585 , 26.27
586 , 26.01
587 , 26.36
588 , 26.32
589 , 26.04
590 , 26.35
591 , 26.0
592 , 26.08
593 , 26.01
594 , 26.05
595 , 26.1
596 , 26.01
597 , 26.04
598 , 25.97
599 , 25.99
600 , 25.96
601 , 26.31
602 , 26.49
603 , 26.25
604 , 26.09
605 , 26.3
606 , 26.32
607 , 26.54
608 , 26.14
609 , 26.14
610 , 26.1
611 , 26.17
612 , 25.99
613 , 26.27
614 , 26.12
615 , 26.06
616 , 26.2
617 , 26.23
618 , 26.28
619 , 26.29
620 , 26.09
621 , 25.91
622 , 26.34
623 , 26.07
624 , 26.61
625 , 26.4
626 , 26.33
627 , 26.4
628 , 26.19
629 , 26.0
630 , 26.33
631 , 26.15
632 , 26.5
633 , 26.25
634 , 26.38
635 , 26.42
636 , 26.47
637 , 25.96
638 , 26.53
639 , 26.08
640 , 26.3
641 , 26.02
642 , 26.11
643 , 26.03
644 , 26.16
645 , 26.3
646 , 26.38
647 , 25.99
648 , 26.42
649 , 26.41
650 , 26.22
651 , 26.01
652 , 25.98
653 , 25.99
654 , 26.0
655 , 26.0
656 , 26.23
657 , 26.38
658 , 26.05
659 , 26.02
660 , 26.14
661 , 26.3
662 , 26.04
663 , 26.0
664 , 25.99
665 , 28.2
666 , 26.42
667 , 26.1
668 , 26.0
669 , 25.97
670 , 25.99
671 , 25.99
672 , 26.08
673 , 26.02
674 , 26.08
675 , 26.03
676 , 26.02
677 , 25.97
678 , 26.0
679 , 26.02
680 , 25.99
681 , 26.08
682 , 26.0
683 , 26.05
684 , 26.19
685 , 26.0
686 , 26.0
687 , 25.98
688 , 25.98
689 , 26.11
690 , 26.01
691 , 26.03
692 , 26.33
693 , 26.0
694 , 25.98
695 , 26.26
696 , 26.06
697 , 25.98
698 , 26.0
699 , 26.03
700 , 25.99
701 , 21.99
702 , 21.47
703 , 21.67
704 , 21.56
705 , 21.46
706 , 21.85
707 , 21.47
708 , 21.46
709 , 21.71
710 , 21.46
711 , 21.47
712 , 21.84
713 , 21.54
714 , 21.47
715 , 21.75
716 , 21.46
717 , 21.48
718 , 21.83
719 , 21.5
720 , 21.47
721 , 21.77
722 , 21.54
723 , 21.49
724 , 21.84
725 , 21.48
726 , 21.47
727 , 21.74
728 , 21.45
729 , 21.48
730 , 21.84
731 , 21.47
732 , 21.51
733 , 21.71
734 , 21.47
735 , 21.48
736 , 22.11
737 , 21.48
738 , 21.46
739 , 21.8
740 , 21.47
741 , 21.55
742 , 21.84
743 , 21.48
744 , 21.48
745 , 21.79
746 , 21.46
747 , 21.48
748 , 21.83
749 , 21.47
750 , 21.53
751 , 29.41
752 , 28.2
753 , 28.09
754 , 28.24
755 , 28.01
756 , 28.28
757 , 28.5
758 , 28.03
759 , 28.41
760 , 28.26
761 , 28.46
762 , 28.05
763 , 28.14
764 , 28.32
765 , 28.01
766 , 28.08
767 , 28.12
768 , 28.18
769 , 28.35
770 , 28.13
771 , 28.02
772 , 28.15
773 , 27.94
774 , 28.13
775 , 28.12
776 , 28.09
777 , 28.14
778 , 28.05
779 , 27.9
780 , 28.05
781 , 28.09
782 , 28.31
783 , 27.98
784 , 28.18
785 , 28.11
786 , 28.49
787 , 28.12
788 , 28.07
789 , 28.37
790 , 28.11
791 , 28.18
792 , 28.24
793 , 28.13
794 , 27.99
795 , 28.08
796 , 28.02
797 , 28.15
798 , 28.05
799 , 27.97
800 , 28.26
801 , 26.37
802 , 26.18
803 , 26.3
804 , 26.32
805 , 26.39
806 , 26.37
807 , 26.26
808 , 26.49
809 , 26.42
810 , 26.15
811 , 26.09
812 , 26.22
813 , 26.2
814 , 26.53
815 , 26.58
816 , 26.39
817 , 26.3
818 , 26.61
819 , 26.39
820 , 26.45
821 , 26.27
822 , 26.56
823 , 26.24
824 , 26.45
825 , 26.45
826 , 26.47
827 , 25.87
828 , 26.51
829 , 26.37
830 , 26.3
831 , 26.58
832 , 26.15
833 , 26.7
834 , 26.51
835 , 26.36
836 , 26.81
837 , 26.21
838 , 26.26
839 , 26.18
840 , 26.65
841 , 26.21
842 , 26.38
843 , 26.31
844 , 26.1
845 , 26.31
846 , 26.01
847 , 26.35
848 , 26.46
849 , 26.33
850 , 26.11
851 , 26.43
852 , 26.08
853 , 28.57
854 , 26.35
855 , 26.16
856 , 26.14
857 , 26.27
858 , 26.17
859 , 26.14
860 , 26.2
861 , 26.31
862 , 26.21
863 , 26.32
864 , 26.3
865 , 26.62
866 , 26.09
867 , 26.32
868 , 26.16
869 , 26.27
870 , 26.14
871 , 26.32
872 , 26.08
873 , 26.37
874 , 26.08
875 , 26.14
876 , 26.2
877 , 26.29
878 , 26.37
879 , 26.13
880 , 26.31
881 , 26.15
882 , 26.04
883 , 26.49
884 , 26.24
885 , 26.18
886 , 26.21
887 , 26.66
888 , 26.16
889 , 26.11
890 , 26.19
891 , 26.24
892 , 26.09
893 , 26.61
894 , 26.06
895 , 26.14
896 , 26.09
897 , 26.63
898 , 26.2
899 , 26.15
900 , 26.13
901 , 23.18
902 , 22.6
903 , 22.89
904 , 22.59
905 , 22.86
906 , 22.64
907 , 22.88
908 , 22.62
909 , 22.86
910 , 22.59
911 , 22.89
912 , 22.58
913 , 22.88
914 , 22.6
915 , 22.93
916 , 22.59
917 , 22.86
918 , 22.57
919 , 22.63
920 , 22.58
921 , 22.61
922 , 22.58
923 , 22.61
924 , 22.64
925 , 22.61
926 , 22.59
927 , 22.61
928 , 22.59
929 , 22.6
930 , 22.58
931 , 22.6
932 , 22.58
933 , 22.67
934 , 22.59
935 , 22.61
936 , 22.58
937 , 22.63
938 , 22.59
939 , 22.61
940 , 22.58
941 , 22.66
942 , 22.59
943 , 22.61
944 , 22.58
945 , 22.59
946 , 22.58
947 , 22.6
948 , 22.58
949 , 22.61
950 , 22.65
951 , 26.75
952 , 25.82
953 , 26.07
954 , 25.86
955 , 25.88
956 , 25.84
957 , 25.86
958 , 25.89
959 , 25.88
960 , 25.88
961 , 26.13
962 , 25.83
963 , 25.87
964 , 25.91
965 , 25.91
966 , 25.88
967 , 25.84
968 , 25.88
969 , 25.86
970 , 25.83
971 , 25.85
972 , 25.91
973 , 25.85
974 , 25.87
975 , 25.87
976 , 25.87
977 , 25.82
978 , 26.07
979 , 25.85
980 , 25.85
981 , 25.8
982 , 25.87
983 , 26.36
984 , 25.79
985 , 25.85
986 , 25.82
987 , 26.14
988 , 25.84
989 , 25.87
990 , 26.02
991 , 25.82
992 , 25.83
993 , 25.85
994 , 25.9
995 , 25.86
996 , 25.8
997 , 25.85
998 , 25.83
999 , 25.83
1000 , 25.84
1001 , 26.59
1002 , 26.11
1003 , 26.25
1004 , 26.09
1005 , 26.31
1006 , 26.47
1007 , 26.33
1008 , 26.45
1009 , 26.53
1010 , 26.02
1011 , 26.27
1012 , 26.36
1013 , 26.38
1014 , 25.99
1015 , 26.28
1016 , 26.31
1017 , 26.11
1018 , 26.65
1019 , 25.97
1020 , 26.34
1021 , 26.11
1022 , 26.61
1023 , 26.08
1024 , 26.8
1025 , 26.15
1026 , 26.3
1027 , 26.36
1028 , 26.68
1029 , 26.2
1030 , 26.77
1031 , 25.89
1032 , 25.83
1033 , 26.56
1034 , 26.6
1035 , 26.38
1036 , 26.32
1037 , 26.46
1038 , 26.28
1039 , 26.35
1040 , 26.4
1041 , 26.43
1042 , 26.42
1043 , 28.62
1044 , 26.39
1045 , 25.93
1046 , 26.08
1047 , 26.3
1048 , 26.18
1049 , 25.98
1050 , 26.21
1051 , 28.0
1052 , 27.97
1053 , 27.93
1054 , 28.01
1055 , 28.39
1056 , 27.93
1057 , 27.94
1058 , 28.14
1059 , 28.17
1060 , 27.97
1061 , 28.11
1062 , 28.05
1063 , 27.89
1064 , 28.04
1065 , 28.08
1066 , 27.94
1067 , 28.35
1068 , 28.03
1069 , 28.03
1070 , 27.86
1071 , 28.01
1072 , 28.03
1073 , 27.95
1074 , 28.27
1075 , 28.06
1076 , 28.02
1077 , 28.37
1078 , 27.93
1079 , 28.01
1080 , 28.21
1081 , 28.25
1082 , 28.01
1083 , 27.96
1084 , 28.42
1085 , 27.99
1086 , 28.04
1087 , 28.07
1088 , 27.91
1089 , 28.01
1090 , 28.37
1091 , 28.15
1092 , 28.26
1093 , 28.14
1094 , 27.98
1095 , 28.04
1096 , 28.39
1097 , 28.02
1098 , 28.31
1099 , 28.02
1100 , 28.02
1101 , 26.44
1102 , 26.47
1103 , 26.11
1104 , 26.08
1105 , 26.54
1106 , 26.28
1107 , 26.42
1108 , 26.24
1109 , 26.28
1110 , 26.45
1111 , 26.22
1112 , 26.47
1113 , 26.52
1114 , 26.09
1115 , 26.3
1116 , 26.45
1117 , 26.27
1118 , 26.41
1119 , 26.22
1120 , 26.49
1121 , 26.26
1122 , 25.96
1123 , 26.34
1124 , 26.36
1125 , 26.54
1126 , 26.55
1127 , 26.0
1128 , 26.21
1129 , 26.26
1130 , 26.18
1131 , 26.33
1132 , 26.31
1133 , 26.3
1134 , 26.08
1135 , 26.21
1136 , 26.0
1137 , 26.47
1138 , 26.42
1139 , 26.14
1140 , 26.01
1141 , 25.98
1142 , 26.47
1143 , 26.16
1144 , 26.27
1145 , 26.39
1146 , 26.61
1147 , 26.07
1148 , 26.42
1149 , 26.62
1150 , 26.26
1151 , 21.76
1152 , 21.74
1153 , 21.47
1154 , 21.49
1155 , 21.72
1156 , 21.5
1157 , 21.47
1158 , 21.78
1159 , 21.47
1160 , 21.5
1161 , 21.68
1162 , 21.51
1163 , 21.46
1164 , 21.72
1165 , 21.5
1166 , 21.5
1167 , 21.77
1168 , 21.49
1169 , 21.47
1170 , 21.66
1171 , 21.47
1172 , 21.5
1173 , 21.73
1174 , 21.52
1175 , 21.46
1176 , 21.64
1177 , 21.53
1178 , 21.49
1179 , 21.72
1180 , 21.49
1181 , 21.7
1182 , 21.71
1183 , 21.46
1184 , 21.49
1185 , 21.84
1186 , 21.69
1187 , 21.47
1188 , 21.65
1189 , 21.47
1190 , 21.5
1191 , 21.74
1192 , 21.55
1193 , 21.47
1194 , 21.73
1195 , 21.52
1196 , 21.48
1197 , 21.73
1198 , 21.49
1199 , 21.45
1200 , 21.64
1201 , 21.48
1202 , 21.52
1203 , 21.68
1204 , 21.59
1205 , 21.48
1206 , 21.66
1207 , 21.45
1208 , 21.49
1209 , 21.7
1210 , 21.5
1211 , 21.44
1212 , 21.73
1213 , 21.47
1214 , 21.57
1215 , 21.67
1216 , 21.49
1217 , 21.46
1218 , 21.67
1219 , 21.47
1220 , 21.48
1221 , 21.69
1222 , 21.49
1223 , 21.5
1224 , 21.63
1225 , 21.47
1226 , 21.49
1227 , 21.73
1228 , 21.51
1229 , 21.46
1230 , 21.68
1231 , 21.48
1232 , 21.56
1233 , 21.67
1234 , 21.49
1235 , 21.44
1236 , 21.71
1237 , 21.46
1238 , 21.52
1239 , 23.78
1240 , 21.69
1241 , 21.54
1242 , 21.68
1243 , 21.47
1244 , 21.5
1245 , 21.71
1246 , 21.49
1247 , 21.46
1248 , 21.7
1249 , 21.48
1250 , 21.48
1251 , 22.91
1252 , 22.58
1253 , 22.59
1254 , 22.62
1255 , 22.69
1256 , 22.67
1257 , 22.8
1258 , 22.6
1259 , 22.7
1260 , 22.73
1261 , 22.67
1262 , 22.62
1263 , 22.86
1264 , 22.68
1265 , 22.58
1266 , 22.54
1267 , 22.56
1268 , 22.74
1269 , 22.85
1270 , 22.58
1271 , 22.5
1272 , 22.94
1273 , 22.66
1274 , 22.58
1275 , 22.83
1276 , 22.59
1277 , 22.75
1278 , 22.68
1279 , 22.65
1280 , 22.68
1281 , 22.88
1282 , 22.62
1283 , 22.7
1284 , 22.7
1285 , 22.67
1286 , 22.71
1287 , 22.77
1288 , 22.61
1289 , 22.64
1290 , 22.72
1291 , 22.56
1292 , 22.68
1293 , 22.82
1294 , 22.61
1295 , 22.77
1296 , 22.69
1297 , 22.59
1298 , 22.55
1299 , 22.8
1300 , 22.56
1301 , 27.65
1302 , 26.03
1303 , 26.23
1304 , 26.29
1305 , 26.28
1306 , 26.13
1307 , 26.25
1308 , 26.03
1309 , 25.98
1310 , 26.44
1311 , 26.49
1312 , 26.54
1313 , 26.38
1314 , 26.62
1315 , 26.53
1316 , 26.28
1317 , 26.05
1318 , 26.16
1319 , 26.1
1320 , 26.22
1321 , 26.44
1322 , 25.86
1323 , 26.3
1324 , 26.48
1325 , 26.28
1326 , 26.1
1327 , 26.3
1328 , 26.27
1329 , 25.93
1330 , 26.2
1331 , 26.24
1332 , 26.81
1333 , 26.13
1334 , 26.27
1335 , 26.44
1336 , 26.31
1337 , 26.38
1338 , 26.27
1339 , 26.28
1340 , 26.54
1341 , 26.1
1342 , 26.03
1343 , 26.67
1344 , 26.02
1345 , 26.2
1346 , 26.01
1347 , 26.11
1348 , 26.13
1349 , 26.21
1350 , 26.34
1351 , 26.19
1352 , 26.13
1353 , 26.22
1354 , 26.39
1355 , 26.13
1356 , 26.15
1357 , 26.18
1358 , 26.03
1359 , 26.08
1360 , 26.07
1361 , 26.2
1362 , 26.11
1363 , 26.11
1364 , 26.12
1365 , 26.16
1366 , 26.07
1367 , 26.17
1368 , 26.19
1369 , 26.2
1370 , 26.08
1371 , 26.12
1372 , 26.13
1373 , 26.1
1374 , 26.14
1375 , 26.28
1376 , 26.14
1377 , 26.2
1378 , 26.1
1379 , 26.19
1380 , 26.1
1381 , 26.24
1382 , 26.17
1383 , 26.14
1384 , 26.37
1385 , 26.23
1386 , 26.21
1387 , 26.1
1388 , 26.13
1389 , 26.14
1390 , 26.12
1391 , 26.13
1392 , 26.14
1393 , 26.1
1394 , 26.13
1395 , 26.19
1396 , 26.13
1397 , 26.22
1398 , 26.11
1399 , 26.16
1400 , 26.15
1401 , 25.01
1402 , 24.83
1403 , 24.71
1404 , 24.82
1405 , 24.78
1406 , 24.76
1407 , 24.78
1408 , 24.72
1409 , 24.73
1410 , 24.8
1411 , 24.77
1412 , 24.82
1413 , 24.81
1414 , 24.78
1415 , 24.79
1416 , 24.75
1417 , 24.81
1418 , 24.75
1419 , 24.76
1420 , 24.81
1421 , 24.86
1422 , 24.78
1423 , 24.83
1424 , 24.99
1425 , 24.79
1426 , 24.8
1427 , 24.73
1428 , 24.76
1429 , 24.87
1430 , 24.8
1431 , 24.8
1432 , 24.79
1433 , 24.75
1434 , 24.81
1435 , 27.56
1436 , 24.96
1437 , 24.88
1438 , 24.8
1439 , 24.79
1440 , 24.8
1441 , 24.73
1442 , 24.76
1443 , 24.8
1444 , 24.65
1445 , 24.86
1446 , 24.81
1447 , 24.66
1448 , 24.68
1449 , 24.76
1450 , 24.68
1451 , 37.14
1452 , 35.98
1453 , 35.64
1454 , 35.94
1455 , 35.62
1456 , 35.94
1457 , 35.72
1458 , 35.88
1459 , 35.61
1460 , 36.02
1461 , 35.6
1462 , 35.95
1463 , 35.71
1464 , 35.94
1465 , 35.64
1466 , 35.95
1467 , 35.79
1468 , 36.01
1469 , 35.64
1470 , 35.94
1471 , 35.57
1472 , 35.93
1473 , 35.72
1474 , 35.92
1475 , 35.64
1476 , 35.93
1477 , 35.66
1478 , 35.93
1479 , 35.66
1480 , 35.93
1481 , 35.88
1482 , 35.94
1483 , 35.58
1484 , 35.97
1485 , 35.62
1486 , 35.93
1487 , 35.85
1488 , 36.04
1489 , 35.65
1490 , 35.86
1491 , 35.63
1492 , 35.94
1493 , 35.76
1494 , 35.93
1495 , 35.95
1496 , 35.91
1497 , 35.63
1498 , 35.95
1499 , 35.61
1500 , 36.01
1501 , 25.21
1502 , 24.89
1503 , 25.14
1504 , 24.92
1505 , 24.93
1506 , 24.86
1507 , 24.9
1508 , 24.96
1509 , 24.95
1510 , 24.82
1511 , 24.93
1512 , 24.95
1513 , 24.93
1514 , 24.89
1515 , 24.96
1516 , 24.98
1517 , 24.91
1518 , 24.9
1519 , 24.9
1520 , 24.87
1521 , 24.91
1522 , 24.88
1523 , 24.98
1524 , 24.92
1525 , 24.89
1526 , 24.89
1527 , 24.85
1528 , 25.29
1529 , 24.88
1530 , 24.95
1531 , 24.86
1532 , 24.87
1533 , 24.89
1534 , 24.88
1535 , 24.87
1536 , 24.87
1537 , 24.87
1538 , 24.98
1539 , 24.92
1540 , 24.87
1541 , 25.05
1542 , 24.88
1543 , 24.82
1544 , 24.86
1545 , 24.87
1546 , 25.28
1547 , 24.87
1548 , 24.86
1549 , 24.99
1550 , 24.91
1551 , 32.1
1552 , 31.87
1553 , 32.01
1554 , 31.93
1555 , 32.1
1556 , 32.0
1557 , 31.98
1558 , 32.47
1559 , 31.93
1560 , 32.15
1561 , 31.97
1562 , 31.83
1563 , 31.98
1564 , 32.38
1565 , 32.38
1566 , 32.03
1567 , 32.2
1568 , 31.85
1569 , 32.02
1570 , 31.94
1571 , 31.96
1572 , 31.9
1573 , 31.85
1574 , 31.82
1575 , 31.86
1576 , 31.88
1577 , 32.1
1578 , 32.29
1579 , 31.92
1580 , 31.76
1581 , 31.86
1582 , 31.81
1583 , 32.13
1584 , 31.98
1585 , 32.22
1586 , 31.98
1587 , 31.9
1588 , 32.14
1589 , 31.85
1590 , 32.37
1591 , 32.09
1592 , 31.97
1593 , 34.36
1594 , 32.23
1595 , 31.87
1596 , 32.18
1597 , 31.91
1598 , 32.46
1599 , 31.89
1600 , 32.06
1601 , 28.06
1602 , 28.23
1603 , 28.09
1604 , 28.12
1605 , 27.95
1606 , 28.58
1607 , 28.21
1608 , 28.17
1609 , 27.95
1610 , 28.06
1611 , 28.34
1612 , 28.15
1613 , 28.37
1614 , 28.49
1615 , 28.09
1616 , 28.18
1617 , 28.44
1618 , 28.46
1619 , 28.08
1620 , 28.28
1621 , 28.1
1622 , 28.08
1623 , 28.14
1624 , 28.07
1625 , 28.06
1626 , 28.17
1627 , 28.08
1628 , 28.14
1629 , 28.16
1630 , 28.22
1631 , 28.12
1632 , 28.27
1633 , 28.05
1634 , 28.05
1635 , 28.16
1636 , 28.08
1637 , 28.04
1638 , 28.24
1639 , 28.06
1640 , 28.04
1641 , 28.0
1642 , 28.09
1643 , 28.09
1644 , 27.99
1645 , 28.01
1646 , 28.13
1647 , 28.09
1648 , 28.22
1649 , 27.94
1650 , 28.19
1651 , 26.11
1652 , 26.34
1653 , 26.11
1654 , 26.66
1655 , 26.04
1656 , 26.4
1657 , 26.18
1658 , 26.19
1659 , 26.5
1660 , 26.12
1661 , 26.0
1662 , 26.21
1663 , 26.3
1664 , 25.94
1665 , 26.27
1666 , 26.06
1667 , 26.44
1668 , 26.11
1669 , 26.53
1670 , 26.25
1671 , 26.41
1672 , 26.73
1673 , 26.37
1674 , 26.14
1675 , 26.33
1676 , 26.74
1677 , 26.28
1678 , 26.13
1679 , 26.37
1680 , 26.0
1681 , 26.15
1682 , 26.16
1683 , 26.31
1684 , 25.9
1685 , 26.09
1686 , 26.37
1687 , 26.41
1688 , 26.08
1689 , 26.12
1690 , 25.99
1691 , 26.16
1692 , 25.99
1693 , 26.14
1694 , 26.18
1695 , 26.47
1696 , 26.07
1697 , 26.31
1698 , 26.18
1699 , 26.16
1700 , 26.13
1701 , 36.15
1702 , 35.77
1703 , 35.8
1704 , 35.86
1705 , 36.1
1706 , 35.82
1707 , 36.13
1708 , 35.91
1709 , 36.14
1710 , 35.89
1711 , 35.81
1712 , 35.83
1713 , 36.4
1714 , 35.88
1715 , 36.18
1716 , 35.86
1717 , 36.22
1718 , 35.78
1719 , 36.19
1720 , 36.88
1721 , 36.2
1722 , 35.93
1723 , 36.17
1724 , 36.54
1725 , 36.31
1726 , 35.84
1727 , 36.34
1728 , 35.95
1729 , 36.05
1730 , 35.92
1731 , 36.17
1732 , 35.94
1733 , 36.16
1734 , 35.88
1735 , 36.23
1736 , 35.92
1737 , 36.06
1738 , 35.81
1739 , 36.07
1740 , 35.88
1741 , 36.22
1742 , 35.88
1743 , 36.18
1744 , 36.66
1745 , 36.17
1746 , 35.9
1747 , 36.31
1748 , 35.82
1749 , 36.39
1750 , 38.08
1751 , 26.55
1752 , 26.22
1753 , 26.08
1754 , 26.64
1755 , 26.33
1756 , 26.58
1757 , 26.14
1758 , 26.23
1759 , 26.1
1760 , 25.94
1761 , 26.03
1762 , 25.95
1763 , 26.12
1764 , 25.99
1765 , 26.4
1766 , 26.04
1767 , 26.28
1768 , 26.22
1769 , 26.0
1770 , 25.89
1771 , 26.5
1772 , 25.98
1773 , 26.44
1774 , 26.42
1775 , 26.21
1776 , 26.11
1777 , 26.32
1778 , 26.21
1779 , 26.46
1780 , 26.01
1781 , 26.25
1782 , 26.58
1783 , 26.18
1784 , 26.21
1785 , 26.08
1786 , 26.18
1787 , 26.12
1788 , 26.41
1789 , 25.9
1790 , 26.06
1791 , 25.98
1792 , 25.9
1793 , 26.05
1794 , 26.03
1795 , 26.12
1796 , 26.56
1797 , 26.12
1798 , 26.02
1799 , 26.07
1800 , 26.33
1801 , 24.58
1802 , 24.65
1803 , 24.67
1804 , 24.75
1805 , 24.57
1806 , 24.74
1807 , 24.58
1808 , 24.76
1809 , 24.59
1810 , 24.66
1811 , 24.9
1812 , 24.74
1813 , 24.59
1814 , 25.0
1815 , 24.57
1816 , 24.74
1817 , 24.61
1818 , 24.76
1819 , 24.64
1820 , 24.71
1821 , 24.64
1822 , 24.6
1823 , 24.92
1824 , 24.59
1825 , 24.88
1826 , 24.81
1827 , 24.66
1828 , 24.7
1829 , 24.71
1830 , 24.74
1831 , 24.93
1832 , 24.72
1833 , 25.09
1834 , 24.79
1835 , 24.86
1836 , 24.7
1837 , 24.86
1838 , 24.73
1839 , 24.94
1840 , 24.69
1841 , 25.07
1842 , 24.72
1843 , 24.85
1844 , 24.74
1845 , 24.95
1846 , 24.69
1847 , 25.09
1848 , 24.62
1849 , 25.04
1850 , 24.66
1851 , 26.21
1852 , 26.2
1853 , 26.13
1854 , 26.15
1855 , 26.19
1856 , 26.24
1857 , 26.2
1858 , 26.13
1859 , 26.09
1860 , 26.54
1861 , 26.13
1862 , 26.2
1863 , 26.25
1864 , 26.08
1865 , 26.19
1866 , 26.16
1867 , 26.21
1868 , 26.17
1869 , 26.19
1870 , 26.17
1871 , 26.21
1872 , 26.13
1873 , 26.21
1874 , 26.15
1875 , 26.14
1876 , 26.17
1877 , 26.18
1878 , 26.27
1879 , 26.49
1880 , 26.12
1881 , 26.49
1882 , 26.14
1883 , 26.4
1884 , 26.13
1885 , 26.33
1886 , 26.18
1887 , 26.54
1888 , 26.7
1889 , 26.14
1890 , 26.16
1891 , 26.19
1892 , 26.34
1893 , 26.23
1894 , 26.33
1895 , 26.19
1896 , 26.45
1897 , 26.3
1898 , 26.21
1899 , 26.28
1900 , 26.16
1901 , 25.84
1902 , 26.52
1903 , 26.35
1904 , 26.02
1905 , 26.3
1906 , 26.12
1907 , 26.53
1908 , 26.94
1909 , 26.63
1910 , 26.25
1911 , 26.45
1912 , 26.29
1913 , 26.16
1914 , 26.24
1915 , 26.12
1916 , 26.31
1917 , 26.09
1918 , 26.32
1919 , 26.02
1920 , 26.12
1921 , 25.97
1922 , 26.44
1923 , 26.19
1924 , 26.25
1925 , 26.19
1926 , 26.59
1927 , 26.1
1928 , 26.67
1929 , 26.18
1930 , 26.3
1931 , 26.44
1932 , 26.29
1933 , 31.2
1934 , 26.58
1935 , 26.37
1936 , 26.17
1937 , 26.09
1938 , 26.12
1939 , 26.0
1940 , 26.23
1941 , 25.95
1942 , 26.64
1943 , 26.32
1944 , 26.1
1945 , 26.45
1946 , 25.98
1947 , 26.28
1948 , 26.02
1949 , 26.12
1950 , 26.15
1951 , 31.85
1952 , 32.02
1953 , 31.83
1954 , 31.98
1955 , 31.81
1956 , 32.06
1957 , 31.88
1958 , 32.29
1959 , 31.84
1960 , 31.99
1961 , 31.82
1962 , 32.09
1963 , 31.84
1964 , 31.87
1965 , 31.88
1966 , 32.0
1967 , 32.17
1968 , 32.12
1969 , 32.05
1970 , 31.85
1971 , 32.2
1972 , 32.05
1973 , 32.16
1974 , 32.04
1975 , 32.2
1976 , 31.94
1977 , 32.16
1978 , 31.84
1979 , 32.15
1980 , 31.91
1981 , 32.05
1982 , 31.88
1983 , 32.0
1984 , 31.76
1985 , 32.07
1986 , 31.82
1987 , 31.86
1988 , 31.86
1989 , 32.1
1990 , 31.97
1991 , 31.93
1992 , 31.82
1993 , 31.9
1994 , 31.82
1995 , 31.89
1996 , 31.78
1997 , 32.18
1998 , 31.95
1999 , 32.05
2000 , 31.98
